,report_fc,cal_fc
count,1776.0,1776.0
mean,1303.2519425675678,1306.4772324953058
std,918.987055977931,994.741022637728
