model,r2,mse,mae,mape,class_name,params
ridge,0.9467612306325018,45949.636790898985,137.79699897968786,0.11551203619808216,Ridge,{'alpha': 0.01}
linear,0.9466739579047687,46024.96066086685,137.80442289292935,0.1153729806534969,LinearRegression,{}
lasso,0.939416821612757,52288.493434476964,148.61015227939902,0.1181480662159897,Lasso,{'alpha': 0.01}
gb,0.9324508266077689,58300.746237634805,151.62210494612245,0.13087962982881912,GradientBoostingRegressor,"{'learning_rate': 0.1, 'loss': 'squared_error', 'max_depth': 3, 'max_features': 'sqrt', 'min_samples_leaf': 20, 'min_samples_split': 20, 'n_estimators': 2000, 'warm_start': True}"
eng,0.7369421725170442,227041.52953663224,246.9258617685706,0.19862942012939525,Calculation,
