model,class_name,r2_mean,mse_mean,mae_mean,mape_mean,params,r2_sd,mse_sd,mae_sd,mape_sd
lasso,Lasso,0.9506805465959874,43832.16922196794,131.39686712026958,0.09174432417085342,{'alpha': 0.005},0.01736932315496362,18192.67599323492,13.957497521078858,0.006575076256932077
gb,GradientBoostingRegressor,0.9269748703804609,69462.12861763529,139.0815295874633,0.09664395786592608,"{'learning_rate': 0.005, 'max_depth': 5}",0.041615218446631186,53823.775478602816,17.335396128023696,0.0072041671284368836
linear,LinearRegression,0.920406976987591,80773.76585520277,130.79267661328578,0.0909759604750619,{},0.17824068789235933,218045.84240139753,25.4675616888448,0.008215709158560309
ridge,Ridge,0.9201440771626679,81091.24158879719,130.8099565284489,0.09097238852022071,{'alpha': 0.005},0.17963170942722884,219733.57137367444,25.54633674246274,0.008226483747741563
