model,2021
eng,1077732.003125762
gb,972371.0356371603
lasso,968101.1414474737
linear,955301.9240121194
report,982486.35
ridge,956513.9704539491
