model,class_name,r2,mse,mae,mape,params
rf,RandomForestRegressor,0.9690150267666433,3.468933953524093e-05,0.0037462748586956523,0.03854722842082456,"{'max_depth': 30, 'n_estimators': 200}"
cb,CatBoostRegressor,0.9563368236502944,4.8883267969115355e-05,0.005322746711614503,0.05747024172290762,"{'depth': 6, 'l2_leaf_reg': 7, 'learning_rate': 0.05}"
gb,GradientBoostingRegressor,0.8961715807144637,0.00011624148463442592,0.007005373751755085,0.07348733132216566,"{'learning_rate': 0.005, 'max_depth': 6}"
linear,LinearRegression,0.7530933922100762,0.00027642519122458376,0.010960986960482148,0.11511654521904953,{}
ridge,Ridge,0.7462289514148741,0.00028411030089600263,0.010879492838390731,0.1146854538765477,{'alpha': 100}
lasso,Lasso,0.6854032240367841,0.00035220796532209456,0.012078895715185521,0.12775622962613511,{'alpha': 0.005}
