r2,mse,mae,mape,class_name,params
0.988371653116564,10315.89531890787,59.24161223300849,0.04684011982313308,GradientBoostingRegressor,"{'learning_rate': 0.01, 'max_depth': 6}"
0.9591112468249612,36273.78007403651,119.29261387850082,0.09633003896693644,Ridge,{'alpha': 1}
0.9588550050213812,36501.10074554356,119.23871686383004,0.09585876890777126,LinearRegression,{}
0.9570647517275326,38089.29430037968,122.62850851683231,0.09887054664337178,Lasso,{'alpha': 0.005}
0.2745804455922818,643543.9414194401,310.64385760665516,0.22783015218003508,Calculation,
