model,class_name,r2_mean,mse_mean,mae_mean,mape_mean,params,r2_sd,mse_sd,mae_sd,mape_sd
ridge,Ridge,0.6708292330074873,0.0021384935291725144,0.012337296802402092,0.12011699229128506,{'alpha': 1000},0.21128223091697157,0.00568332694344783,0.0037099548750787873,0.012027282574593914
lasso,Lasso,0.6528124289022922,0.0021996181432298724,0.0129498176338566,0.1268847300844112,{'alpha': 0.005},0.2140485337503349,0.005815147812798939,0.003959660390955989,0.012658924904878474
gb,GradientBoostingRegressor,0.6318636435444405,0.002060279191992531,0.011863210220256685,0.11540059697788323,"{'learning_rate': 0.005, 'max_depth': 6}",0.1960241748524574,0.005341394391186911,0.0036299989502660513,0.013818962398305067
linear,LinearRegression,0.5065822270685529,0.0022172144953223195,0.015726734745567298,0.1617330639632126,{},0.16574931248381175,0.005438025292785272,0.0027291288014447764,0.024272823436985783
