model,class_name,r2_mean,mse_mean,mae_mean,mape_mean,params,r2_sd,mse_sd,mae_sd,mape_sd
ridge,Ridge,0.9599563225282128,32487.99603527613,118.85614851173885,0.1014403495376421,{'alpha': 0.005},0.008749828989474776,7818.624955214945,12.351134189762707,0.007322510938104572
linear,LinearRegression,0.9599526773346612,32490.987725601997,118.8598014904403,0.10144622144105743,{},0.00875381049761613,7821.727099362634,12.35091389699384,0.007321672049517923
lasso,Lasso,0.9550133692264183,36792.96011183842,124.11021154593601,0.10507661449147636,{'alpha': 0.005},0.00904621862046571,9560.394662209303,12.118448266993159,0.007907240081401942
gb,GradientBoostingRegressor,0.9491036919141734,41686.1695641585,128.39573470719344,0.11254726083652476,"{'learning_rate': 0.05, 'max_depth': 3}",0.010033130512171392,11573.538344610193,13.917028848041776,0.0079993142358606
cb,CatBoostRegressor,0.9479138562447189,43315.27963780436,124.76296540653928,0.10698548996741869,"{'depth': 6, 'l2_leaf_reg': 1, 'learning_rate': 0.05}",0.010553143273943633,13612.697016546175,12.481909194976858,0.006417410718240321
rf,RandomForestRegressor,0.9172672343403243,69634.47745937914,151.51421293597508,0.12593224530641212,"{'max_depth': 50, 'n_estimators': 700}",0.02351723932732846,30485.778272365154,16.979629962381352,0.01024975029031184
