model,r2,mse,mae,mape,class_name,params
ridge,0.7377917410925,0.0003092537801169492,0.011434251819947793,0.12258767509613896,Ridge,{'alpha': 1000}
lasso,0.7284761734338431,0.00032024075102464727,0.011792594619042961,0.12465210463026197,Lasso,{'alpha': 0.005}
gb,0.7112494050319084,0.0003405583537946535,0.01200914019208497,0.1206311728827388,GradientBoostingRegressor,"{'learning_rate': 0.005, 'max_depth': 6}"
eng,0.25923577054280555,0.0008736724735122521,0.01880210831131136,0.19414355343031642,Calculation,
linear,-2.746530216717597,0.00441873431702631,0.047224573862878934,0.4491216927259268,LinearRegression,{}
