model,class_name,r2_mean,mse_mean,mae_mean,mape_mean,params,r2_sd,mse_sd,mae_sd,mape_sd
cb,CatBoostRegressor,0.7416409713730346,0.0018933581435283937,0.010446458570667078,0.09783136288815576,"{'depth': 6, 'l2_leaf_reg': 1, 'learning_rate': 0.01}",0.20540746048789776,0.005172201960917276,0.0038326111122696594,0.010739679056077004
ridge,Ridge,0.6696068252956822,0.002119645217956934,0.012274301192427626,0.12000059164032728,{'alpha': 1000},0.20805105296991908,0.005622349481835718,0.003601180021301552,0.012959850279470152
gb,GradientBoostingRegressor,0.6620393070425193,0.00204289418668078,0.011598232081383077,0.11214122293267256,"{'learning_rate': 0.005, 'max_depth': 6}",0.19824181194377266,0.0053696046194540055,0.0036878961348029513,0.0147158157903271
lasso,Lasso,0.65160996076763,0.0022045385240177223,0.012909238295402777,0.12721109343111095,{'alpha': 0.005},0.21462912835605014,0.005827669949873386,0.0038977320912755267,0.012754657402442181
rf,RandomForestRegressor,0.543977445011018,0.0021087324731917153,0.010995329723866059,0.10019267529828588,"{'max_depth': 10, 'n_estimators': 200}",0.5860970960067038,0.005050309033811349,0.0039327805724847726,0.010789065707534016
linear,LinearRegression,0.46647238587341294,0.002234818821491869,0.016392937820141097,0.16702496776348671,{},0.15710122407208787,0.005374013631526382,0.002559414367694863,0.024024054149275432
