model,mae,te,mse,mape,r2,class_name,params
linear,110.23343150918767,-23376.881917610866,37747.85853753325,0.10449757555365348,0.9464164470906014,LinearRegression,{}
ridge,110.23394847309338,-23377.36879609101,37748.47839390057,0.10449803828648793,0.9464155671968075,Ridge,{'alpha': 0.005}
lasso,111.48868235441225,-23358.965126398314,39361.41604756458,0.10599278693405914,0.9441259822123049,Lasso,{'alpha': 0.005}
rf,120.75925187275544,-9493.07862443647,40587.11056956284,0.11993435330141852,0.9423860936513433,RandomForestRegressor,"{'max_depth': 30, 'n_estimators': 1000}"
cb,126.67201760233294,-8662.944456116707,56197.578344293346,0.11806541767853716,0.9202268412233936,CatBoostRegressor,"{'depth': 6, 'l2_leaf_reg': 7, 'learning_rate': 0.05}"
gb,132.8380676590385,-18734.445962774225,52334.148714563846,0.1284258559527472,0.9257110274526735,GradientBoostingRegressor,"{'learning_rate': 0.01, 'max_depth': 3}"
eng,280.36831545588603,61370.60138610492,386275.95861115825,0.24234791026494437,0.45167649059378234,Calculation,
