model,r2,mse,mae,mape,class_name,params
ridge,0.9491117043845807,48901.95415923086,134.70317557811944,0.1100633359072117,Ridge,{'alpha': 1}
lasso,0.9487537523824677,49245.93408991708,137.86612970739714,0.11119424021039272,Lasso,{'alpha': 0.005}
linear,0.9470488933569314,50884.24672952277,135.31240466010968,0.11000993813797341,LinearRegression,{}
cb,0.9382653726870408,59324.91702435371,140.45957938344688,0.1155811678410838,CatBoostRegressor,"{'depth': 6, 'l2_leaf_reg': 1, 'learning_rate': 0.05}"
gb,0.9316707825418075,65662.09812034231,146.98226086479582,0.11853253859153748,GradientBoostingRegressor,"{'learning_rate': 0.05, 'max_depth': 3}"
rf,0.9202578766175946,76629.51991311234,153.10695723017062,0.12174470737504674,RandomForestRegressor,"{'max_depth': 30, 'n_estimators': 700}"
eng,0.514774542636733,466285.4746049015,309.6549941966246,0.22778769011231972,Calculation,
