r2,mse,mae,mape,class_name,params
0.8721858870656631,106835.82207494917,200.1891913083726,0.16409807084534564,GradientBoostingRegressor,"{'learning_rate': 0.005, 'max_depth': 5}"
0.7413198808170187,216222.62638209216,274.45073778192716,0.227010627276663,Ridge,{'alpha': 100}
0.7318668141739876,224124.14932624737,271.3335146003055,0.22184609123730903,Lasso,{'alpha': 0.01}
0.731822553066414,224161.14580265366,269.35593250271813,0.22031616291488765,LinearRegression,{}
0.2083145593570258,661745.1151056599,347.1932236190591,0.27194801871631485,Calculation,
