model,r2,mse,mae,mape,class_name,params
ridge,0.9371159181877226,60429.50444576364,145.11986206956388,0.11666605798835292,Ridge,{'alpha': 0.005}
linear,0.9371030930388475,60441.828985911605,145.12173852863327,0.11667012654915199,LinearRegression,{}
lasso,0.9333281842055492,64069.39042196992,153.34522836427718,0.12381197027009751,Lasso,{'alpha': 0.005}
gb,0.9069389466016552,89428.56726206941,163.45677752082867,0.13330230481346764,GradientBoostingRegressor,"{'learning_rate': 0.05, 'max_depth': 3}"
eng,0.514774542636733,466285.4746049015,309.6549941966246,0.22778769011231972,Calculation,
