model,class_name,r2,mse,mae,mape,params
cb,CatBoostRegressor,0.9965791249129844,2859.402563195707,36.92139830016178,0.0301426934157188,"{'depth': 6, 'l2_leaf_reg': 1, 'learning_rate': 0.05}"
gb,GradientBoostingRegressor,0.9927364551596779,6071.3701044323225,51.511883743421585,0.0425212734590002,"{'learning_rate': 0.05, 'max_depth': 3}"
rf,RandomForestRegressor,0.9890198040996269,9178.002558786378,53.07622338857053,0.043111934904628765,"{'max_depth': 30, 'n_estimators': 1000}"
ridge,Ridge,0.9645331880489989,29645.599567783738,113.52982723585752,0.09648358116093812,{'alpha': 1}
linear,LinearRegression,0.9643653456101442,29785.893816379838,113.42852859321077,0.09648905345125064,{}
lasso,Lasso,0.9599358091445982,33488.40489941415,118.60799972801402,0.10048667676337314,{'alpha': 0.005}
