model,class_name,r2_mean,mse_mean,mae_mean,mape_mean,params,r2_sd,mse_sd,mae_sd,mape_sd
cb,CatBoostRegressor,0.8138443661771582,0.00020840864026000917,0.009819805727532055,0.10346555030013624,"{'depth': 6, 'l2_leaf_reg': 7, 'learning_rate': 0.05}",0.04028265243935734,7.754345440101736e-05,0.0008553528260599303,0.01776374314752785
linear,LinearRegression,0.8070909279321001,0.00021000965334806073,0.010138982576170609,0.10897092807557543,{},0.048557967516035874,5.4251664026348006e-05,0.0008225830482832098,0.018805823695301323
ridge,Ridge,0.8067019521002694,0.00021068723730140708,0.010206443994802323,0.10986574294642146,{'alpha': 0.005},0.046630964688144295,5.354563612778647e-05,0.0008090482438220471,0.01880658166209167
rf,RandomForestRegressor,0.7915063605682968,0.00023693260469723158,0.0097457367746601,0.09976631141268515,"{'max_depth': 30, 'n_estimators': 1000}",0.0712294137506699,0.00011868783502925577,0.0008054914841413053,0.016666292097907792
gb,GradientBoostingRegressor,0.7904669157982094,0.0002384758662436911,0.009878423341109843,0.10385686056931052,"{'learning_rate': 0.01, 'max_depth': 6}",0.0680351864073289,0.0001194236860990896,0.0008986442132029887,0.019301836539238337
lasso,Lasso,0.6737002294579079,0.0003775017596383936,0.012469737193251234,0.12680051797304157,{'alpha': 0.005},0.0929382201722388,0.00019891879606420218,0.0009609982868203017,0.01731985115880699
