model,class_name,mae,te,mse,mape,r2,params
gb,GradientBoostingRegressor,0.023764262707919134,8.441213981904536,0.0017036327590488603,0.4073231174363356,-5.470656040837526,"{'learning_rate': 0.005, 'max_depth': 4}"
linear,LinearRegression,0.01779540991979481,0.1644723158861019,0.0006735371919256607,0.2781276204398328,-1.5581965811080805,{}
lasso,Lasso,0.011561678784989537,2.216552081523445,0.00025788309002135017,0.18215149233072428,0.020520845579349856,{'alpha': 0.005}
ridge,Ridge,0.016459414033628553,1.0813307434279746,0.0006110324182534642,0.2601786987343628,-1.320793954752748,{'alpha': 100}
