model,class_name,r2_mean,mse_mean,mae_mean,mape_mean,params,r2_sd,mse_sd,mae_sd,mape_sd
gb,GradientBoostingRegressor,0.759224079940601,200647.32829087652,270.8828370352975,0.22254501120957443,"{'learning_rate': 0.005, 'max_depth': 6}",0.04928914853458779,71931.53232068251,24.919983804230313,0.019779030974021547
ridge,Ridge,0.7120578699414923,237667.04299165762,281.1631326337504,0.2272090543564754,{'alpha': 100},0.0929877525783107,96298.3170767464,27.81543646445999,0.02042751962731058
lasso,Lasso,0.6992971053630419,246652.7712454187,277.17522539133074,0.22206837678281044,{'alpha': 0.01},0.12434453333392723,115525.70470010719,28.6763967755022,0.02170556401824218
linear,LinearRegression,0.697520842001042,247825.71691588414,276.7256117749863,0.22134816875500715,{},0.13412034385116298,123243.15876683961,29.566317844011195,0.02181221394726513
