model,r2,mse,mae,mape,class_name,params
ridge,0.9505537793001375,47516.16828132126,132.42713112818865,0.11040927164733591,Ridge,{'alpha': 1}
lasso,0.9501325170577953,47920.98724047286,136.8686853693783,0.11154607063720579,Lasso,{'alpha': 0.005}
gb,0.9481696348143283,49807.25158336649,138.41106060074347,0.11436111790764174,GradientBoostingRegressor,"{'learning_rate': 0.05, 'max_depth': 3}"
linear,0.9478860050584521,50079.810315238145,133.27260989196253,0.112272115164324,LinearRegression,{}
cb,0.9426194764391914,55140.76859656299,140.68038782762036,0.11686799355715052,CatBoostRegressor,"{'depth': 6, 'l2_leaf_reg': 1, 'learning_rate': 0.1}"
rf,0.9285973759508618,68615.53930766252,152.00114181932625,0.12198967263406782,RandomForestRegressor,"{'max_depth': 30, 'n_estimators': 200}"
eng,0.514774542636733,466285.4746049015,309.6549941966246,0.22778769011231972,Calculation,
