model,class_name,mae_mean,te_mean,mse_mean,mape_mean,r2_mean,params,mae_sd,te_sd,mse_sd,mape_sd,r2_sd
ridge,Ridge,136.87860113828938,-2462.4267349069837,48382.621370301866,0.11038375311191449,0.9480919753935123,{'alpha': 1},10.861833118478502,2791.3825307468787,14083.102927520771,0.013109432944016867,0.015570826456942865
linear,LinearRegression,137.23654459722192,-2408.4146601413418,48988.21959229205,0.11050740224586629,0.9473880239307787,{},10.936345278104895,2812.753133883121,14362.146742175551,0.013260860335551431,0.016031756791409765
lasso,Lasso,138.93611362758756,-3569.3011251542034,49705.64125499084,0.11127628981962483,0.9469025542579346,{'alpha': 0.005},11.435013835343497,2903.546285420023,13557.174047499828,0.012746159990172447,0.014424756731274377
gb,GradientBoostingRegressor,140.52706082092624,-3212.325104437337,54940.69580039403,0.12191807159789,0.941918423328546,"{'learning_rate': 0.05, 'max_depth': 3}",14.092596134712176,2864.0858880352807,20214.773690514245,0.015148912617488347,0.01885208948128565
cb,CatBoostRegressor,135.94495256861032,-2920.52474895233,61950.16569213946,0.11306122941699664,0.9374076627685337,"{'depth': 8, 'l2_leaf_reg': 7, 'learning_rate': 0.05}",16.57808868248302,3238.7000996817783,40193.314843708715,0.015965143902501026,0.029292581753420453
rf,RandomForestRegressor,144.5071962951698,-3448.223975153502,63360.900995822674,0.11669981284933596,0.934835377038065,"{'max_depth': 30, 'n_estimators': 200}",13.895719733290722,3299.0696744349834,28821.26447606027,0.01080580615929046,0.02039088747679018
