,report_fc,cal_fc
count,2142.0,2142.0
mean,1317.972404295051,1470.1086023359549
std,937.7783130251757,1293.2171547862458
