model,mae,te,mse,mape,r2,class_name,params
gb,119.02138682692194,3632.661731755202,33901.65835905177,0.09660281790333747,0.9573299533219931,GradientBoostingRegressor,"{'learning_rate': 0.005, 'max_depth': 5}"
rf,119.94923774466437,8811.303004533309,34983.61068151429,0.09629172809687445,0.9559681628274427,RandomForestRegressor,"{'max_depth': 10, 'n_estimators': 200}"
cb,121.5548252600204,5994.787332577309,35185.9479513973,0.09731243034925019,0.9557134926676774,CatBoostRegressor,"{'depth': 10, 'l2_leaf_reg': 15, 'learning_rate': 0.05}"
ridge,137.28828114763232,16519.332457693235,42992.42000716401,0.10991966477667418,0.9458879400801833,Ridge,{'alpha': 1000}
lasso,158.46642512448167,32184.427213074196,50866.144022296685,0.12769090774032604,0.935977741360782,Lasso,{'alpha': 0.005}
linear,143.66023192045455,3300.7484603911853,51145.41206515378,0.11474406071963124,0.9356262429090489,LinearRegression,{}
eng,303.8041831234374,108605.0743258148,310614.0960269266,0.22922206671537074,0.6090480932837004,Calculation,
