model,mae,te,mse,mape,r2,class_name,params
linear,220.67953715821233,-29048.208220745568,115721.46801035524,0.22266404685010774,0.866965487062375,LinearRegression,{}
linearstruct,233.95933137282123,-81010.847679687,121923.80646306419,0.1730074694185154,0.8598352191067645,LinearRegression,{'fit_intercept': False}
eng,265.39022007012505,43568.3326546733,324343.0829126224,0.18528640271209848,0.6271320715002742,Calculation,
