model,class_name,r2,mse,mae,mape,params
cb,CatBoostRegressor,0.978038705037464,2.4586847690700994e-05,0.0038785798364894407,0.04217674068202631,"{'depth': 6, 'l2_leaf_reg': 7, 'learning_rate': 0.05}"
rf,RandomForestRegressor,0.9699175768921724,3.367888625789721e-05,0.0035889033954859544,0.03654799240542366,"{'max_depth': 30, 'n_estimators': 1000}"
gb,GradientBoostingRegressor,0.9489444753000256,5.715939846482248e-05,0.005017679410295767,0.05381251604157263,"{'learning_rate': 0.01, 'max_depth': 6}"
linear,LinearRegression,0.837114306471708,0.0001823592709175949,0.009726024688596723,0.10451110207623057,{}
ridge,Ridge,0.8361201143376058,0.00018347232233911466,0.009798079127675104,0.10553649900812527,{'alpha': 0.005}
lasso,Lasso,0.6674352584325103,0.00037232406659834733,0.012432407985423588,0.12635040932753017,{'alpha': 0.005}
