model,class_name,r2_mean,mse_mean,mae_mean,mape_mean,params,r2_sd,mse_sd,mae_sd,mape_sd
ridge,Ridge,0.9621655804918776,30703.084084772636,115.29807676319348,0.09880502322331663,{'alpha': 1},0.00886540179162441,8077.555409793947,12.290984665917879,0.007637105327043824
linear,LinearRegression,0.9612957315886206,31366.726940670782,115.90482593392964,0.09955683821495612,{},0.009681293604575114,8524.227600754122,12.191537227272587,0.0069926449766036045
lasso,Lasso,0.9592082423170789,33515.088336679284,118.93414619260868,0.1012360928339976,{'alpha': 0.005},0.00818579145849666,9490.671911157377,12.035388849535943,0.007791928165933359
gb,GradientBoostingRegressor,0.9521912844133896,40112.00442019354,123.02812442030283,0.10551604725129911,"{'learning_rate': 0.01, 'max_depth': 3}",0.009448094537038581,14874.517677483593,13.892350085413295,0.007138584725248818
