year,report_target_count,report_target_mean,report_target_std,cal_target_count,cal_target_mean,cal_target_std
2019,699,1313.9962804005722,940.7087659667363,699,1361.5716831952857,1152.9581992697258
2020,723,1275.417897648686,888.8297230316975,723,1548.412194362861,1418.2817241231087
2021,720,1364.564375,980.9705226994196,720,1496.8500043413362,1285.0206615961501
