r2,mse,mae,mape,class_name,params
0.9782626834956595,18169.54344969438,81.33823574623622,0.06899476689388087,GradientBoostingRegressor,"{'learning_rate': 0.05, 'max_depth': 3}"
0.9310584262586363,57626.106669325556,150.48922454511958,0.12271659181156504,LinearRegression,{}
0.9310524691416645,57631.086037208115,150.48854614444926,0.12271434940380359,Ridge,{'alpha': 0.005}
0.9135026814566937,72300.40503117486,162.45031527422032,0.1294756995864444,Lasso,{'alpha': 0.005}
0.2083145593570258,661745.1151056599,347.1932236190591,0.27194801871631485,Calculation,
