model,class_name,mae,te,mse,mape,r2,params
gb,GradientBoostingRegressor,0.011710266108880957,-0.28431301556440575,0.00029248973928543435,0.12395639047308298,0.7470341659340869,"{'learning_rate': 0.005, 'max_depth': 5}"
linear,LinearRegression,0.012473344454589627,-1.1442994798809951,0.0003026039990314606,0.14070746461377465,0.7382866380417803,{}
lasso,Lasso,0.012454786273371583,-2.4314848929180792,0.0003757232445748287,0.1281483079101058,0.6750479378387009,{'alpha': 0.005}
ridge,Ridge,0.011868104138280527,-1.5415799048901746,0.0003132758641614995,0.13014522507956863,0.7290568535363323,{'alpha': 1000}
