r2,mse,mae,mape,class_name,params
0.9948624341008013,4294.330756628569,44.53129704534893,0.03659434385908504,CatBoostRegressor,"{'depth': 6, 'l2_leaf_reg': 7, 'learning_rate': 0.1}"
0.9882107290073435,9854.283140171467,64.44345494938628,0.05535025883781909,GradientBoostingRegressor,"{'learning_rate': 0.05, 'max_depth': 3}"
0.9805580930428802,16250.88235393573,71.05476837269671,0.05579683837218302,RandomForestRegressor,"{'max_depth': 50, 'n_estimators': 200}"
0.9491010525433243,42544.83929389875,133.19673330097532,0.11052314575458377,LinearRegression,{}
0.9490984745027028,42546.99419747567,133.19882468363178,0.110521001307333,Ridge,{'alpha': 0.005}
0.9329821569823744,56018.12028501304,147.0804250533075,0.11988266373894689,Lasso,{'alpha': 0.005}
0.2083145593570258,661745.1151056599,347.1932236190591,0.27194801871631485,Calculation,
