r2,mse,mae,mape,class_name,params
0.8630852411371764,114442.76755899297,201.36724501219413,0.16195993297102654,GradientBoostingRegressor,"{'learning_rate': 0.01, 'max_depth': 3}"
0.7450730269896161,213085.48880384298,258.4578997673385,0.20663797628502417,Ridge,{'alpha': 10}
0.744457976521969,213599.59026588115,257.2558972902792,0.20642553606862396,LinearRegression,{}
0.7395254792602315,217722.51055803144,262.9709412827588,0.2080328295648497,Lasso,{'alpha': 0.01}
0.2083145593570258,661745.1151056599,347.1932236190591,0.27194801871631485,Calculation,
