model,mae,te,mse,mape,r2,class_name,params
cb,133.13706370289785,-387.66119387625463,45066.184723274004,0.10097246570360859,0.9481914804772326,CatBoostRegressor,"{'depth': 8, 'l2_leaf_reg': 1, 'learning_rate': 0.01}"
rf,129.8456333023534,-2491.354256632808,45558.3203538419,0.09771116927316462,0.947625716621679,RandomForestRegressor,"{'max_depth': 10, 'n_estimators': 200}"
gb,137.5327599948958,-1138.6474316140657,47371.82804813801,0.10580208665127044,0.9455408907292376,GradientBoostingRegressor,"{'learning_rate': 0.005, 'max_depth': 4}"
lasso,149.86210912748297,7746.410180659196,58154.091455149064,0.11205741456145026,0.9331454969844181,Lasso,{'alpha': 0.005}
ridge,156.0317122078483,11928.509096429128,62045.70410422821,0.12266640044337034,0.9286716616432884,Ridge,{'alpha': 100}
linear,159.94078663406495,10533.619769231631,64637.21299559768,0.1260625048606374,0.9256924380898331,LinearRegression,{}
eng,265.39022007012505,43568.3326546733,324343.0829126224,0.18528640271209848,0.6271320715002742,Calculation,
