,cb,gb,lasso,linear,rf,ridge,mean,sd
work_sum,1,1,1,1,1,1,1.0,0.0
draught_mean,4,4,2,2,3,2,2.8333333333333335,0.8975274678557507
ME_W_ref_first,2,3,3,3,4,3,3.0,0.5773502691896257
Draught..m.,3,2,5,5,2,5,3.6666666666666665,1.3743685418725535
ME_SFC_base_first,6,5,4,4,6,4,4.833333333333333,0.8975274678557508
Speed..knots.,5,6,6,6,5,6,5.666666666666667,0.4714045207910317
