model,mae,te,mse,mape,r2,class_name,params
cb,118.2971908253576,-5151.796294244114,34260.12887748293,0.09253158567124004,0.9606142262385717,CatBoostRegressor,"{'depth': 8, 'l2_leaf_reg': 1, 'learning_rate': 0.01}"
rf,115.4994071240657,-2256.3342283982242,34346.36671508162,0.09136130679371704,0.9605150863908064,RandomForestRegressor,"{'max_depth': 30, 'n_estimators': 700}"
gb,119.25743722925068,-3073.272911249535,34947.232729564894,0.09522107572119859,0.9598243250398495,GradientBoostingRegressor,"{'learning_rate': 0.005, 'max_depth': 6}"
ridge,148.22734413166532,-4999.603628604918,48995.75454317969,0.11645809505117964,0.9436740092073489,Ridge,{'alpha': 1000}
lasso,151.0014948853575,8410.063330888479,54303.71287469517,0.11394436645305982,0.9375719292435587,Lasso,{'alpha': 0.005}
linear,162.9311003194126,1499.9987783569104,63272.05625691387,0.12510053166137586,0.927261835410286,LinearRegression,{}
eng,265.39022007012505,43568.3326546733,324343.0829126224,0.18528640271209848,0.6271320715002742,Calculation,
