model,class_name,r2,mse,mae,mape,params
cb,CatBoostRegressor,0.9998416833479529,131.94105039938682,8.133908993450143,0.0064389333063794565,"{'depth': 6, 'l2_leaf_reg': 1, 'learning_rate': 0.1}"
rf,RandomForestRegressor,0.9881722863980186,9857.21297342414,57.75459567025161,0.04557538819956934,"{'max_depth': 50, 'n_estimators': 200}"
gb,GradientBoostingRegressor,0.9789472753916723,17545.334383170055,85.27809709954091,0.07048599935854459,"{'learning_rate': 0.01, 'max_depth': 3}"
linear,LinearRegression,0.961951203130842,31709.855914926073,117.44330027582238,0.09871447591851036,{}
ridge,Ridge,0.9610532566467503,32458.204245828,117.65420328625643,0.09954869264388827,{'alpha': 10}
lasso,Lasso,0.9595003936083564,33752.35983693428,120.57019962275825,0.10089691050060556,{'alpha': 0.005}
