r2,mse,mae,mape,class_name,params
0.9727152812337501,22806.443612167037,94.86881937990094,0.07916138661778246,GradientBoostingRegressor,"{'learning_rate': 0.05, 'max_depth': 3}"
0.9112663502347507,74169.6844013716,166.536532162676,0.1350892437743651,LinearRegression,{}
0.9112546736354034,74179.4445058051,166.53996741670613,0.13508733743775556,Ridge,{'alpha': 0.005}
0.8875607245054493,93984.47601121588,179.77885001724314,0.14178890572650063,Lasso,{'alpha': 0.005}
0.2083145593570258,661745.1151056599,347.1932236190591,0.27194801871631485,Calculation,
