model,class_name,mae_mean,te_mean,mse_mean,mape_mean,r2_mean,params,mae_sd,te_sd,mse_sd,mape_sd,r2_sd
linear,LinearRegression,167.11648919194926,-5455.752483554507,69874.47158680625,0.13079103625644606,0.9244436916128429,{},12.919091931239732,3561.355705470369,16965.385297542543,0.007719926632519395,0.014180867869783044
ridge,Ridge,167.04051138615296,-5529.741759142751,69914.53804215234,0.13069561074310074,0.9244286020477481,{'alpha': 0.1},12.901373343176852,3543.111422338093,17062.90724111358,0.007720351070837322,0.014163967665338447
cb,CatBoostRegressor,160.7155492783137,-3225.192506328021,72885.35342072436,0.1330249401193115,0.9222613559939112,"{'depth': 6, 'l2_leaf_reg': 15, 'learning_rate': 0.1}",13.917241010731978,3424.954624072537,27019.118805666374,0.011924738872324267,0.022434119051131695
gb,GradientBoostingRegressor,170.06229240040508,-3680.0721508750516,77352.60067477802,0.1394449615280174,0.9170739633982627,"{'learning_rate': 0.05, 'max_depth': 3}",15.319756034309902,3414.3521703850565,26971.436654113088,0.012792654240441065,0.02258140289798441
lasso,Lasso,180.800108481044,-7939.682728408404,87936.37687300605,0.13830611296503081,0.9057494070596768,{'alpha': 0.005},15.569212583792405,3558.7242847519574,23085.255661005256,0.008675795680004424,0.016482156300829626
rf,RandomForestRegressor,198.4677544791333,-4591.703555360155,111864.39810392704,0.15661650282131592,0.8803928656593392,"{'max_depth': 30, 'n_estimators': 1000}",19.10365076302674,3692.929721366989,36630.26311088107,0.012665367146601138,0.030124901032511194
