r2,mse,mae,mape,class_name,params
0.9785185263500401,17955.692404279725,88.9487605667036,0.07522710151555377,GradientBoostingRegressor,"{'learning_rate': 0.05, 'max_depth': 3}"
0.9180743766936162,68479.06787442697,159.4694926130365,0.12833845373322195,LinearRegression,{}
0.918073330720028,68479.94217105675,159.46955769068768,0.12833826223890382,Ridge,{'alpha': 0.005}
0.9092168005459329,75882.83892602727,164.62553491199645,0.131332942916738,Lasso,{'alpha': 0.005}
0.2083145593570258,661745.1151056599,347.1932236190591,0.27194801871631485,Calculation,
