set,cal_fc_count,cal_fc_mean,cal_fc_std
Test,720,1496.8500043413362,1285.0206615961501
Training,1422,1456.5686519534834,1297.5879183987993
