model,r2,corr,mse,mae,mape,class_name,params
ridge,0.9554173528384176,0.9786831229276581,0.02442944141599177,0.10947752481827808,0.01633877024795106,Ridge,{'alpha': 1}
linear,0.9553471503430173,0.9786832420807945,0.02446790947156551,0.10982690395880916,0.016385059049028886,LinearRegression,{}
lasso,0.9543185223005531,0.978175052699474,0.02503155497272095,0.11109846264039569,0.016565617400453838,Lasso,{'alpha': 0.005}
gb,0.9446719588898778,0.9731265576742235,0.03031747159522731,0.12253069153430303,0.018538736326414368,GradientBoostingRegressor,"{'learning_rate': 0.01, 'max_depth': 6}"
eng,0.8258874182382063,0.927103826486711,0.0877190913486793,0.20067751470272488,0.029284960851771392,,
