model,mae,te,mse,mape,r2,class_name,params
linear,207.73437079677439,-17751.41050756005,110505.31491479481,0.12746900915881415,0.9264100454164764,LinearRegression,{}
ridge,207.83006011239686,-27123.06716405377,117324.28311705745,0.12310701877389205,0.9218690189446012,Ridge,{'alpha': 1}
cb,247.63681861095156,-59404.57199502483,178452.16219895278,0.13762583027523942,0.881161494162718,CatBoostRegressor,"{'learning_rate': 0.1, 'depth': 6, 'l2_leaf_reg': 15}"
gb,262.5306761630988,-63626.022922890654,176260.53124781552,0.1448497624211088,0.8826209897741499,GradientBoostingRegressor,"{'learning_rate': 0.05, 'max_depth': 4}"
lasso,279.24755961760013,-70952.7747367988,230963.8659050104,0.1401222032125583,0.8461918287324913,Lasso,{'alpha': 0.005}
eng,310.819081961299,-36484.38547335662,205986.92553401043,0.19245713276919676,0.862824982612506,Calculation,
rf,313.07558299644626,-83393.49307947376,280686.22909386957,0.16423380677608856,0.8130796978664335,RandomForestRegressor,"{'max_depth': 30, 'n_estimators': 1000}"
