"model","mae","te","mse","mape","r2","class_name","params"
"rf",73.138901299117,1708.68390604332,11911.1627210561,0.065291970998836,0.990355374375539,"RandomForestRegressor","{'max_depth': 10, 'n_estimators': 1000}"
"cb",94.1942109254133,423.707978789968,19228.7092112529,0.081408654403713,0.984430260426522,"CatBoostRegressor","{'learning_rate': 0.01, 'depth': 8, 'l2_leaf_reg': 1}"
"gb",113.447842963079,3111.85978697939,32867.3280678715,0.103444137116799,0.973386890775104,"GradientBoostingRegressor","{'learning_rate': 0.005, 'max_depth': 4}"
"lasso",167.351197471722,11062.8931526391,60469.8419405243,0.149249989760761,0.951036771073933,"Lasso","{'alpha': 0.005}"
"ridge",168.187576629995,8756.99537277523,62840.277665966,0.15155086004821,0.949117397988859,"Ridge","{'alpha': 100}"
"linear",205.642506105167,4586.28709501545,100926.71026077,0.177313326197639,0.918278310961796,"LinearRegression","{}"
"eng",279.143379212106,-58384.429413134,178781.228657918,0.221508857413872,0.855238480115907,"Calculation",
