model,class_name,r2,mse,mae,mape,params
gb,GradientBoostingRegressor,0.8622631756927439,115129.90636971637,201.41181874079834,0.16187569553535067,"{'learning_rate': 0.01, 'max_depth': 3}"
ridge,Ridge,0.7450730269896161,213085.48880384298,258.4578997673385,0.20663797628502417,{'alpha': 10}
linear,LinearRegression,0.744457976521969,213599.59026588115,257.2558972902792,0.20642553606862396,{}
lasso,Lasso,0.7395254792602315,217722.51055803144,262.9709412827588,0.2080328295648497,{'alpha': 0.01}
