model,class_name,mae_mean,te_mean,mse_mean,mape_mean,r2_mean,params,mae_sd,te_sd,mse_sd,mape_sd,r2_sd
gb,GradientBoostingRegressor,0.009095023442202504,-0.0073019528163241155,0.00016493370948636931,0.10013486414321118,0.7699796665579091,"{'learning_rate': 0.005, 'max_depth': 6}",0.0007031106775601389,0.17881130845294418,3.757448867601884e-05,0.011378730181509894,0.05852828335037476
cb,CatBoostRegressor,0.009054065161175998,-0.021079020180977594,0.00016661761163931142,0.09950512827259421,0.7678812353396566,"{'depth': 8, 'l2_leaf_reg': 1, 'learning_rate': 0.01}",0.0007450563006069891,0.18832981902527784,4.218084581256894e-05,0.011011488795574481,0.062294645254999156
rf,RandomForestRegressor,0.00917072117748245,-0.018972534426593583,0.00016706648581695972,0.10046948247882061,0.7670145998533732,"{'max_depth': 10, 'n_estimators': 700}",0.0007524050832498579,0.18610871044364255,3.641948147155313e-05,0.011103243698469722,0.05515359279891943
ridge,Ridge,0.010062558007304694,-0.016011901895486114,0.00019602933984506798,0.10961608939129804,0.7274517820401804,{'alpha': 10},0.0006284373195868005,0.1967547616271679,4.0628785852562086e-05,0.011383630416530646,0.05882367915789946
linear,LinearRegression,0.010066091438730525,-0.015771083433277527,0.00019603225047843228,0.1096635753972754,0.7274203818187067,{},0.000626143737898994,0.19683309351393935,4.054262375729071e-05,0.011372508957214394,0.058854635562440964
lasso,Lasso,0.011138980064668319,-0.032851155517252324,0.0002515128909369376,0.12128407940394778,0.6544153329948479,{'alpha': 0.005},0.0008274164840282526,0.2094031005660363,5.437735468249527e-05,0.011746376029379146,0.053498305370969675
