model,class_name,r2_mean,mse_mean,mae_mean,mape_mean,params,r2_sd,mse_sd,mae_sd,mape_sd
gb,GradientBoostingRegressor,0.7260896397819825,227125.89394423892,281.1760747129352,0.22877085079711584,"{'learning_rate': 0.005, 'max_depth': 3}",0.055173738429885336,75228.41931831883,24.429434943997748,0.02361015316326733
ridge,Ridge,0.6811917184733165,262911.8155909265,290.30959066149256,0.2350844494871956,{'alpha': 100},0.09641914741707353,97277.67980699218,28.977236426356146,0.021529468179344577
lasso,Lasso,0.6688880387122693,275496.4346250619,303.56742864845506,0.24984177313578687,{'alpha': 0.1},0.06310500150416572,87619.88889563567,29.895612827016514,0.020311911622870157
linear,LinearRegression,0.6683504354612636,270969.79697396414,284.8099529046268,0.22833436618935254,{},0.14694382417260213,128242.65939112949,30.719506668909485,0.023911324190851742
