model,class_name,mae,te,mse,mape,r2,params
gb,GradientBoostingRegressor,217.54818917785963,-61806.197690745495,135755.89466098358,0.17814678559979366,0.8375870666345585,"{'learning_rate': 0.1, 'loss': 'squared_error', 'max_depth': 3, 'max_features': 'sqrt', 'min_samples_leaf': 20, 'min_samples_split': 20, 'n_estimators': 2000, 'warm_start': True}"
linear,LinearRegression,284.04776679312647,-66729.0269802472,267200.1122292963,0.22780316918410784,0.680332451632338,{}
ridge,Ridge,284.04805334880797,-66733.74292868827,267198.3521092979,0.22780347100598694,0.6803345573696449,{'alpha': 0.01}
lasso,Lasso,284.7823004706081,-76755.16295659222,263938.58507530345,0.2286192820545195,0.6842344125280608,{'alpha': 0.01}
