model,class_name,r2,corr,mse,mae,mape,params
gb,GradientBoostingRegressor,0.9812863161742991,0.9907222224868744,0.009428079948999819,0.07145311620740755,0.010489394363647651,"{'learning_rate': 0.01, 'max_depth': 6}"
ridge,Ridge,0.9065753008369588,0.9521519489088415,0.04706799265843742,0.15632054468254344,0.02305318465898608,{'alpha': 10}
linear,LinearRegression,0.9063195018392447,0.9520101017538223,0.04719686591630508,0.1560594202704785,0.022980789205524935,{}
lasso,Lasso,0.9051511139464125,0.9514536079193421,0.04778550760586577,0.15710874447251108,0.023174712101095875,{'alpha': 0.005}
