model,r2,mse,mae,mape,class_name,params
gb,0.9854557711415901,12943.818694785197,42.37774611515812,0.026377511891448446,GradientBoostingRegressor,"{'learning_rate': 0.1, 'max_depth': 4}"
ridge,0.9628750772437449,33039.79013896015,121.01238042552741,0.1078450406813253,Ridge,{'alpha': 100}
lasso,0.9596386984623873,35920.04598348502,123.44195777979515,0.10657762439654658,Lasso,{'alpha': 0.005}
linear,0.9591930047143201,36316.69671860082,122.09598308598349,0.10470772120103396,LinearRegression,{}
eng,0.6999647155290702,267020.16050747165,245.82138729567131,0.19524065961190543,Calculation,
