model,r2,mse,mae,mape,class_name,params
cb,0.9567176284218629,38519.688863654155,129.00474202149053,0.11509103416263447,CatBoostRegressor,"{'depth': 6, 'l2_leaf_reg': 1, 'learning_rate': 0.01}"
gb,0.954838343156992,40192.18233038105,130.33292687572455,0.1149348852562637,GradientBoostingRegressor,"{'learning_rate': 0.005, 'max_depth': 6}"
rf,0.9544406646905866,40546.10126400641,131.97670642555954,0.11549098684522963,RandomForestRegressor,"{'max_depth': 30, 'n_estimators': 200}"
ridge,0.9445767162345939,49324.64577619955,140.51872428443332,0.12021632466344537,Ridge,{'alpha': 1000}
lasso,0.9425352713282513,51141.45524752547,145.8248468435008,0.12317062793432752,Lasso,{'alpha': 0.005}
eng,0.6999647155290702,267020.16050747165,245.82138729567131,0.19524065961190543,Calculation,
linear,-30.31184371366416,27866367.613898266,3642.3908469661915,2.8299292045581623,LinearRegression,{}
