model,r2,mse,mae,mape,class_name,params
linear,0.9144506658235328,82210.05572414376,183.8627588482991,0.14456278725998686,LinearRegression,{}
ridge,0.9144505999384588,82210.11903750156,183.8614687189273,0.14455758792272289,Ridge,{'alpha': 0.005}
lasso,0.910109107638192,86382.14828082273,185.3878725816241,0.14455429294877833,Lasso,{'alpha': 0.005}
gb,0.905335469095324,90969.45564439126,176.87865408012715,0.13549807669136082,GradientBoostingRegressor,"{'learning_rate': 0.01, 'max_depth': 3}"
eng,0.514774542636733,466285.4746049015,309.6549941966246,0.22778769011231972,Calculation,
