model,class_name,r2,mse,mae,mape,params
gb,GradientBoostingRegressor,0.9771593318251516,2.5571353170514006e-05,0.003745451947182053,0.04025999853943805,"{'learning_rate': 0.1, 'loss': 'squared_error', 'max_depth': 3, 'max_features': 'sqrt', 'min_samples_leaf': 20, 'min_samples_split': 20, 'n_estimators': 2000, 'warm_start': True}"
cb,CatBoostRegressor,0.9653083362707194,3.8839178368302406e-05,0.004759659514428195,0.05095308563484665,{'verbose': 0}
rf,RandomForestRegressor,0.9403566105658515,6.677397367851915e-05,0.00605896182857485,0.06265077614787577,"{'max_depth': 10, 'n_estimators': 200}"
linear,LinearRegression,0.7530933922100762,0.00027642519122458376,0.010960986960482148,0.11511654521904953,{}
ridge,Ridge,0.7530932625558064,0.0002764253363794933,0.010960585320538653,0.11510868152096024,{'alpha': 0.01}
lasso,Lasso,0.6134911109546388,0.0004327174332056315,0.013904317035972634,0.1494041171916298,{'alpha': 0.01}
