model,class_name,mae_mean,te_mean,mse_mean,mape_mean,r2_mean,params,mae_sd,te_sd,mse_sd,mape_sd,r2_sd
linear,LinearRegression,0.00011878995770167418,2.1408837078488227e-06,3.231210230919488e-08,0.18160478800356397,0.8956685544401263,{},1.5882134030739925e-05,0.0020912795200278057,1.275353965641559e-08,0.02379261782006867,0.032246763043388825
linearstruct,LinearRegression,0.00012199289478636793,-0.00275801791019969,3.419523262439687e-08,0.16098718989172228,0.8885243315971525,{'fit_intercept': False},1.550910917460165e-05,0.0022406473999343137,1.2210556705390751e-08,0.011785469610792689,0.03345990082504236
