model,mae,te,mse,mape,r2,class_name,params
gb,129.54984872538097,43027.844913077744,39561.99800184726,0.11959954941014753,0.9550192757690885,GradientBoostingRegressor,"{'learning_rate': 0.005, 'max_depth': 6}"
ridge,138.558343359934,20995.054219956673,49767.059304795985,0.12304902701156516,0.9434164480199427,Ridge,{'alpha': 100}
linear,140.29549026012774,54503.96904576434,60038.798706315305,0.12392445267213688,0.9317378094089718,LinearRegression,{}
lasso,166.90131122402406,70738.21502133575,64217.78363832616,0.14446545552593784,0.9269864374286401,Lasso,{'alpha': 0.005}
eng,357.6083335845394,282307.4035489422,686498.7840930459,0.28101368639981156,0.21947287670598614,Calculation,
