model,class_name,mae_mean,te_mean,mse_mean,mape_mean,r2_mean,params,mae_sd,te_sd,mse_sd,mape_sd,r2_sd
gb,GradientBoostingRegressor,0.011291735242283421,-0.08462090837045157,0.0014423200856213349,0.10988889493930838,0.7147633440887889,"{'learning_rate': 0.005, 'max_depth': 5}",0.002776188677017342,0.4941678286523336,0.003624002476915824,0.013496647752913746,0.18772729548823702
ridge,Ridge,0.012056110715110709,-0.08007687488761164,0.0016346275804108167,0.11992211878443032,0.6770128574715085,{'alpha': 1000},0.0029686645227757396,0.5141778959684171,0.004071863075517298,0.01246762639082564,0.21196974725781814
linear,LinearRegression,0.012846208332122338,-0.0806896276200698,0.0016183878172565946,0.12640361928057356,0.6444910715373098,{},0.002713387666801333,0.5117887458816499,0.003909591169125278,0.014587662494175683,0.1996321456351809
lasso,Lasso,0.013119966660214595,-0.09390116478494598,0.0016984409359599557,0.13054632362187546,0.6387202521301917,{'alpha': 0.005},0.003095394130599859,0.5172617444478348,0.004132732594953561,0.012778032841352214,0.20637544714250813
rf,RandomForestRegressor,0.011369102393800628,-0.07438636402319877,0.001587516526566276,0.10860163154731126,0.5640281611281037,"{'max_depth': 10, 'n_estimators': 200}",0.002937449589510185,0.5497946315222696,0.003453937105559304,0.01373197207166249,0.591773329059817
cb,CatBoostRegressor,0.011782855694605661,0.03269167634266636,0.001964006827810192,0.11073125078308972,0.2065413135594427,"{'depth': 10, 'l2_leaf_reg': 15, 'learning_rate': 0.05}",0.0029665592807810166,0.5947420991049973,0.0034162587281219487,0.015580867331113912,1.317745630603031
