model,class_name,r2_mean,mse_mean,mae_mean,mape_mean,params,r2_sd,mse_sd,mae_sd,mape_sd
linear,LinearRegression,0.9603721221803502,30909.432128260818,115.6339747757715,0.09680463794962409,{},0.015296351747663275,9368.64037056128,11.546477998003715,0.009178316825423563
ridge,Ridge,0.9603600024548677,30907.88010802915,115.63927606994535,0.0967934971481296,{'alpha': 0.005},0.015436582435319061,9474.138611637056,11.440660697534804,0.009048820549354247
lasso,Lasso,0.9564330342683323,34277.99341432709,120.52994599963299,0.10071657110777017,{'alpha': 0.005},0.016125568993752167,11027.414900800573,12.457728013519661,0.009687508604298505
gb,GradientBoostingRegressor,0.9509621256192488,39050.74523194902,126.35927576492969,0.10814120036004696,"{'learning_rate': 0.05, 'max_depth': 3}",0.017750539789944505,13351.062167694497,14.711100716137727,0.01081737065813016
