model,r2,mse,mae,mape,class_name,params
ridge,0.9550681840530924,39987.63254525789,131.9530191950521,0.11309875848074075,Ridge,{'alpha': 10}
lasso,0.9511051592128384,43514.57615392606,134.18756260178958,0.11267116237066352,Lasso,{'alpha': 0.005}
linear,0.9486561819878474,45694.074118138364,136.57959144917274,0.11327331371367196,LinearRegression,{}
gb,0.9347483137499092,58071.55570587757,136.127511444314,0.1130331790864017,GradientBoostingRegressor,"{'learning_rate': 0.01, 'max_depth': 6}"
eng,0.6999647155290702,267020.16050747165,245.82138729567131,0.19524065961190543,Calculation,
