model,r2,corr,mse,mae,mape,class_name,params
ridge,0.9565546268679996,0.9791991812222341,0.023806262420385922,0.107342146553393,0.016067391516611376,Ridge,{'alpha': 1}
lasso,0.9564142985059777,0.9788187318412376,0.02388315654214128,0.10702080854383607,0.016022727724065936,Lasso,{'alpha': 0.005}
linear,0.9560721235872899,0.9790349760389169,0.024070654204624356,0.10789433836941695,0.016146980320955764,LinearRegression,{}
gb,0.9530410352451785,0.9771982960662612,0.025731564890612423,0.11128373861634287,0.01677461971050619,GradientBoostingRegressor,"{'learning_rate': 0.01, 'max_depth': 6}"
eng,0.8258874182382063,0.927103826486711,0.0877190913486793,0.20067751470272488,0.029284960851771392,,
