,gb,lasso,linear,ridge,mean,sd
rel_power_ship_squared_sum,3,1,1,1,1.5,0.8660254037844386
rel_power_ship_sum,1,2,2,2,1.75,0.4330127018922193
Draught..m.,4,4,4,4,4.0,0.0
cal_fc,2,3,6,5,4.0,1.5811388300841898
rel_power_ship_cubed_sum,5,8,3,3,4.75,2.0463381929681126
ME_W_ref_first,7,7,5,6,6.25,0.82915619758885
Speed..knots.,6,5,7,7,6.25,0.82915619758885
ME_SFC_base_first,8,6,8,8,7.5,0.8660254037844386
