model,r2,mse,mae,mape,class_name,params
cb,0.4093881395066826,0.0026157493727234347,0.011225311676872666,0.10430866840652636,CatBoostRegressor,"{'depth': 6, 'l2_leaf_reg': 7, 'learning_rate': 0.05}"
ridge,0.4001095532667732,0.0026568431227143867,0.012000658986174901,0.11291916256108586,Ridge,{'alpha': 0.005}
linear,0.3994485950518567,0.0026597704276869285,0.011867717135575644,0.11074667811359759,LinearRegression,{}
rf,0.3748016942197223,0.0027689286070322985,0.011524393377555018,0.10605103673083965,RandomForestRegressor,"{'max_depth': 30, 'n_estimators': 1000}"
gb,0.3513016591883794,0.002873007454756199,0.01134368849965625,0.10427187685022238,GradientBoostingRegressor,"{'learning_rate': 0.01, 'max_depth': 6}"
lasso,0.16277975092122343,0.003707948464715849,0.015122999388817207,0.14721585258962508,Lasso,{'alpha': 0.005}
eng,0.02709734335023839,0.004308869638559132,0.019289617750857017,0.1815917574091976,Calculation,
