model,class_name,r2_mean,mse_mean,mae_mean,mape_mean,params,r2_sd,mse_sd,mae_sd,mape_sd
cb,CatBoostRegressor,0.8347230842820592,133750.88214392064,229.24457098374322,0.19143796117872586,"{'depth': 8, 'l2_leaf_reg': 1, 'learning_rate': 0.01}",0.03173176995741999,25409.967618327344,16.32947963234476,0.014794891433999884
gb,GradientBoostingRegressor,0.8248064008515397,141209.95541990612,237.6174333463728,0.1998582830225876,"{'learning_rate': 0.01, 'max_depth': 3}",0.03661100917053009,26272.86692822017,17.26580395067993,0.015847341908940885
rf,RandomForestRegressor,0.8113594004036888,152305.23165586282,246.12744722080052,0.20485160729249766,"{'max_depth': 10, 'n_estimators': 1000}",0.043421338741115055,32660.994657649044,19.360465923526302,0.01680423073524472
linear,LinearRegression,0.8102775611166061,156940.61693939567,243.99370256184372,0.19889091249299967,{},0.029419363640020905,44280.84627799633,19.555818890664977,0.011732438214816523
ridge,Ridge,0.8102736380348686,156943.78505564935,243.9937423622825,0.1988906735377957,{'alpha': 0.005},0.02942087253293618,44281.90011688948,19.555972574728493,0.011732765677693489
lasso,Lasso,0.8038275123971057,162386.157554806,245.43915028438443,0.19956146279544296,{'alpha': 0.005},0.031021256192672597,46625.32196668964,19.725968780937126,0.011958264317626073
