model,mae,te,mse,mape,r2,class_name,params
gb,123.69155016410865,2224.3829572565896,35702.42406307501,0.11248915514132156,0.9371803736373141,GradientBoostingRegressor,"{'learning_rate': 0.005, 'max_depth': 5}"
ridge,143.0220932838255,4816.65485117897,47388.96451034422,0.12676812873405405,0.91661750924825,Ridge,{'alpha': 100}
linear,146.74766968201158,5451.080287372088,48945.55605260261,0.12993203095213093,0.9138786336214513,LinearRegression,{}
lasso,161.03674954438128,9076.92610967931,60513.16890431921,0.13518361845720145,0.8935250263714439,Lasso,{'alpha': 0.005}
eng,501.8676891331509,103612.6042334548,1339585.4509771145,0.3766394726528665,-1.3570460471423935,Calculation,
