,cb,gb,lasso,linear,rf,ridge,mean,sd
work_sum,1,1,1,1,1,1,1.0,0.0
ME_W_ref_first,2,3,2,2,3,2,2.3333333333333335,0.4714045207910317
Draught..m.,4,2,4,4,2,4,3.3333333333333335,0.9428090415820634
Speed..knots.,3,4,3,3,5,3,3.5,0.7637626158259734
ME_SFC_base_first,5,5,5,5,6,5,5.166666666666667,0.37267799624996495
draught_mean,6,6,6,6,4,6,5.666666666666667,0.7453559924999299
