model,mae,te,mse,mape,r2,class_name,params
cb,174.41536764118644,-45612.55712494382,88052.08530014122,0.13429189738042366,0.8987744756228093,CatBoostRegressor,"{'depth': 6, 'l2_leaf_reg': 7, 'learning_rate': 0.05}"
gb,185.55824625462515,-50763.13901226207,85397.63584314013,0.1449570816015263,0.9018260562560423,GradientBoostingRegressor,"{'learning_rate': 0.01, 'max_depth': 4}"
rf,185.66480639710187,-52931.767795453256,85274.55045582064,0.14136591212156788,0.9019675564014632,RandomForestRegressor,"{'max_depth': 10, 'n_estimators': 700}"
linear,212.40460646365375,-64179.71350552428,109536.44097523965,0.15294873618008628,0.8740758536457734,LinearRegression,{}
ridge,212.40560061223673,-64180.468273532446,109537.6224141199,0.15294932646784284,0.8740744954522706,Ridge,{'alpha': 0.005}
lasso,213.6883295443065,-65975.68048346348,112077.49476012065,0.1532653977732858,0.8711546337681471,Lasso,{'alpha': 0.005}
eng,265.39022007012505,43568.3326546733,324343.0829126224,0.18528640271209848,0.6271320715002742,Calculation,
