model,class_name,r2,mse,mae,mape,params
gb,GradientBoostingRegressor,0.8450230593465542,129540.38077060806,220.92906374859265,0.1818850121991086,"{'learning_rate': 0.005, 'max_depth': 4}"
ridge,Ridge,0.7330690901017827,223119.20445624774,276.24216674064036,0.2272974573604073,{'alpha': 100}
linear,LinearRegression,0.7270893386846521,228117.49176416965,270.5556421339737,0.2205113245772056,{}
lasso,Lasso,0.7259588185001142,229062.45825116066,271.6786257683658,0.22113952421321698,{'alpha': 0.005}
