model,class_name,best_cv_mean_score,best_cv_std_score,best_params
ridge,Ridge,0.9613176843393934,0.006537729962923404,{'alpha': 1}
linear,LinearRegression,0.960719729950746,0.006849488382011551,{}
lasso,Lasso,0.9583938194559286,0.005541917988045226,{'alpha': 0.005}
cb,CatBoostRegressor,0.9477483794944718,0.009061457274786142,"{'depth': 6, 'l2_leaf_reg': 1, 'learning_rate': 0.05}"
gb,GradientBoostingRegressor,0.9469197107631597,0.011055697162147165,"{'learning_rate': 0.05, 'max_depth': 3}"
rf,RandomForestRegressor,0.9196451174150923,0.01895122917116034,"{'max_depth': 30, 'n_estimators': 1000}"
