model,mae,te,mse,mape,r2,class_name,params
rf,67.50043492727112,-10030.634608829829,16726.58011929672,0.05418508195940972,0.9864562673681726,RandomForestRegressor,"{'max_depth': 30, 'n_estimators': 1000}"
cb,108.64554598615594,-8883.21161130372,27033.04901555431,0.08796331261666923,0.9781109835077784,CatBoostRegressor,"{'learning_rate': 0.01, 'depth': 6, 'l2_leaf_reg': 1}"
gb,114.4824098658329,-7615.901748073897,37212.831621134836,0.0945055859137336,0.9698682792085862,GradientBoostingRegressor,"{'learning_rate': 0.01, 'max_depth': 3}"
linear,152.4018897777894,-12745.3215223941,57347.48348094749,0.1278766960343321,0.9535649859185472,LinearRegression,{}
ridge,152.40399826481502,-12749.051242924048,57349.81694012883,0.12787683111512446,0.9535630964858578,Ridge,{'alpha': 0.005}
lasso,154.58971070332186,-17436.465151124674,61454.51459784806,0.12706469443558013,0.9502394686304242,Lasso,{'alpha': 0.005}
eng,279.1433792121064,-58384.42941313401,178781.22865791814,0.22150885741387186,0.8552384801159073,Calculation,
