,cb,gb,lasso,linear,rf,ridge,mean,sd
rel_power_ship_sum,1,1,1,1,3,1,1.3333333333333333,0.7453559924999299
cal_fc,2,2,3,4,1,5,2.8333333333333335,1.3437096247164249
rel_power_ship_squared_sum,4,4,2,2,4,2,3.0,1.0
rel_power_ship_cubed_sum,3,3,8,3,2,3,3.6666666666666665,1.9720265943665387
Speed..knots.,5,5,5,7,6,7,5.833333333333333,0.8975274678557508
ME_W_ref_first,7,8,7,5,5,4,6.0,1.4142135623730951
Draught..m.,6,7,4,6,8,6,6.166666666666667,1.2133516482134197
ME_SFC_base_first,8,6,6,8,7,8,7.166666666666667,0.8975274678557508
