model,class_name,r2_mean,mse_mean,mae_mean,mape_mean,params,r2_sd,mse_sd,mae_sd,mape_sd
ridge,Ridge,0.9621655804918776,30703.084084772636,115.29807676319348,0.09880502322331663,{'alpha': 1},0.00886540179162441,8077.555409793947,12.290984665917879,0.007637105327043824
linear,LinearRegression,0.9612957315886206,31366.726940670782,115.90482593392964,0.09955683821495612,{},0.009681293604575114,8524.227600754122,12.191537227272587,0.0069926449766036045
lasso,Lasso,0.9592082423170789,33515.088336679284,118.93414619260868,0.1012360928339976,{'alpha': 0.005},0.00818579145849666,9490.671911157377,12.035388849535943,0.007791928165933359
gb,GradientBoostingRegressor,0.951971344752492,40078.07991061362,123.57966840121031,0.10564508685455583,"{'learning_rate': 0.01, 'max_depth': 3}",0.009266749043349624,13882.179807280101,13.395054542136787,0.007233839826842319
cb,CatBoostRegressor,0.9504601990267846,41574.43956987292,122.82733837796471,0.10409306772890776,"{'depth': 6, 'l2_leaf_reg': 1, 'learning_rate': 0.05}",0.009784218584568145,14690.274702725324,14.856586273656468,0.00770783598246717
rf,RandomForestRegressor,0.9269335529169941,62278.85261470277,144.74457078088017,0.1202959033185172,"{'max_depth': 50, 'n_estimators': 1000}",0.01933289826265264,29201.065158141253,16.445955472212045,0.009429659946155128
