r2,mse,mae,mape,class_name,params
0.9906841378377039,7763.836735904054,56.090392630591765,0.04618643191500516,GradientBoostingRegressor,"{'learning_rate': 0.01, 'max_depth': 6}"
0.9653369451376264,28888.179540520916,112.10524938431523,0.09338582762307059,LinearRegression,{}
0.9652910823818048,28926.40154748646,112.20578617245619,0.09347650113858996,Ridge,{'alpha': 0.005}
0.9600891687033734,33261.67484908861,118.55234606892915,0.09895215859560164,Lasso,{'alpha': 0.005}
0.8319371938209255,140063.49233387833,230.9793072618494,0.18644163563131916,Calculation,
