model,class_name,r2,mse,mae,mape,params
gb,GradientBoostingRegressor,0.9872128987396787,10656.766360542553,65.95982697013211,0.05408136963942581,"{'learning_rate': 0.01, 'max_depth': 5}"
ridge,Ridge,0.7441279816027061,213243.6634971859,249.57320656094126,0.25551208336267983,{'alpha': 1000}
lasso,Lasso,0.6803451133272518,266400.28681461915,280.96141884415016,0.2935956979954071,{'alpha': 0.1}
linear,LinearRegression,0.5001091491394121,416608.88538707263,263.0198579925367,0.21397284786710602,{}
