model,class_name,r2_mean,mse_mean,mae_mean,mape_mean,params,r2_sd,mse_sd,mae_sd,mape_sd
gb,GradientBoostingRegressor,0.9519301722623866,38013.60527529232,125.50429070306679,0.1086815729405428,"{'learning_rate': 0.05, 'max_depth': 3}",0.017474035152546637,11821.717580817127,13.867110333785988,0.010972897292075167
cb,CatBoostRegressor,0.9518536122559721,38292.08232062483,123.89427997476182,0.10653173333891366,"{'depth': 6, 'l2_leaf_reg': 1, 'learning_rate': 0.05}",0.016457586283714676,11888.985901814973,11.480503005433214,0.011379505843559576
rf,RandomForestRegressor,0.9105207294639418,72032.11910223971,158.99857961566437,0.12749007407090118,"{'max_depth': 30, 'n_estimators': 200}",0.02748642056605983,21855.648970493145,20.590063924424218,0.013606793918764577
ridge,Ridge,0.7455075911083537,210240.232710793,252.11909131687653,0.26110877505395497,{'alpha': 1000},0.15338046949612066,135528.45338733372,33.48599930339581,0.04653069028956413
lasso,Lasso,0.6605771073684225,283464.65326004016,283.8788535413352,0.29756596659958895,{'alpha': 0.1},0.22316086695920007,202263.62550950045,35.076607013087134,0.06195520869587915
linear,LinearRegression,0.3178907770917036,605030.8911352666,280.4991662958855,0.22286351987629432,{},0.5556832116931801,569115.9322187944,54.8844758203459,0.02885287921195448
