model,r2,mse,mae,mape,class_name,params
rf,0.9585609452808943,36879.20593034645,125.22485561000805,0.10686627982722251,RandomForestRegressor,"{'max_depth': 50, 'n_estimators': 200}"
cb,0.95282848255529,41980.88295407756,129.79657341995542,0.10972812108325339,CatBoostRegressor,"{'depth': 6, 'l2_leaf_reg': 1, 'learning_rate': 0.05}"
gb,0.9404117051074303,53031.34961155589,142.57793187533517,0.1253997122922491,GradientBoostingRegressor,"{'learning_rate': 0.01, 'max_depth': 4}"
lasso,0.9389970018496829,54290.38250037187,145.7284479147312,0.11983421619439902,Lasso,{'alpha': 0.005}
ridge,0.9378863153433539,55278.85187228738,146.04487485029378,0.12276633153306334,Ridge,{'alpha': 1000}
eng,0.6999647155290702,267020.16050747165,245.82138729567131,0.19524065961190543,Calculation,
linear,-112.51580784641989,101024815.41374564,6623.668517919182,4.9884068454128165,LinearRegression,{}
