model,r2,mse,mae,mape,class_name,params
lasso,0.9450496494741214,48903.75291437956,149.47234971126215,0.13226223338114493,Lasso,{'alpha': 0.005}
ridge,0.9313463289170468,61099.19473079002,148.4370018774733,0.1344469922896273,Ridge,{'alpha': 1000}
gb,0.9214734491423505,69885.68778196251,165.83264830223686,0.15232094109106215,GradientBoostingRegressor,"{'learning_rate': 0.005, 'max_depth': 6}"
linear,0.8072046341239005,171580.65136275892,217.74538061456605,0.1856763892172297,LinearRegression,{}
eng,0.6999647155290702,267020.16050747165,245.82138729567131,0.19524065961190543,Calculation,
