model,r2,mse,mae,mape,class_name,params
gb,0.9374078358733474,55704.68067140993,133.847545001489,0.1114120782611494,GradientBoostingRegressor,"{'learning_rate': 0.01, 'max_depth': 5}"
eng,0.6999647155290702,267020.16050747165,245.82138729567131,0.19524065961190543,Calculation,
linear,0.5267904852626992,421138.7364043825,312.99181155830905,0.25354140171115924,LinearRegression,{}
ridge,0.47930333137541403,463400.52396508673,301.96539821710115,0.29660638132469913,Ridge,{'alpha': 1000}
lasso,0.02370977604555935,868861.7165873641,340.41860198507396,0.3424093243346621,Lasso,{'alpha': 0.1}
