model,mae,te,mse,mape,r2,class_name,params
ridge,115.85436562287993,-25664.127082478324,36142.631872757614,0.11137961728607185,0.9303382846093884,Ridge,{'alpha': 1}
lasso,117.67007978112818,-30505.577728550845,36594.637683471134,0.11137279031272469,0.9294670835233224,Lasso,{'alpha': 0.005}
linear,130.86078707753845,-46200.45128951716,47919.057222363386,0.11725249611604449,0.9076402698684816,LinearRegression,{}
gb,155.944284218694,7953.139990418629,60006.7923327508,0.16837004946901096,0.8843422331914236,GradientBoostingRegressor,"{'learning_rate': 0.05, 'max_depth': 3}"
cb,157.0880869056113,-8450.258334865077,68902.84748288886,0.16059974337303226,0.8671958763862566,CatBoostRegressor,"{'depth': 6, 'l2_leaf_reg': 1, 'learning_rate': 0.05}"
rf,195.7482949405053,51004.78106749489,118385.41532442613,0.19586522269682707,0.7718226182928969,RandomForestRegressor,"{'max_depth': 30, 'n_estimators': 700}"
eng,341.81525130625437,104999.28719350879,910301.3556092082,0.2980186077823141,-0.7545250765740188,Calculation,
