model,r2,mse,mae,mape,class_name,params
cb,0.9559269049126217,36345.243774544964,119.45480836939147,0.10435848479129956,CatBoostRegressor,"{'depth': 6, 'l2_leaf_reg': 15, 'learning_rate': 0.05}"
rf,0.9544080710912117,37597.762695277044,122.67952590537725,0.10642449027153907,RandomForestRegressor,"{'max_depth': 30, 'n_estimators': 200}"
gb,0.9543795056453844,37621.31942733918,121.0954928855238,0.10457790956259591,GradientBoostingRegressor,"{'learning_rate': 0.005, 'max_depth': 6}"
linear,0.9475452010202132,43257.28547734963,137.88601021153133,0.1217028540722386,LinearRegression,{}
ridge,0.9465429193043617,44083.82541563105,137.24391242923608,0.12130947027956664,Ridge,{'alpha': 100}
lasso,0.9256626568208873,61302.90722810158,167.75494543493204,0.14312899762238562,Lasso,{'alpha': 0.005}
eng,0.8406635462586949,131398.12944649984,223.3554688886563,0.18245412082952348,Calculation,
