model,class_name,r2_mean,mse_mean,mae_mean,mape_mean,params,r2_sd,mse_sd,mae_sd,mape_sd
gb,GradientBoostingRegressor,0.8067280320578314,162117.97923499544,240.08897195768938,0.1851738530766141,"{'learning_rate': 0.005, 'max_depth': 3}",0.03849583357414014,58154.585721980075,22.620910868738125,0.013864655427521223
linear,LinearRegression,0.7939977051476698,171573.37929935276,242.65549998740119,0.18492978621364564,{},0.03456642333526041,53641.17405035178,21.22420969299625,0.011821248111145126
ridge,Ridge,0.7939704552633969,171607.39145796085,242.66115228197611,0.18494260053105696,{'alpha': 1},0.03453201541280585,53671.65787737607,21.22538794556417,0.01181694245211977
lasso,Lasso,0.7932922604153634,172359.82546620883,242.91112501799984,0.18525595464657263,{'alpha': 0.005},0.03390507544937176,54183.90998801089,21.240319998539185,0.011698630471921457
