r2,mse,mae,mape,class_name,params
0.8931357162099433,89324.51469601571,190.68830926733708,0.1478881298841773,RandomForestRegressor,"{'max_depth': 10, 'n_estimators': 700}"
0.772558369404748,190111.35015421952,257.86298049512266,0.20976184456275546,GradientBoostingRegressor,"{'learning_rate': 0.005, 'max_depth': 3}"
0.7551993827434025,204621.18453616826,267.9944460043704,0.21936492535634797,CatBoostRegressor,"{'depth': 6, 'l2_leaf_reg': 15, 'learning_rate': 0.01}"
0.6889847811750072,259967.90039968936,288.878541038788,0.23362054286595635,Ridge,{'alpha': 100}
0.680332451632338,267200.1122292963,284.04776679312647,0.22780316918410784,LinearRegression,{}
0.672941344980552,273378.1072648903,302.9514762887829,0.24919623942143238,Lasso,{'alpha': 0.1}
0.2083145593570258,661745.1151056599,347.1932236190591,0.27194801871631485,Calculation,
