model,class_name,r2,corr,mse,mae,mape,params
gb,GradientBoostingRegressor,0.9980167521243086,0.9990133744298904,0.0009991736370485813,0.023400187233958467,0.003422431609395202,"{'learning_rate': 0.1, 'loss': 'squared_error', 'max_depth': 3, 'max_features': 'sqrt', 'min_samples_leaf': 20, 'min_samples_split': 20, 'n_estimators': 2000, 'warm_start': True}"
linear,LinearRegression,0.9665695499840419,0.9831426905510929,0.016842485873819715,0.09805420616969869,0.01450259380274992,{}
ridge,Ridge,0.9665695468845761,0.9831426890045367,0.016842487435351414,0.09805386149294407,0.014502531235363634,{'alpha': 0.01}
lasso,Lasso,0.9647507095298429,0.9824145975880919,0.017758829944628046,0.10179726932402183,0.015032225745798378,{'alpha': 0.01}
