model,mae,te,mse,mape,r2,class_name,params
linear,381.5144583389552,189626.0478722788,426318.969483286,0.379027729354788,0.26149193950709093,LinearRegression,{}
linearstruct,371.12960590466656,177260.3525840675,476705.8596046535,0.31527438126072754,0.17420723682801098,LinearRegression,{'fit_intercept': False}
eng,489.77705754034855,232086.75863626137,1569399.7501911845,0.3922135089140644,-1.718655393299798,Calculation,
