model,class_name,r2,mse,mae,mape,params
gb,GradientBoostingRegressor,0.9882381740938885,10434.309022850024,59.45701344227253,0.04706064867329312,"{'learning_rate': 0.01, 'max_depth': 6}"
ridge,Ridge,0.9591112468249612,36273.78007403651,119.29261387850082,0.09633003896693644,{'alpha': 1}
linear,LinearRegression,0.9588550050213812,36501.10074554356,119.23871686383004,0.09585876890777126,{}
lasso,Lasso,0.9570647517275326,38089.29430037968,122.62850851683231,0.09887054664337178,{'alpha': 0.005}
