model,class_name,r2,mse,mae,mape,params
gb,GradientBoostingRegressor,0.9036746503341778,80515.34906393272,186.20136319843132,0.1587962006208642,"{'learning_rate': 0.01, 'max_depth': 3}"
linear,LinearRegression,0.8155635204998428,154164.68851238483,243.4830754696975,0.19822855237914272,{}
ridge,Ridge,0.8155600760248366,154167.56764138278,243.48304387837337,0.19822821331414966,{'alpha': 0.005}
lasso,Lasso,0.8082061465942345,160314.4873997914,244.83239981277646,0.19895852359912133,{'alpha': 0.005}
