,cb,gb,lasso,linear,rf,ridge,mean,sd
rel_power_ship_sum,2,2,2,2,2,2,2.0,0.0
cal_fc,1,1,3,4,1,4,2.3333333333333335,1.3743685418725535
rel_power_ship_squared_sum,3,3,1,1,6,1,2.5,1.8027756377319946
rel_power_ship_cubed_sum,4,4,5,3,3,3,3.6666666666666665,0.7453559924999298
ME_W_ref_first,5,5,4,5,4,5,4.666666666666667,0.4714045207910317
ME_SFC_base_first,6,6,6,6,5,6,5.833333333333333,0.37267799624996495
