model,2021
eng,1077732.003125762
gb,924515.0204970364
lasso,914105.2790239367
linear,916884.4215622081
report,982486.35
ridge,916883.12100054
