model,class_name,r2,mse,mae,mape,params
gb,GradientBoostingRegressor,0.9784024233624476,18052.739262721505,88.90882514148379,0.07526677216893339,"{'learning_rate': 0.05, 'max_depth': 3}"
linear,LinearRegression,0.9180743766936162,68479.06787442697,159.4694926130365,0.12833845373322195,{}
ridge,Ridge,0.918073330720028,68479.94217105675,159.46955769068768,0.12833826223890382,{'alpha': 0.005}
lasso,Lasso,0.9092168005459329,75882.83892602727,164.62553491199645,0.131332942916738,{'alpha': 0.005}
