,cb,gb,lasso,linear,rf,ridge,mean,sd
distance_sum,1,1,1,1,1,1,1.0,0.0
ME_W_ref_first,3,3,2,2,2,2,2.3333333333333335,0.4714045207910317
draught_mean,2,2,4,4,3,4,3.1666666666666665,0.8975274678557507
Draught..m.,4,5,3,3,4,3,3.6666666666666665,0.7453559924999298
speed_mean,6,4,5,5,7,5,5.333333333333333,0.9428090415820634
Speed..knots.,7,6,6,6,6,6,6.166666666666667,0.3726779962499649
ME_SFC_base_first,5,7,7,7,5,7,6.333333333333333,0.9428090415820634
