model,class_name,r2,mse,mae,mape,params
gb,GradientBoostingRegressor,0.9879735804157915,10052.508235591,61.46774984560369,0.05215469169919805,"{'learning_rate': 0.1, 'loss': 'squared_error', 'max_depth': 3, 'max_features': 'sqrt', 'min_samples_leaf': 20, 'min_samples_split': 20, 'n_estimators': 2000, 'warm_start': True}"
cb,CatBoostRegressor,0.9837962239304616,13544.229955238836,79.41511991749819,0.06488990173568689,{'verbose': 0}
rf,RandomForestRegressor,0.9709620609506525,24271.905648581032,96.2623319551701,0.07530468214837481,"{'max_depth': 10, 'n_estimators': 200}"
linear,LinearRegression,0.9310584262586363,57626.106669325556,150.48922454511958,0.12271659181156504,{}
ridge,Ridge,0.931046450757231,57636.11661664687,150.48786792273393,0.12271211356419173,{'alpha': 0.01}
lasso,Lasso,0.8888395085541803,92915.58039424522,181.20697246253008,0.14351645586055278,{'alpha': 0.01}
