mae,te,mse,mape,r2,class_name,params
61.38866235625667,-12253.536589130988,9338.271681111062,0.05125881337692476,0.989382684280461,GradientBoostingRegressor,"{'learning_rate': 0.05, 'max_depth': 5}"
63.79683940789212,-12326.726769919162,8559.624968516193,0.0541819828933855,0.9902679806462031,CatBoostRegressor,"{'depth': 6, 'l2_leaf_reg': 7, 'learning_rate': 0.1}"
71.11456836852008,-28136.124244718245,16652.774115278655,0.056840624390217184,0.9810663293566712,RandomForestRegressor,"{'max_depth': 30, 'n_estimators': 1000}"
155.410574940173,-52617.156913497514,61444.42858058116,0.1301320146137641,0.930139653275853,Ridge,{'alpha': 0.1}
155.5385946877311,-51948.75791044094,61414.85780722022,0.13021731437481437,0.9301732742977685,LinearRegression,{}
167.77852769609626,-76148.6182447829,78032.93526171887,0.13741368011502195,0.9112790526461263,Lasso,{'alpha': 0.005}
357.6083335845394,282307.4035489422,686498.7840930459,0.28101368639981156,0.21947287670598614,Calculation,
