r2,mse,mae,mape,class_name,params
0.9453657224497742,45667.084968527386,144.7761558670287,0.11648303760467354,RandomForestRegressor,"{'max_depth': 10, 'n_estimators': 1000}"
0.9034582935259625,80696.19495752403,188.69641629368664,0.15695371108089762,CatBoostRegressor,"{'depth': 8, 'l2_leaf_reg': 1, 'learning_rate': 0.01}"
0.9000524245029574,83543.05442083925,188.814263788685,0.16133918366869499,GradientBoostingRegressor,"{'learning_rate': 0.01, 'max_depth': 3}"
0.8141079211375833,155381.37852343745,242.9168750746998,0.19800437169822235,LinearRegression,{}
0.814104750389161,155384.02885293958,242.91701640570838,0.19800409231003213,Ridge,{'alpha': 0.005}
0.8072238944030696,161135.52130535018,244.63429467729375,0.19895619462722205,Lasso,{'alpha': 0.005}
0.2083145593570258,661745.1151056599,347.1932236190591,0.27194801871631485,Calculation,
