model,mae,te,mse,mape,r2,class_name,params
gb,150.5652054778561,-14029.551635188283,58457.97004062736,0.12395639047308298,0.9391675340658502,GradientBoostingRegressor,"{'learning_rate': 0.005, 'max_depth': 5}"
lasso,158.22612935864794,-18066.72289636492,58873.618536899136,0.1281483079101058,0.938735002402974,Lasso,{'alpha': 0.005}
ridge,156.32348999133524,-29767.360942420688,63278.8370284597,0.13014522507956863,0.9341508489738676,Ridge,{'alpha': 1000}
linear,172.14424614158207,-31181.80396720391,92648.9889900116,0.14070746461377465,0.9035877150258326,LinearRegression,{}
eng,309.6549941966246,95245.65312576215,466285.4746049015,0.22778769011231972,0.514774542636733,Calculation,
