model,r2,mse,mae,mape,class_name,params
ridge,0.7427050105184059,0.0003034589697283471,0.01173224273274158,0.13140455372561563,Ridge,{'alpha': 1000}
lasso,0.7320311114664895,0.0003160479844456767,0.012008659332714656,0.13041783115478145,Lasso,{'alpha': 0.005}
gb,0.6520761747313373,0.000410348471117533,0.013755328459779302,0.14736421180163292,GradientBoostingRegressor,"{'learning_rate': 0.005, 'max_depth': 5}"
rf,0.6479152835208744,0.0004152559112601601,0.01057621804710531,0.1064368045475281,RandomForestRegressor,"{'max_depth': 10, 'n_estimators': 700}"
linear,0.6240671397840778,0.0004433828994416363,0.01566110404564696,0.1796212387658112,LinearRegression,{}
eng,0.25923577054280555,0.0008736724735122521,0.01880210831131136,0.19414355343031642,Calculation,
cb,-0.7060853218119323,0.0020121919010892392,0.011732843969413367,0.11151757784150935,CatBoostRegressor,"{'depth': 6, 'l2_leaf_reg': 1, 'learning_rate': 0.01}"
