r2,mse,mae,mape,class_name,params
0.9915409929742175,7070.61958018299,54.54945334524065,0.04470727126595276,GradientBoostingRegressor,"{'learning_rate': 0.05, 'max_depth': 3}"
0.9643003000627605,29840.263356390125,113.88667952988946,0.09664867395693873,Ridge,{'alpha': 1}
0.9641143077933872,29995.728481029993,113.64692661986543,0.0965398385427958,LinearRegression,{}
0.9597290802351209,33661.20313337762,118.78871656522482,0.1005804265063517,Lasso,{'alpha': 0.005}
0.2083145593570258,661745.1151056599,347.1932236190591,0.27194801871631485,Calculation,
