model,class_name,r2_mean,rmse_mean,mae_mean,mape_mean,params,r2_sd,rmse_sd,mae_sd,mape_sd
gb,GradientBoostingRegressor,0.6979787589694387,0.0019329165202968321,0.011209849342719742,0.10726516430925596,"{'learning_rate': 0.01, 'max_depth': 4}",0.19256706182216998,0.005142145517148864,0.003674932591586216,0.01282526351611061
ridge,Ridge,0.6640994673849586,0.002033625652653328,0.012610043633034819,0.12431164774876398,{'alpha': 100},0.18887968775986458,0.0053508745677539795,0.0034354437780253246,0.016097818296941478
lasso,Lasso,0.6426724872470176,0.0022045952697623454,0.013043490342320154,0.12458376993946986,{'alpha': 0.005},0.20462015959144686,0.005802626407677797,0.004012042584856197,0.011508228362660246
linear,LinearRegression,0.6174261651169485,0.002021787239867268,0.013294254863408513,0.13293668611613993,{},0.18160102120334498,0.005178380690570007,0.003299639800923432,0.019068846158609685
