model,class_name,mae_mean,te_mean,mse_mean,mape_mean,r2_mean,params,mae_sd,te_sd,mse_sd,mape_sd,r2_sd
linear,LinearRegression,0.00011104421043867529,-7.610815609307176e-06,2.8460216014463873e-08,0.1728995170845515,0.8926944804976203,{},1.1362403921228783e-05,0.0013521764083586833,1.0931141497568259e-08,0.024156738564381018,0.03610403869272081
linearstruct,LinearRegression,0.00011227290307867151,-0.0009361979158730639,2.9129080372491505e-08,0.1649833630591562,0.8890960629758072,{'fit_intercept': False},1.2445644656165748e-05,0.00138391965025851,1.0708851607496218e-08,0.01960110160042855,0.03968518264711833
