model,class_name,r2_mean,mse_mean,mae_mean,mape_mean,params,r2_sd,mse_sd,mae_sd,mape_sd
linear,LinearRegression,0.9289882137819221,58814.85351039374,151.85150794652705,0.12388643755451671,{},0.015483768323020855,19111.062666293106,17.375341635117465,0.009065268614971962
ridge,Ridge,0.9289821839356349,58820.38064799749,151.84975728433218,0.12388367960062939,{'alpha': 0.005},0.015479491381926003,19112.26983532799,17.37368318630645,0.009064183208752286
gb,GradientBoostingRegressor,0.911540488252365,71437.11212227675,161.66937367914508,0.1377326126374706,"{'learning_rate': 0.05, 'max_depth': 3}",0.029525591682114216,24713.96345517864,19.18214024639009,0.012050705977862572
lasso,Lasso,0.9114825036598894,73584.88472746688,163.86921665403952,0.13070080087274802,{'alpha': 0.005},0.016500789623041495,23421.011081965196,17.152581513140433,0.009492526658930422
