model,class_name,mae_mean,te_mean,mse_mean,mape_mean,r2_mean,params,mae_sd,te_sd,mse_sd,mape_sd,r2_sd
gb,GradientBoostingRegressor,0.011187415157237974,-0.07605922416411952,0.0012296556192275842,0.1122749144457795,0.7033348177038106,"{'learning_rate': 0.005, 'max_depth': 5}",0.0019178352804673038,0.4551690171814667,0.002980102054103131,0.009485994750735346,0.17162495126811567
ridge,Ridge,0.012347363593811935,-0.07754658794110386,0.0014331554777185288,0.12711443937266273,0.6475939848666711,{'alpha': 100},0.0021009876929545855,0.5071296290304028,0.0034098895894741745,0.012712810399752498,0.1978286435624172
linear,LinearRegression,0.012582714791066098,-0.07245614110098733,0.0014310229940166638,0.1300813259056282,0.6417843752890985,{},0.0020265365406707783,0.5162818342579573,0.0033861529168533657,0.013365248947305801,0.19320642954814893
lasso,Lasso,0.012887657421903155,-0.1027768252777148,0.0015015766871519767,0.12907656924848734,0.6133988340098696,{'alpha': 0.005},0.0023955311744750145,0.4892066267202678,0.0034939845670543834,0.009543349889711178,0.20183294523180462
