model,r2,mse,mae,mape,class_name,params
gb,0.8047760577199679,187603.69473387807,269.7332961040905,0.20756976158632817,GradientBoostingRegressor,"{'learning_rate': 0.005, 'max_depth': 6}"
linear,0.7851108844555112,206501.27009736493,262.3743930436213,0.20490503695469306,LinearRegression,{}
lasso,0.7841302796979233,207443.59855077384,263.84775060790497,0.20626259693956983,Lasso,{'alpha': 0.01}
ridge,0.7775928489837971,213725.8513406369,274.71908525665333,0.21628369138136627,Ridge,{'alpha': 100}
eng,0.514774542636733,466285.4746049015,309.6549941966246,0.22778769011231972,Calculation,
