model,class_name,mae,te,mse,mape,r2,params
gb,GradientBoostingRegressor,0.008252474429533072,-0.5845228061528152,0.0010282609030040901,0.08128554105581672,0.5865464488151427,"{'learning_rate': 0.005, 'max_depth': 5}"
ridge,Ridge,0.01193863911525385,-0.7180876231433999,0.0015819803926374685,0.11750695209176314,0.363901312079572,{'alpha': 1000}
linear,LinearRegression,0.012290123085449472,-0.49579359911372056,0.0011732064597920343,0.12694494940674578,0.5282652723089077,{}
lasso,Lasso,0.012956868356908758,-0.8652502836274649,0.0017821286146744463,0.12654232842176502,0.2834236892089933,{'alpha': 0.005}
