model,r2,mse,mae,mape,class_name,params
gb,0.9368499426302421,56201.1847528639,133.41928227347262,0.1112300936959212,GradientBoostingRegressor,"{'learning_rate': 0.01, 'max_depth': 6}"
eng,0.6999647155290702,267020.16050747165,245.82138729567131,0.19524065961190543,Calculation,
linear,0.5673799086634704,385015.67051067844,302.68396672808865,0.2532785811608695,LinearRegression,{}
ridge,0.2051901733761009,707350.9632450981,319.2183633259965,0.2964988911715065,Ridge,{'alpha': 1000}
lasso,0.011140976169239591,880047.4775097144,340.31727725097517,0.3441582346732807,Lasso,{'alpha': 0.1}
