model,mae,te,mse,mape,r2,class_name,params
rf,95.05647106817463,13037.961325711894,20721.411805937023,0.10387208210395667,0.9641045068624905,RandomForestRegressor,"{'max_depth': 50, 'n_estimators': 1000}"
cb,100.25509252078866,8095.739319783842,23026.68761645226,0.10747044290637851,0.9601111007755216,CatBoostRegressor,"{'depth': 8, 'l2_leaf_reg': 1, 'learning_rate': 0.05}"
gb,99.40600035423765,11966.065658140826,28597.966297396633,0.10591562400742195,0.9504600307841569,GradientBoostingRegressor,"{'learning_rate': 0.005, 'max_depth': 6}"
ridge,116.21515022678146,12368.564210054888,32220.84246352102,0.11688320608211673,0.9441841588610911,Ridge,{'alpha': 1000}
lasso,140.22585019907078,35658.90193709703,42481.3104000631,0.13727450637045982,0.9264100535128127,Lasso,{'alpha': 0.005}
linear,141.96813657570013,23093.70860452739,59536.925144772555,0.1371750071431064,0.8968647837330136,LinearRegression,{}
eng,489.77705754034855,232086.75863626137,1569399.7501911845,0.3922135089140644,-1.718655393299798,Calculation,
