model,class_name,mae_mean,te_mean,mse_mean,mape_mean,r2_mean,params,mae_sd,te_sd,mse_sd,mape_sd,r2_sd
linear,LinearRegression,142.3274123820764,-2721.698685846716,50632.20131975058,0.11393974524711911,0.94706147106302,{},12.300647223650307,3078.3594354849497,13845.416407379325,0.008437776001328516,0.01319635474370304
ridge,Ridge,142.3275527638968,-2722.0549286146293,50632.55956057418,0.11393974983607232,0.9470611458818101,{'alpha': 0.005},12.300700503187516,3078.374561830138,13845.528256848089,0.008437622510342673,0.013196193610774388
lasso,Lasso,143.2793711895348,-3877.1895382033795,52667.54725423425,0.1138995662992949,0.9451557093808284,{'alpha': 0.005},12.262020128043254,3145.021406107885,14333.231684251268,0.007993516733718965,0.012394126769002449
cb,CatBoostRegressor,137.886339584742,-2604.2781686845506,58394.64589502909,0.11159265193713411,0.9404772128803962,"{'depth': 6, 'l2_leaf_reg': 7, 'learning_rate': 0.05}",14.917373227603758,3408.9653906450662,28739.160898613733,0.008993219546516223,0.02473343116620255
gb,GradientBoostingRegressor,147.60954291669793,-2790.325461970496,59083.59202347972,0.12058153489504202,0.9390113817726085,"{'learning_rate': 0.05, 'max_depth': 3}",15.769360513397565,3505.2520364786874,21546.928936317723,0.009191270445320176,0.01885643195327313
rf,RandomForestRegressor,146.51642463218022,-3273.791857832247,61058.23956979427,0.11802001609253235,0.9375241555188982,"{'max_depth': 30, 'n_estimators': 1000}",14.877706959127364,3418.3756687433506,26786.92611311471,0.007781741173321606,0.02173289844663387
