model,r2,corr,mse,mae,mape,class_name,params
linear,0.9560856311981778,0.9791153947852156,0.024063252594135436,0.10931513798739534,0.016329732735030918,LinearRegression,{}
ridge,0.9557309409448531,0.9789629212653931,0.024257608140880228,0.1100234778255975,0.016449154174143957,Ridge,{'alpha': 10}
lasso,0.9556620767356612,0.9786454345271476,0.02429534287112214,0.10917029911701187,0.016309970233151436,Lasso,{'alpha': 0.005}
gb,0.9494842319024781,0.9765849583879377,0.02768054559096837,0.11904585572749748,0.01785613078042918,GradientBoostingRegressor,"{'learning_rate': 0.01, 'max_depth': 5}"
eng,0.8258874182382063,0.927103826486711,0.0877190913486793,0.20067751470272488,0.029284960851771392,,
