model,class_name,r2,mse,mae,mape,params
gb,GradientBoostingRegressor,0.9994912120325885,418.24489694187827,12.886095566405725,0.010790979301619508,"{'learning_rate': 0.1, 'max_depth': 4}"
linear,LinearRegression,0.9611658149441191,31923.31730868498,113.5890783518451,0.10174374629422961,{}
ridge,Ridge,0.9603973199007355,32555.052237196654,116.81392740394777,0.10608892159661479,{'alpha': 100}
lasso,Lasso,0.9600256184956278,32860.60627115569,116.9469265130997,0.10460918821977713,{'alpha': 0.005}
