model,r2,corr,mse,mae,mape,class_name,params
cb,0.95665763747912,0.9788406843960605,0.02374981687823433,0.10797123225866857,0.01622457355766883,CatBoostRegressor,"{'depth': 6, 'l2_leaf_reg': 1, 'learning_rate': 0.05}"
ridge,0.9565396163975242,0.9790526286098794,0.023814487535592295,0.10702085008941882,0.01605022982237906,Ridge,{'alpha': 10}
lasso,0.9564399801646701,0.978844197131284,0.023869084058418675,0.10699150100642263,0.01602471295749231,Lasso,{'alpha': 0.005}
linear,0.9546699802203793,0.9782741868225076,0.024838970610660475,0.10884664205669818,0.016326056452249993,LinearRegression,{}
gb,0.9537340625851861,0.977624298537737,0.025351814654135028,0.11149112265403398,0.016793236595640467,GradientBoostingRegressor,"{'learning_rate': 0.01, 'max_depth': 6}"
rf,0.9492997462218018,0.9748062269967055,0.027781636091759775,0.11589910473278112,0.017440460706840025,RandomForestRegressor,"{'max_depth': 50, 'n_estimators': 700}"
eng,0.8258874182382063,0.927103826486711,0.0877190913486793,0.20067751470272488,0.029284960851771392,,
