model,mae,te,mse,mape,r2,class_name,params
cb,115.86760125710263,-3243.594583645175,30767.27198387016,0.1085624613957984,0.9458639411483314,CatBoostRegressor,"{'learning_rate': 0.05, 'depth': 6, 'l2_leaf_reg': 7}"
gb,118.42292206624819,-4181.292854482824,33738.58057210649,0.10772479192628395,0.9406358228841071,GradientBoostingRegressor,"{'learning_rate': 0.05, 'max_depth': 3}"
ridge,125.60764907048669,-2063.0441378674896,35256.59717548866,0.11539112710882013,0.9379648211709363,Ridge,{'alpha': 1}
linear,125.96779929806044,-1956.846254707673,35386.60351436881,0.1160206290113829,0.9377360706071426,LinearRegression,{}
rf,128.23235769465123,-1573.2496265805648,38595.03196781405,0.11190494795452423,0.9320907318956657,RandomForestRegressor,"{'max_depth': 30, 'n_estimators': 1000}"
lasso,128.56297677203324,-1712.5036047504927,36997.50849602595,0.11664571434916361,0.9349016286411095,Lasso,{'alpha': 0.005}
eng,501.8676891331509,103612.6042334548,1339585.4509771145,0.37663947265286646,-1.3570460471423935,Calculation,
