model,r2,mse,mae,mape,class_name,params
ridge,0.7406446976323928,0.0003058889448590999,0.011840385197323054,0.13236717206977286,Ridge,{'alpha': 1000}
lasso,0.732027306790677,0.0003160524717580979,0.012008892824305355,0.13042029703676036,Lasso,{'alpha': 0.005}
gb,0.6529696156215923,0.0004092947286695505,0.013652863785263585,0.146314075472515,GradientBoostingRegressor,"{'learning_rate': 0.005, 'max_depth': 6}"
eng,0.25923577054280555,0.0008736724735122521,0.01880210831131136,0.19414355343031642,Calculation,
linear,-0.7062031125792023,0.002012330825927812,0.034354584344820624,0.3481010422896295,LinearRegression,{}
