model,class_name,r2_mean,mse_mean,mae_mean,mape_mean,params,r2_sd,mse_sd,mae_sd,mape_sd
ridge,Ridge,0.9617815750289608,31050.623357407112,115.93725953023475,0.09900016364142784,{'alpha': 1},0.008659574208976823,8149.365012594642,12.378547826213739,0.007558738204049795
linear,LinearRegression,0.9609919523993928,31649.34676747734,116.3686144143603,0.09967277650463478,{},0.009497423966918168,8605.682587556366,12.229190978965823,0.006952622537816856
lasso,Lasso,0.9587045390876082,33931.367733388244,119.62790057096282,0.10167725118152351,{'alpha': 0.005},0.008223744779258186,9621.571815174586,12.037848851681805,0.007765155664441978
gb,GradientBoostingRegressor,0.9515304455855781,40180.48406617654,124.30181847115124,0.10691056493688807,"{'learning_rate': 0.05, 'max_depth': 3}",0.008165716098001602,11839.55912082311,13.283402379685368,0.007390911863815872
cb,CatBoostRegressor,0.9514812961146771,40772.819731376185,122.13130208234078,0.10386869802105342,"{'depth': 6, 'l2_leaf_reg': 1, 'learning_rate': 0.05}",0.009277339352004277,14508.114474620943,14.037348693813302,0.005805060138432589
rf,RandomForestRegressor,0.927671162353221,61690.667776569135,144.43964829950275,0.12028236919690559,"{'max_depth': 30, 'n_estimators': 1000}",0.019399569915511335,29040.060296055744,16.648855039426426,0.009451830516930368
