model,class_name,r2,corr,mse,mae,mape,params
gb,GradientBoostingRegressor,0.9894313731458365,0.9947303258226612,0.005324545389366613,0.05417367577942253,0.007997810250270462,"{'learning_rate': 0.01, 'max_depth': 5}"
ridge,Ridge,0.9658127461073532,0.9827603677881199,0.017223768764007993,0.09893763343219616,0.014605529945817548,{'alpha': 10}
linear,LinearRegression,0.9658078914375254,0.9827554281850172,0.01722621457936373,0.09892731894450046,0.014615831022562769,{}
lasso,Lasso,0.9653869703750011,0.9825882704680455,0.0174382774455882,0.10006517925449247,0.01478373696711208,{'alpha': 0.005}
