model,mae,te,mse,mape,r2,class_name,params
linear,254.33431428768682,-74321.04486057523,148614.09273911643,0.13712592125377976,0.8896347078328284,LinearRegression,{}
ridge,255.22197424711607,-75752.26721595059,150156.1190567225,0.13721766609678207,0.888489552740634,Ridge,{'alpha': 0.1}
lasso,322.51956559508494,-130770.65409655956,254389.24801541973,0.15912362731725954,0.8110828982370182,Lasso,{'alpha': 0.005}
gb,396.3571203669512,-164878.00592283736,381666.82026508875,0.19092894413564895,0.7165627474978702,GradientBoostingRegressor,"{'learning_rate': 0.05, 'max_depth': 4}"
cb,422.23243488847726,-175281.28094890015,422541.2671446295,0.2042009391727864,0.6862081546804106,CatBoostRegressor,"{'depth': 6, 'l2_leaf_reg': 1, 'learning_rate': 0.05}"
eng,429.1513128096241,88465.77382325288,643704.1380094945,0.2436238132411277,0.5219659592758379,Calculation,
rf,466.12350565184096,-212492.42129135135,530832.454371368,0.21731974886489605,0.6057878641337449,RandomForestRegressor,"{'max_depth': 30, 'n_estimators': 700}"
