model,class_name,mae_mean,te_mean,mse_mean,mape_mean,r2_mean,params,mae_sd,te_sd,mse_sd,mape_sd,r2_sd
ridge,Ridge,123.76741656594842,-1213.6976108416156,36485.03267472161,0.09987611801101895,0.9615294399673312,{'alpha': 1},10.228965419925068,2592.3918441956907,9595.34109525766,0.013978627809971432,0.010532078546272874
lasso,Lasso,125.77155059664496,-2449.1796866351665,37044.398820708244,0.10108805565770221,0.961251582481709,{'alpha': 0.005},10.510683046603708,2469.9113936925846,9940.54390953971,0.012650012496012261,0.009437934058730986
linear,LinearRegression,124.10876563673897,-1135.2323607960557,37407.03549169112,0.10164608735080202,0.9606231100814762,{},10.206478003045074,2642.52313356594,10111.541402717548,0.018453032800469293,0.010790122732957815
cb,CatBoostRegressor,126.7396611359201,-2201.860778539542,44162.59209168637,0.10301363763918364,0.9543726093552878,"{'depth': 6, 'l2_leaf_reg': 1, 'learning_rate': 0.05}",12.48101233427564,2672.7850156292616,15140.84869877591,0.015495777304117603,0.011592533683370305
gb,GradientBoostingRegressor,129.1006374553877,-2449.301380780856,45253.81326168324,0.10228687885953772,0.9539516964544575,"{'learning_rate': 0.01, 'max_depth': 5}",14.655735052902996,2812.356214129106,17786.56645261111,0.01367383504532359,0.012593768972947075
rf,RandomForestRegressor,144.7840652815185,-3373.3378042663317,60257.87942166747,0.11199262726428667,0.9396928402815558,"{'max_depth': 30, 'n_estimators': 1000}",17.55593501405158,3098.3912160931723,29170.735057987073,0.01315651203546746,0.018828536264751155
