model,r2,mse,mae,mape,class_name,params
lasso,0.9457464667745712,48283.61162753531,148.4486405765304,0.1298645235021513,Lasso,{'alpha': 0.005}
ridge,0.9332272232681753,59425.26923758828,146.3811834935541,0.12975050754430717,Ridge,{'alpha': 1000}
gb,0.9278341054256488,64224.942031028186,163.07943751487255,0.15257741880171136,GradientBoostingRegressor,"{'learning_rate': 0.005, 'max_depth': 6}"
linear,0.807245002947125,171544.72462275607,214.49478847955822,0.18280523209773766,LinearRegression,{}
eng,0.6999647155290702,267020.16050747165,245.82138729567131,0.19524065961190543,Calculation,
