model,class_name,r2,mse,mae,mape,params
gb,GradientBoostingRegressor,0.9326605094846286,56286.97537504267,151.54870337149512,0.13159489899795646,"{'learning_rate': 0.005, 'max_depth': 3}"
ridge,Ridge,0.8648417530582582,112974.55414527068,204.6988637596708,0.16846714090251877,{'alpha': 10}
linear,LinearRegression,0.8648171467519485,112995.1217876262,204.66703029415956,0.16820872514250906,{}
lasso,Lasso,0.863703885263164,113925.6622702705,205.3689804496592,0.16882810039212873,{'alpha': 0.005}
