model,class_name,mae,te,mse,mape,r2,params
gb,GradientBoostingRegressor,0.010748600842912081,0.17411726977292047,0.00027787641722981296,0.11730775437611722,0.654290352639527,"{'learning_rate': 0.005, 'max_depth': 5}"
linear,LinearRegression,0.012412517288072435,0.7279316977363529,0.00028171254689447094,0.13614457723553744,0.6495177740708996,{}
lasso,Lasso,0.012620899742640038,0.3692060586775212,0.00031035236566964155,0.13518361845720145,0.6138866048340961,{'alpha': 0.005}
ridge,Ridge,0.012137944698713089,0.6430510569457677,0.00027396408177258504,0.1328707283158714,0.659157739821058,{'alpha': 100}
rf,RandomForestRegressor,0.011827305740916448,0.473101510466014,0.0004939652455527852,0.12619857941405957,0.3854514443838116,"{'max_depth': 10, 'n_estimators': 700}"
cb,CatBoostRegressor,0.01071498733007121,0.1778344357290863,0.0002589436724043734,0.11768913402124419,0.6778448255322568,"{'learning_rate': 0.05, 'depth': 6, 'l2_leaf_reg': 15}"
