model,class_name,r2_mean,mse_mean,mae_mean,mape_mean,params,r2_sd,mse_sd,mae_sd,mape_sd
ridge,Ridge,0.9547142471596636,35681.25516467811,124.93900085716814,0.10467029552021491,{'alpha': 1},0.015500491664348442,10055.694120225262,12.639545672921756,0.01028471209373922
linear,LinearRegression,0.9546594984802644,35743.21033509091,125.08681180964105,0.10489496944332247,{},0.015521633428309946,10185.056972524868,12.745375521207826,0.010370031386298889
lasso,Lasso,0.9528702578156355,37202.471994338644,126.6266966903212,0.10520905555258503,{'alpha': 0.005},0.0157003568727616,10578.916505622035,12.02984874493056,0.010148029760876781
gb,GradientBoostingRegressor,0.9431863922468142,45423.42886644844,136.8172439901489,0.1203922085855092,"{'learning_rate': 0.05, 'max_depth': 5}",0.017640596348780554,13666.237579422545,13.38772941927992,0.01353188324928612
