model,class_name,r2_mean,mse_mean,mae_mean,mape_mean,params,r2_sd,mse_sd,mae_sd,mape_sd
ridge,Ridge,0.6753570016664273,0.0021439597210377646,0.012009941312365584,0.11666009610854787,{'alpha': 1000},0.21603687414990633,0.0057111747506615965,0.003841552356783272,0.01104298303069541
gb,GradientBoostingRegressor,0.6669684649519695,0.0021020038884234766,0.01179548167374969,0.11211531408199363,"{'learning_rate': 0.005, 'max_depth': 6}",0.20675693752037655,0.005558986472731776,0.003733133213536793,0.01307258390431325
lasso,Lasso,0.6510711199924131,0.0022023926452476054,0.012826482976390588,0.1256478992184169,{'alpha': 0.005},0.21352624799648587,0.005818253552471149,0.003945449984284303,0.012343793833743504
linear,LinearRegression,0.5491831398952522,0.002181558010340846,0.015075395025997602,0.15109870162771663,{},0.16957469040468723,0.005444045679853309,0.003062219718735948,0.022000242551526012
