model,class_name,r2,corr,mse,mae,mape,params
gb,GradientBoostingRegressor,0.98999778725515,0.995011989335256,0.00503918214626666,0.052270249767019245,0.007724714308169977,"{'learning_rate': 0.01, 'max_depth': 5}"
ridge,Ridge,0.9662763101278288,0.9829950502370189,0.016990222088365196,0.09819525473126066,0.014486628883873217,{'alpha': 0.005}
linear,LinearRegression,0.9662287492524568,0.982971229251541,0.01701418357770247,0.09829154835976399,0.014506876834108645,{}
lasso,Lasso,0.965224862972327,0.9825033686971257,0.017519948246857,0.10015783894304849,0.014770205563721554,{'alpha': 0.005}
