model,r2,mse,mae,mape,class_name,params
ridge,0.9510760020395115,47014.32965314697,133.20468306276666,0.11052776933119278,Ridge,{'alpha': 1}
linear,0.9492107890270621,48806.73712384161,133.29923648796574,0.11061047386129882,LinearRegression,{}
lasso,0.9489479625677368,49059.304581846016,137.9714554505195,0.11144984405654199,Lasso,{'alpha': 0.005}
gb,0.9350417579809176,62422.70319854999,145.68908400939245,0.11317005955585956,GradientBoostingRegressor,"{'learning_rate': 0.01, 'max_depth': 3}"
eng,0.514774542636733,466285.4746049015,309.6549941966246,0.22778769011231972,Calculation,
