model,class_name,mae,te,mse,mape,r2,params
gb,GradientBoostingRegressor,0.01069467801299137,-0.5905034216671576,0.0002657824505988332,0.10616473452809128,0.6916544521222983,"{'learning_rate': 0.005, 'max_depth': 6}"
linear,LinearRegression,0.012253515082649723,-0.8789221098831848,0.0002993617749180106,0.127308262309986,0.6526976469185267,{}
lasso,Lasso,0.011191522680643377,-0.776038980513198,0.00027749177591344086,0.11205740799320682,0.6780699648046591,{'alpha': 0.005}
ridge,Ridge,0.01185305101081775,-0.622332456591701,0.0002896534333435846,0.12251505381433449,0.6639607077226,{'alpha': 100}
rf,RandomForestRegressor,0.01003303049162846,-1.0562920270386291,0.00022435429434484007,0.09940950403558774,0.7397170217498983,"{'max_depth': 10, 'n_estimators': 1000}"
cb,CatBoostRegressor,0.01055102895840335,-0.9650042124161301,0.00027133318284881753,0.10472219850918223,0.685214811081712,"{'depth': 8, 'l2_leaf_reg': 1, 'learning_rate': 0.01}"
