model,class_name,mae,te,mse,mape,r2,params
linear,LinearRegression,0.00015819989141548118,-0.021996617611343784,6.359884371649704e-08,0.2740180148873588,0.7406662398494916,{}
linearstruct,LinearRegression,0.0002094115530622731,-0.04301805964079486,8.431154448412145e-08,0.2968828672858678,0.6562071167106376,{'fit_intercept': False}
