model,class_name,mae_mean,te_mean,mse_mean,mape_mean,r2_mean,params,mae_sd,te_sd,mse_sd,mape_sd,r2_sd
gb,GradientBoostingRegressor,182.84874842620218,-4570.41923342555,90577.46494943005,0.14540558891443975,0.9066026903011283,"{'learning_rate': 0.01, 'max_depth': 3}",21.90324674270189,3945.309020098897,34429.74508591952,0.013303932423115148,0.02887753155926458
linear,LinearRegression,190.54306432278142,-5270.909506440798,90087.85486437826,0.149827005800262,0.9062516410302011,{},16.250996092801934,3166.3866977613816,20905.443175801513,0.00989404317917701,0.014963894893124401
ridge,Ridge,190.54325458959255,-5271.206300542097,90088.50993623403,0.14982715687649742,0.9062510347965858,{'alpha': 0.005},16.25111971552232,3166.4130184271917,20905.856000385396,0.009894084255448611,0.014963891781547176
cb,CatBoostRegressor,179.8027832558716,-4371.276683586812,91926.06526172745,0.14317935427485068,0.9060730410130805,"{'depth': 6, 'l2_leaf_reg': 1, 'learning_rate': 0.01}",19.33343267245592,3660.165166499985,36883.58773382797,0.011658799045481422,0.028481027953747764
rf,RandomForestRegressor,185.84442871870303,-3925.390030095,93061.69255067388,0.14971171872929825,0.9045227557898151,"{'max_depth': 10, 'n_estimators': 200}",19.17512407333917,3280.149637594222,35728.42773683206,0.01226361426638466,0.028037784276973055
lasso,Lasso,190.60864703692476,-6285.70033553659,93443.31667772718,0.14956609379193045,0.9032202008027691,{'alpha': 0.005},17.126720746718945,3282.0639139003238,24054.554294281756,0.009999864773327689,0.016281329393156012
