model,mae,te,mse,mape,r2,class_name,params
gb,148.0655647955844,-15817.328010367175,56186.43367987964,0.12251310716521996,0.9415313376359593,GradientBoostingRegressor,"{'learning_rate': 0.005, 'max_depth': 5}"
ridge,155.40527426945482,-43923.39115369074,58509.57113258019,0.12804300112545153,0.9391138369965506,Ridge,{'alpha': 1000}
lasso,160.21440316712517,-35184.103686325936,66190.08421931596,0.12478064612785818,0.9311213502512713,Lasso,{'alpha': 0.005}
linear,168.0920749236733,-45398.21495708864,73913.17843015831,0.14852488744144768,0.9230845527853179,LinearRegression,{}
eng,309.6549941966246,95245.65312576215,466285.4746049015,0.22778769011231972,0.514774542636733,Calculation,
