model,class_name,r2,mse,mae,mape,params
gb,GradientBoostingRegressor,0.6443852972434378,0.0010375453722651744,0.008387477976823775,0.08322771294795243,"{'learning_rate': 0.005, 'max_depth': 6}"
linear,LinearRegression,0.3735714342702451,0.001827674880677088,0.015574663293946304,0.15885401323487286,{}
ridge,Ridge,0.3166379469686932,0.0019937846500953696,0.012173082724261515,0.1194179072917868,{'alpha': 1000}
lasso,Lasso,0.29946230429249276,0.002043896494280201,0.012673528087687937,0.12530528912728012,{'alpha': 0.005}
