model,mae,te,mse,mape,r2,class_name,params
rf,113.7439694091446,10723.74130680471,28010.608395213454,0.10752404898167954,0.954922235505512,RandomForestRegressor,"{'max_depth': 10, 'n_estimators': 700}"
gb,115.5349491468052,11487.03513430823,30707.842662186384,0.11311004725117901,0.9505815482431159,GradientBoostingRegressor,"{'learning_rate': 0.01, 'max_depth': 3}"
lasso,117.32911636867814,26830.764323403964,27997.93902497676,0.11468838143499564,0.95494262445529,Lasso,{'alpha': 0.005}
ridge,117.94252675306639,29012.4942832977,28678.34862307634,0.11429100637377324,0.9538476341862403,Ridge,{'alpha': 0.005}
linear,117.94302350120635,29013.550919873007,28678.773712182076,0.1142910891630673,0.9538469500859049,LinearRegression,{}
cb,121.30542893055714,27362.775449294382,31032.913085291864,0.11582171481809361,0.9500584090177866,CatBoostRegressor,"{'depth': 6, 'l2_leaf_reg': 7, 'learning_rate': 0.05}"
eng,287.0417611672977,71040.07380074885,443593.6886141657,0.24437383143358396,0.2861200462176453,Calculation,
