model,r2,mse,mae,mape,class_name,params
cb,0.9574859631147479,37835.899777382634,128.0043090765624,0.11539011052107911,CatBoostRegressor,"{'depth': 8, 'l2_leaf_reg': 1, 'learning_rate': 0.01}"
rf,0.9527322026729226,42066.568441665215,132.78599409304798,0.12219001979548755,RandomForestRegressor,"{'max_depth': 30, 'n_estimators': 200}"
lasso,0.9475262337078945,46699.68574681802,145.49320761868307,0.1264859722107913,Lasso,{'alpha': 0.005}
gb,0.9467751177590673,47368.1507960845,138.34347595839967,0.1222512836914563,GradientBoostingRegressor,"{'learning_rate': 0.005, 'max_depth': 6}"
ridge,0.9448438120827412,49086.940479741126,143.0144310145415,0.12477475344191385,Ridge,{'alpha': 1000}
eng,0.6999647155290702,267020.16050747165,245.82138729567131,0.19524065961190543,Calculation,
linear,-0.000666347605883022,890555.553235396,596.0747581894948,0.45412196003769056,LinearRegression,{}
