model,mae,te,mse,mape,r2,class_name,params
gb,143.69156234526267,4096.625027385453,47748.28437480102,0.1272269329856236,0.9613375840973787,GradientBoostingRegressor,"{'learning_rate': 0.005, 'max_depth': 6}"
rf,143.3568120118582,4773.967708232831,48856.56134588852,0.12521246021878416,0.9604401976100414,RandomForestRegressor,"{'max_depth': 30, 'n_estimators': 1000}"
cb,149.83305506057454,4424.92848086569,53548.4060690015,0.13122933867539519,0.9566411490282825,CatBoostRegressor,"{'depth': 6, 'l2_leaf_reg': 7, 'learning_rate': 0.05}"
ridge,146.6710573104394,8317.718931868398,55023.842013542555,0.12694925411941405,0.9554464690754332,Ridge,{'alpha': 0.1}
linear,147.00311837182429,8937.429612444344,55329.19625270537,0.12711782737650237,0.9551992197187972,LinearRegression,{}
lasso,178.77591692572705,-20003.424736871028,81039.77004923452,0.1477097055222059,0.9343810288616394,Lasso,{'alpha': 0.005}
eng,279.1433792121064,-58384.42941313402,178781.22865791814,0.22150885741387183,0.8552384801159073,Calculation,
