model,class_name,mae_mean,te_mean,mse_mean,mape_mean,r2_mean,params,mae_sd,te_sd,mse_sd,mape_sd,r2_sd
linear,LinearRegression,141.7704522293386,-2214.5341625307346,48837.879418582896,0.11087343008953505,0.948834757395972,{},11.704570463676053,2761.1172414743764,12845.283008979002,0.012759552966385371,0.011847498414265786
ridge,Ridge,141.77041912481363,-2214.8822334119077,48837.97637361774,0.11087337416732486,0.9488347240193313,{'alpha': 0.005},11.70472457301735,2761.1335726790817,12845.193638772033,0.01275951849066001,0.011847074994259419
lasso,Lasso,142.0077540784246,-3409.8661968502884,50183.898441163845,0.11032264445149625,0.94770170798736,{'alpha': 0.005},12.835244658794494,2748.4721306454744,13002.145096745284,0.01247409312840518,0.010627209456345191
gb,GradientBoostingRegressor,144.0190016272426,-3836.7316648017736,56149.002715307615,0.11385628400171842,0.9425187633441144,"{'learning_rate': 0.01, 'max_depth': 3}",15.382286501026268,3022.956492794828,19317.651556734683,0.013578823133010148,0.013459600176303375
rf,RandomForestRegressor,144.28545252998347,-2920.3402304923316,59335.92223153716,0.11123362772299035,0.9401597336388818,"{'max_depth': 10, 'n_estimators': 700}",15.371812534247216,3212.759632737608,25554.511457776247,0.011041240846790555,0.01638404679957332
cb,CatBoostRegressor,137.41979874828343,-2439.1655111662726,59508.63614655019,0.10819634798231938,0.9395068902914975,"{'depth': 6, 'l2_leaf_reg': 7, 'learning_rate': 0.05}",14.664241839969907,3393.971912401423,28403.296849565322,0.015592334742442414,0.022911464553100273
