model,class_name,r2,mse,mae,mape,params
gb,GradientBoostingRegressor,0.998225415291791,1478.9383643232277,24.725396117926763,0.019689527783855555,"{'learning_rate': 0.1, 'loss': 'squared_error', 'max_depth': 3, 'max_features': 'sqrt', 'min_samples_leaf': 20, 'min_samples_split': 20, 'n_estimators': 2000, 'warm_start': True}"
cb,CatBoostRegressor,0.9950533431872621,4122.54230618397,43.92023099420287,0.03536626595785536,{'verbose': 0}
rf,RandomForestRegressor,0.9844502860291267,12959.1269660984,70.28095734774531,0.05445732753443678,"{'max_depth': 10, 'n_estimators': 200}"
ridge,Ridge,0.9620413531316852,31634.724931223853,117.1765225418435,0.09852928753021788,{'alpha': 0.01}
linear,LinearRegression,0.961951203130842,31709.855914926073,117.44330027582238,0.09871447591851036,{}
lasso,Lasso,0.9565526861316038,36208.978365204726,123.8227160306782,0.10275668546353667,{'alpha': 0.01}
