model,class_name,r2_mean,mse_mean,mae_mean,mape_mean,params,r2_sd,mse_sd,mae_sd,mape_sd
cb,CatBoostRegressor,0.7481211359955766,0.0018952062551246373,0.010522705791821102,0.09850706542141484,"{'depth': 6, 'l2_leaf_reg': 1, 'learning_rate': 0.01}",0.20250681632304393,0.00519150235776704,0.0038443599380897065,0.010324679361395316
ridge,Ridge,0.6696068252956822,0.002119645217956934,0.012274301192427624,0.12000059164032727,{'alpha': 1000},0.20805105296991908,0.005622349481835718,0.0036011800213015524,0.012959850279470142
gb,GradientBoostingRegressor,0.6618703276386578,0.0020415335033593736,0.011605296340385053,0.1122316337541393,"{'learning_rate': 0.005, 'max_depth': 5}",0.19846380167213498,0.005365503659693433,0.0036942448522384354,0.01466255993894196
lasso,Lasso,0.6516158002367785,0.0022044233680491507,0.012909705509452592,0.12721230916883963,{'alpha': 0.005},0.21461164928263876,0.005827328196666716,0.0038987370865155467,0.012752761114105443
rf,RandomForestRegressor,0.5517639246772909,0.0020969781380560594,0.010978311534435075,0.10010490451736359,"{'max_depth': 10, 'n_estimators': 700}",0.5424959072261271,0.005013616070140573,0.003916054038059677,0.011010357585070388
linear,LinearRegression,0.4664723858928014,0.002234818821340518,0.016392937819350677,0.16702496775177622,{},0.15710122411102276,0.005374013631156346,0.002559414368193495,0.02402405415212198
