model,r2,corr,mse,mae,mape,class_name,params
lasso,0.9556355969289594,0.9784481753670626,0.02430985270684773,0.10842966882370184,0.016211299070989105,Lasso,{'alpha': 0.005}
ridge,0.9545971930469513,0.9783230173366747,0.02487885496258445,0.10974698275710264,0.016428769580432125,Ridge,{'alpha': 0.005}
linear,0.9542363113899559,0.9781132229741504,0.025076603141729666,0.10988539877392542,0.016458513489083865,LinearRegression,{}
gb,0.9527930475806172,0.9772788101494717,0.025867451844595424,0.11243796680003311,0.016902136585096185,GradientBoostingRegressor,"{'learning_rate': 0.01, 'max_depth': 5}"
eng,0.8258874182382063,0.927103826486711,0.0877190913486793,0.20067751470272488,0.029284960851771392,,
