model,class_name,r2,corr,mse,mae,mape,params
gb,GradientBoostingRegressor,0.9903824688945981,0.9952190371180457,0.0048453769454622755,0.05024554161711008,0.00745363828477109,"{'learning_rate': 0.01, 'max_depth': 6}"
ridge,Ridge,0.965331892461027,0.9825131400709858,0.017466026069600894,0.0998886768786237,0.01477948449285516,{'alpha': 1}
linear,LinearRegression,0.9652859577896337,0.9824897404900126,0.01748916826642121,0.09992562023295756,0.014786202959467927,{}
lasso,Lasso,0.9647616159319827,0.9822718901105846,0.01775333522577483,0.10131409099857315,0.014981770964945629,{'alpha': 0.005}
