model,class_name,r2_mean,mse_mean,mae_mean,mape_mean,params,r2_sd,mse_sd,mae_sd,mape_sd
ridge,Ridge,0.9617277434992839,31138.210944683004,116.2636606559689,0.09909425863631673,{'alpha': 1},0.008447447211297554,8077.4522202949,12.411528432569106,0.007284867271753542
linear,LinearRegression,0.9609468473181558,31761.359507864683,116.61193798187462,0.09965052134879542,{},0.008983177612630604,8433.720502651737,12.27496764105912,0.006836042437756627
lasso,Lasso,0.9584852258791227,34122.124872402266,119.93403877950375,0.10183287193979945,{'alpha': 0.005},0.008366860446088312,9803.30594114646,11.971352366413296,0.007777909182336977
gb,GradientBoostingRegressor,0.9511841603601408,40276.09911788266,125.50503403656843,0.10934781158002747,"{'learning_rate': 0.05, 'max_depth': 3}",0.007453196534180705,10734.375100607598,13.742824907060832,0.007541097147361367
cb,CatBoostRegressor,0.9495425907948023,41876.66501289956,124.18991156211868,0.107497028154066,"{'depth': 6, 'l2_leaf_reg': 1, 'learning_rate': 0.1}",0.009027586189798532,12369.71566282549,12.798538497171883,0.007526881986280823
rf,RandomForestRegressor,0.9283835190608244,61000.63947292105,144.10605307165696,0.1201592301928078,"{'max_depth': 30, 'n_estimators': 200}",0.018760371981202107,28377.143325806705,16.91077747181372,0.009336540307246665
