model,r2,mse,mae,mape,class_name,params
gb,0.9544341292082718,37576.27365269963,127.06075585223438,0.110037083752524,GradientBoostingRegressor,"{'learning_rate': 0.005, 'max_depth': 6}"
rf,0.9508320201854579,40546.782764371994,130.57141988941893,0.11242139233383236,RandomForestRegressor,"{'max_depth': 30, 'n_estimators': 200}"
cb,0.9507805661207507,40589.21478602299,127.49269020460959,0.11031888560426543,CatBoostRegressor,"{'depth': 6, 'l2_leaf_reg': 7, 'learning_rate': 0.05}"
ridge,0.9474690861978365,43320.05419755526,140.3850034860717,0.12588401845681008,Ridge,{'alpha': 100}
linear,0.943786421071585,46356.994568733426,144.01671151147136,0.12794722747182619,LinearRegression,{}
lasso,0.925801403269982,61188.48881693261,167.9849827314862,0.14338433308968543,Lasso,{'alpha': 0.005}
eng,0.8406635462586949,131398.12944649984,223.3554688886563,0.18245412082952348,Calculation,
