model,class_name,r2,corr,mse,mae,mape,params
gb,GradientBoostingRegressor,0.9902356470801583,0.9951455569485106,0.004919346764429452,0.0506781997754055,0.007511018355657531,"{'learning_rate': 0.01, 'max_depth': 6}"
ridge,Ridge,0.965331892461027,0.9825131400709856,0.0174660260696009,0.09988867687862371,0.01477948449285516,{'alpha': 1}
linear,LinearRegression,0.9652859577896337,0.9824897404900123,0.017489168266421235,0.09992562023295767,0.014786202959467941,{}
lasso,Lasso,0.9647586664648076,0.982270549123512,0.017754821187202518,0.10132797219773326,0.0149840531209558,{'alpha': 0.005}
