model,class_name,mae_mean,te_mean,mse_mean,mape_mean,r2_mean,params,mae_sd,te_sd,mse_sd,mape_sd,r2_sd
linear,LinearRegression,110.17355469927817,-866.4850056257643,32242.393115466726,0.10012603877805967,0.9544250740863632,{},14.601996775782865,1749.4659647331605,15641.176148625014,0.029145010985399348,0.01654376595829859
linearstruct,LinearRegression,111.45208723215602,-937.3945404770842,33833.961927943514,0.09790299041309228,0.9524038779538271,{'fit_intercept': False},14.771440963332784,1760.0258075356924,17484.186576058113,0.02227076407381015,0.018607430084857546
