model,class_name,r2,mse,mae,mape,params
gb,GradientBoostingRegressor,0.9965160551332972,2912.1206207425275,36.210162114072396,0.03027276097321344,"{'learning_rate': 0.1, 'loss': 'squared_error', 'max_depth': 3, 'max_features': 'sqrt', 'min_samples_leaf': 20, 'min_samples_split': 20, 'n_estimators': 2000, 'warm_start': True}"
cb,CatBoostRegressor,0.9919071224704735,6764.583377917199,56.525226335666446,0.04672035219324431,{'verbose': 0}
rf,RandomForestRegressor,0.9827367190249416,14429.836990135022,72.43677012404137,0.05794511055817178,"{'max_depth': 10, 'n_estimators': 200}"
ridge,Ridge,0.9629678896778752,30953.983551620393,116.34269291303696,0.0988868388216496,{'alpha': 0.01}
linear,LinearRegression,0.9629676680222401,30954.168826637797,116.34269083006014,0.09889070408943648,{}
lasso,Lasso,0.9529842048833632,39299.03362372644,126.17250676859527,0.10565672453297038,{'alpha': 0.01}
