model,class_name,mae,te,mse,mape,r2,params
linear,LinearRegression,0.00013446957205134227,-0.01938854993648026,4.189784774759341e-08,0.22266404685010774,0.8761262928104208,{}
linearstruct,LinearRegression,0.00014210850022622988,-0.04876467191268659,4.3404603828186576e-08,0.1730074694185154,0.8716714706281945,{'fit_intercept': False}
