model,r2,mse,mae,mape,class_name,params
rf,0.7569354124639519,0.00028667534280301765,0.010485941058037943,0.10686627982722251,RandomForestRegressor,"{'max_depth': 50, 'n_estimators': 200}"
ridge,0.7561806874134038,0.000287565480954285,0.011546960541988926,0.12276633153306334,Ridge,{'alpha': 1000}
lasso,0.7154622725837348,0.0003355896116926207,0.011818728991347633,0.11983421619439902,Lasso,{'alpha': 0.005}
gb,0.7085160844389944,0.0003437820879712659,0.011975372335236196,0.1253997122922491,GradientBoostingRegressor,"{'learning_rate': 0.01, 'max_depth': 4}"
eng,0.25923577054280555,0.0008736724735122521,0.01880210831131136,0.19414355343031642,Calculation,
cb,-0.688507396784316,0.0019914601370172296,0.01167921345057407,0.10972812108325339,CatBoostRegressor,"{'depth': 6, 'l2_leaf_reg': 1, 'learning_rate': 0.05}"
linear,-408.02110151777686,0.48240784755980415,0.5125451214685097,4.9884068454128165,LinearRegression,{}
