model,mae,te,mse,mape,r2,class_name,params
gb,128.66151456765044,37995.17616264497,39260.6893670516,0.11605486770726157,0.9553618540334498,GradientBoostingRegressor,"{'learning_rate': 0.005, 'max_depth': 6}"
ridge,137.86939634553235,16063.070615161887,49647.603794580165,0.12007880827947365,0.9435522651079126,Ridge,{'alpha': 100}
linear,139.44454978206892,49517.4212814671,60278.89957750905,0.11987436709071587,0.9314648224108363,LinearRegression,{}
lasso,166.56406687245703,66097.60651424965,64673.7024005892,0.14265878153278033,0.9264680724027864,Lasso,{'alpha': 0.005}
eng,357.6083335845394,282307.4035489422,686498.7840930459,0.28101368639981156,0.21947287670598614,Calculation,
