model,class_name,mae_mean,te_mean,mse_mean,mape_mean,r2_mean,params,mae_sd,te_sd,mse_sd,mape_sd,r2_sd
gb,GradientBoostingRegressor,281.1760747129352,-7417.071763367526,227125.89394423892,0.22877085079711584,0.7260896397819825,"{'learning_rate': 0.005, 'max_depth': 3}",24.429434943997748,4877.8113106115525,75228.41931831883,0.02361015316326733,0.055173738429885336
lasso,Lasso,285.11088422406317,-7129.073689045001,269090.72478006966,0.22868925522483471,0.6709602418807342,{'alpha': 0.005},30.39628192667261,5944.18302706069,123894.08644828656,0.02360528201430218,0.14070539350158115
ridge,Ridge,284.81008945969637,-6624.134922351629,270968.75336418865,0.22833452018073083,0.6683518759944106,{'alpha': 0.005},30.71932907334561,5987.712763795817,128240.33765687357,0.02391117265620188,0.14694051475856548
linear,LinearRegression,284.8099529046268,-6623.872229389749,270969.79697396414,0.22833436618935254,0.6683504354612636,{},30.719506668909485,5987.736869685267,128242.65939112949,0.023911324190851742,0.14694382417260213
