,report_target,cal_target
count,1286.0,1286.0
mean,0.0007970073019409831,0.0008479275851775076
std,0.000563238145275512,0.0007857005378537952
