model,class_name,mae,te,mse,mape,r2,params
gb,GradientBoostingRegressor,0.00997593473123343,1.107093821181671,0.00022076102072884291,0.12014315717262351,0.6496159966163452,"{'learning_rate': 0.005, 'max_depth': 5}"
linear,LinearRegression,0.010930198545453752,-0.1616532979068493,0.00020946453366198307,0.13274799242288426,0.6675453772180036,{}
lasso,Lasso,0.011175400273602866,2.1968451670413383,0.00022291180223776266,0.13578011590731376,0.6462023530618316,{'alpha': 0.005}
ridge,Ridge,0.01040147283130091,-0.1943776202036216,0.0001948341041085845,0.12582006928823714,0.6907662721985484,{'alpha': 100}
rf,RandomForestRegressor,0.009864479321323597,1.407149604940706,0.00047066803589642633,0.11677657606712782,0.2529725123681439,"{'max_depth': 10, 'n_estimators': 1000}"
cb,CatBoostRegressor,0.009258233304595307,0.8834266537445721,0.0001686620772231807,0.1111701279024746,0.7323055780347725,"{'depth': 6, 'l2_leaf_reg': 7, 'learning_rate': 0.05}"
