model,mae,te,mse,mape,r2,class_name,params
linear,311.05281206848986,217583.81659722765,286369.4552559246,0.2656262643851182,0.6744071041502594,LinearRegression,{}
linearstruct,317.9518900373235,177430.6224799438,308106.51390658773,0.256006581029844,0.6496927648817783,LinearRegression,{'fit_intercept': False}
eng,357.6083335845394,282307.4035489422,686498.7840930459,0.28101368639981156,0.21947287670598614,Calculation,
