model,mae,te,mse,mape,r2,class_name,params
rf,81.68703646981612,8559.8978852041,15676.79202250641,0.0978730931196497,0.971075017160909,RandomForestRegressor,"{'max_depth': 30, 'n_estimators': 700}"
cb,87.34425758074377,10337.864926593254,18171.628662603693,0.10065613488315238,0.9664718364274052,CatBoostRegressor,"{'learning_rate': 0.01, 'depth': 10, 'l2_leaf_reg': 1}"
gb,89.35596931373782,9730.206978172675,29900.276557490604,0.10419835826431895,0.9448315072964006,GradientBoostingRegressor,"{'learning_rate': 0.005, 'max_depth': 6}"
ridge,109.73093917936747,7101.173795038953,30346.387769216206,0.12076873899779535,0.9440083950726138,Ridge,{'alpha': 1000}
lasso,138.09069109018384,29715.144336029574,41248.489305703675,0.1480579674209139,0.9238931125964411,Lasso,{'alpha': 0.005}
linear,144.734874469747,20902.672419462615,72905.30627827237,0.14763639957070634,0.8654836569911614,LinearRegression,{}
eng,480.193513435017,128474.15440280654,1751560.2482304305,0.40455814635187026,-2.2317740803707453,Calculation,
