model,mae,te,mse,mape,r2,class_name,params
linear,234.01272295504012,-64470.77624858369,123597.02042211106,0.12677299360575855,0.9082131376744745,LinearRegression,{}
ridge,234.3401765129883,-64989.95623852639,124093.19979552111,0.12680835465888857,0.907844659958099,Ridge,{'alpha': 1}
lasso,253.43630143893168,-83949.69538826557,146698.20880824872,0.1326897806644799,0.8910575008256827,Lasso,{'alpha': 0.005}
gb,428.8623697969696,-192976.45296317502,408018.7131834409,0.20923698826797138,0.6969930397569135,GradientBoostingRegressor,"{'learning_rate': 0.01, 'max_depth': 3}"
eng,429.1513128096241,88465.77382325288,643704.1380094945,0.2436238132411277,0.5219659592758379,Calculation,
cb,432.2665589458657,-196706.48863560404,423993.7787202865,0.21148525695516296,0.6851294759261354,CatBoostRegressor,"{'depth': 6, 'l2_leaf_reg': 1, 'learning_rate': 0.01}"
rf,465.1464257857735,-221612.11366273058,464588.1255170815,0.2310799889067772,0.654982893849101,RandomForestRegressor,"{'max_depth': 50, 'n_estimators': 700}"
