model,mae,te,mse,mape,r2,class_name,params
ridge,133.24698642206658,27746.14402711711,35623.06511073265,0.1320546315153429,0.9426714294464298,Ridge,{'alpha': 1}
linear,133.30617234890087,26162.7458254054,36038.52148889761,0.13090460879153545,0.9420028311600801,LinearRegression,{}
cb,135.40393411494125,29860.910898059585,37169.81336451845,0.1333161284654643,0.9401822313350339,CatBoostRegressor,"{'depth': 6, 'l2_leaf_reg': 1, 'learning_rate': 0.05}"
lasso,143.2072074803914,31457.851771296715,40726.155035228345,0.1454539945477198,0.9344589735595409,Lasso,{'alpha': 0.005}
gb,147.17894773946998,32907.3473188246,41504.84601851197,0.15194050301033346,0.9332058180313504,GradientBoostingRegressor,"{'learning_rate': 0.05, 'max_depth': 4}"
rf,167.19238395673605,5820.381081659282,61088.6666482945,0.15629269429637058,0.9016893710554079,RandomForestRegressor,"{'max_depth': 30, 'n_estimators': 1000}"
eng,287.0417611672977,71040.07380074885,443593.6886141657,0.24437383143358396,0.2861200462176453,Calculation,
