model,mae,te,mse,mape,r2,class_name,params
cb,164.59384367195108,19391.022637516155,54893.62148701212,0.11482706363469937,0.9634441192691129,CatBoostRegressor,"{'learning_rate': 0.01, 'depth': 10, 'l2_leaf_reg': 1}"
ridge,168.59261639832167,11738.951814907055,57811.54050608694,0.11695117765312309,0.9615009590848478,Ridge,{'alpha': 1000}
rf,167.80169918462644,17879.756590563476,59334.69510188281,0.11500774998966655,0.9604866288907323,RandomForestRegressor,"{'max_depth': 10, 'n_estimators': 200}"
lasso,178.27566251837624,-22519.5123350254,74253.1493324858,0.1138706669422424,0.9505518273824706,Lasso,{'alpha': 0.005}
linear,199.1726655285015,25891.449506833284,85051.90280683272,0.1356836435910527,0.943360501079762,LinearRegression,{}
gb,213.04354841759698,36294.81980755371,103814.62940862947,0.13737471943804647,0.930865643257277,GradientBoostingRegressor,"{'learning_rate': 0.005, 'max_depth': 6}"
eng,310.819081961299,-36484.38547335662,205986.92553401043,0.19245713276919676,0.862824982612506,Calculation,
