model,class_name,mae_mean,te_mean,mse_mean,mape_mean,r2_mean,params,mae_sd,te_sd,mse_sd,mape_sd,r2_sd
ridge,Ridge,112.69989265684458,-1385.5098498076877,31592.96696360529,0.09538785264241807,0.9585398530798861,{'alpha': 1},12.373345402628846,2466.860781040215,11354.992875481572,0.011093740665766247,0.009022502829167398
linear,LinearRegression,113.15493276806775,-1279.5893147498525,32602.46142882223,0.0986714409075974,0.9570502506571527,{},12.31709458269123,2508.1575788179803,11724.171362937814,0.0157409750560811,0.009969284984257393
lasso,Lasso,117.12866281937548,-2343.0306955284673,33389.40142888894,0.09769065949645099,0.9563370542466847,{'alpha': 0.005},13.683331440590527,2525.5392558091203,12807.711087224896,0.0111082368939347,0.01013562268061846
cb,CatBoostRegressor,115.13230563275354,-1911.345245698511,35629.65060414464,0.09878930897531805,0.9538806353506908,"{'depth': 6, 'l2_leaf_reg': 1, 'learning_rate': 0.05}",13.406852809859489,2794.6454761121736,16630.90691026723,0.010731237531246654,0.013528817172558154
gb,GradientBoostingRegressor,119.219744742395,-2383.522507515075,38698.29194039996,0.10093199594139281,0.9499160814233112,"{'learning_rate': 0.01, 'max_depth': 5}",15.162937956251884,3132.0101586677215,18473.348129093753,0.011202398101290366,0.01468177633815032
rf,RandomForestRegressor,135.6250432750546,-2826.0944854261866,50958.83308016632,0.11396066935714061,0.933583815368533,"{'max_depth': 50, 'n_estimators': 700}",18.231302642887623,3259.206131343123,22622.59736631487,0.011945368385380462,0.018649864338700674
