model,r2,mse,mae,mape,class_name,params
ridge,0.949596015945193,48436.546908910685,134.14187188011675,0.11183843153186328,Ridge,{'alpha': 0.005}
linear,0.9495823351017144,48449.69374302179,134.1491205957203,0.11184798151047363,LinearRegression,{}
lasso,0.9482099438938232,49768.51590291539,142.22068289992396,0.11497817924782881,Lasso,{'alpha': 0.005}
gb,0.9400826309232625,57578.59249356568,145.27906742472473,0.12075387879159308,GradientBoostingRegressor,"{'learning_rate': 0.05, 'max_depth': 3}"
cb,0.9366483432166314,60878.828391983174,140.16425370761166,0.11575310446018262,CatBoostRegressor,"{'depth': 6, 'l2_leaf_reg': 1, 'learning_rate': 0.05}"
rf,0.9174756632277928,79303.13415001871,162.34076339375665,0.1263134329386932,RandomForestRegressor,"{'max_depth': 50, 'n_estimators': 700}"
eng,0.514774542636733,466285.4746049015,309.6549941966246,0.22778769011231972,Calculation,
