model,mae,te,mse,mape,r2,class_name,params
gb,263.43286999872515,-57971.3295029637,197624.92129599676,0.2008146293603109,0.7943477803946551,GradientBoostingRegressor,"{'learning_rate': 0.005, 'max_depth': 3}"
linear,266.1659913040953,-65601.92843779203,221817.93402057257,0.2066849118790481,0.769172075159092,LinearRegression,{}
ridge,266.1665478146285,-65603.22899946004,221818.26748933544,0.20668541513747776,0.7691717281452093,Ridge,{'alpha': 0.005}
lasso,267.4088483404098,-68381.07097606327,222646.17081355007,0.20784160443191643,0.7683101963347128,Lasso,{'alpha': 0.005}
eng,309.6549941966246,95245.65312576215,466285.4746049015,0.22778769011231972,0.514774542636733,Calculation,
