model,r2,rmse,mae,mape,class_name,params
lasso,0.9421131889004735,51517.09279232747,145.84848457336926,0.12297381396495159,Lasso,{'alpha': 0.005}
gb,0.9414309010306435,52124.30343035475,147.97086578997428,0.13313582241369543,GradientBoostingRegressor,"{'learning_rate': 0.01, 'max_depth': 4}"
ridge,0.9325347665081678,60041.52980683344,156.49989664239288,0.13899216202832615,Ridge,{'alpha': 100}
linear,0.9273488333217336,64656.81601980176,164.84033587573663,0.15091610451815085,LinearRegression,{}
eng,0.6999647155290702,267020.16050747165,245.82138729567131,0.19524065961190543,Calculation,
