model,r2,mse,mae,mape,class_name,params
ridge,0.9510760020395115,47014.32965314697,133.20468306276666,0.11052776933119278,Ridge,{'alpha': 1}
linear,0.9492107890270621,48806.73712384161,133.29923648796574,0.11061047386129882,LinearRegression,{}
lasso,0.9489479625677368,49059.304581846016,137.9714554505195,0.11144984405654199,Lasso,{'alpha': 0.005}
gb,0.9343770023526756,63061.51117720688,146.25691212764275,0.1139219176381073,GradientBoostingRegressor,"{'learning_rate': 0.01, 'max_depth': 3}"
cb,0.9313733359560546,65947.93436471632,148.184678413928,0.11839187436026098,CatBoostRegressor,"{'depth': 6, 'l2_leaf_reg': 1, 'learning_rate': 0.05}"
rf,0.9249218590264967,72147.58843552355,155.4730167029459,0.1228386866061223,RandomForestRegressor,"{'max_depth': 50, 'n_estimators': 1000}"
eng,0.514774542636733,466285.4746049015,309.6549941966246,0.22778769011231972,Calculation,
