model,class_name,mae_mean,te_mean,mse_mean,mape_mean,r2_mean,params,mae_sd,te_sd,mse_sd,mape_sd,r2_sd
ridge,Ridge,133.3170053836337,-2458.0592824483106,44442.604540120155,0.1065162347043592,0.9516758502581184,{'alpha': 0.1},9.415180098079551,2825.0339566749512,11644.87001998698,0.0052160619386844125,0.01100561774163366
linear,LinearRegression,133.44747456300504,-2468.356862426434,44610.05489504216,0.10659484728664508,0.9514991576823368,{},9.509141773069006,2848.553335832635,11790.143098392376,0.0052013629661985285,0.011125762658728547
lasso,Lasso,138.24572193287878,-3613.349260571087,46710.30778059393,0.10909154918228854,0.9492213581995298,{'alpha': 0.005},9.676772935671403,2940.2382889227138,10365.76299645088,0.0058371567705788425,0.009609270445500369
cb,CatBoostRegressor,131.23911843441303,-2349.6169620686687,48697.31440469586,0.1091788062962404,0.9482931484484395,"{'depth': 6, 'l2_leaf_reg': 1, 'learning_rate': 0.05}",11.19693718124815,2754.9287477541943,21237.748348927646,0.009340923425408994,0.01723353175677122
gb,GradientBoostingRegressor,137.0954353428883,-2552.871039601485,52577.15536293363,0.11581674108527674,0.9437127143302975,"{'learning_rate': 0.05, 'max_depth': 3}",10.258637655458339,2632.3544533345594,20892.403594437197,0.008124948338314729,0.017525688119789943
rf,RandomForestRegressor,141.6385772882756,-3283.0004825206543,58650.95211449111,0.1133053887267208,0.9379322315646265,"{'max_depth': 30, 'n_estimators': 1000}",14.756399326670236,2548.3045644681683,25696.63713685894,0.008339728117714442,0.02062999119056585
