model,class_name,r2,mse,mae,mape,params
gb,GradientBoostingRegressor,0.9973910051112896,2267.4663956614786,29.141374747045415,0.02231975723082373,"{'learning_rate': 0.05, 'max_depth': 4}"
ridge,Ridge,0.9634337076282184,31779.609659538743,117.96566098113524,0.10165586046817972,{'alpha': 10}
linear,LinearRegression,0.9631787232658074,32001.215487778525,117.84308006067396,0.10109483683339904,{}
lasso,Lasso,0.9603155279617601,34489.60638660173,121.6497138682082,0.10334339721217083,{'alpha': 0.005}
