model,r2,corr,mse,mae,mape,class_name,params
lasso,0.9497073942390131,0.9751777983881588,0.027853621264722045,0.11313114058166482,0.01677414653841652,Lasso,{'alpha': 0.005}
ridge,0.9493409722561601,0.9752522226403166,0.028056557242665967,0.11352293640476264,0.016824653959849726,Ridge,{'alpha': 0.1}
linear,0.9491650823324339,0.9751708152106902,0.028153970594899762,0.11374473470074287,0.016858119947389585,LinearRegression,{}
gb,0.9479363128599644,0.974242305739076,0.02883450163897559,0.11406151049074144,0.017022298043150613,GradientBoostingRegressor,"{'learning_rate': 0.01, 'max_depth': 6}"
eng,0.8167942652071398,0.9232476032327417,0.09397142665210007,0.20378486370523366,0.029563432858133624,,
