,cb,gb,lasso,linear,rf,ridge,mean,sd
rel_power_ship_sum,1,1,1,2,3,2,1.6666666666666667,0.7453559924999299
rel_power_ship_squared_sum,4,4,2,1,5,1,2.8333333333333335,1.5723301886761005
rel_power_ship_cubed_sum,3,3,4,3,2,3,3.0,0.5773502691896257
cal_fc,2,2,3,6,1,6,3.3333333333333335,1.9720265943665387
Draught..m.,5,5,5,4,6,4,4.833333333333333,0.6871842709362768
ME_W_ref_first,6,6,7,5,4,5,5.5,0.9574271077563381
Speed..knots.,7,7,6,7,8,7,7.0,0.5773502691896257
ME_SFC_base_first,8,8,8,8,7,8,7.833333333333333,0.37267799624996495
