model,class_name,mae,te,mse,mape,r2,params
gb,GradientBoostingRegressor,0.008366402763030212,0.237261232935496,0.00012685806349830753,0.09187644886536032,0.8151561127008847,"{'learning_rate': 0.005, 'max_depth': 6}"
linear,LinearRegression,0.010486962322301872,0.25369237447264137,0.00019239868727196334,0.11718987906089787,0.7196573849082051,{}
lasso,Lasso,0.011103130090558124,1.4132313631784943,0.0002076870874346368,0.12694006353166845,0.6973807771883442,{'alpha': 0.005}
ridge,Ridge,0.009771510332324203,0.416946027122283,0.00016514948731374636,0.10830384436916342,0.7593619800058191,{'alpha': 1000}
rf,RandomForestRegressor,0.008084321972475687,0.2282777400693355,0.00011907027647474063,0.08865970186838315,0.8265036359658361,"{'max_depth': 30, 'n_estimators': 1000}"
cb,CatBoostRegressor,0.008471862749394838,0.27693439668226527,0.0001311944969114015,0.09272296822413553,0.8088375296562937,"{'depth': 8, 'l2_leaf_reg': 7, 'learning_rate': 0.05}"
