model,class_name,mae_mean,te_mean,mse_mean,mape_mean,r2_mean,params,mae_sd,te_sd,mse_sd,mape_sd,r2_sd
gb,GradientBoostingRegressor,0.010701787941034045,-0.06431701518385129,0.0012837680911384729,0.11333598315690215,0.6763594392101929,"{'learning_rate': 0.005, 'max_depth': 6}",0.002497195824466331,0.45142352806794594,0.003229926503604358,0.012848493980462186,0.17581972042585872
ridge,Ridge,0.012133065382390767,-0.07974903830630325,0.001478150070280144,0.1309414774812852,0.6050454465951971,{'alpha': 100},0.0025013698878021797,0.5081144667835389,0.003618202945066406,0.014791609560469737,0.18867655067969064
linear,LinearRegression,0.012378714470906648,-0.07673412021551335,0.001476635368403044,0.13416404892777126,0.596207512954562,{},0.0024359891134265706,0.5065274329688477,0.003593776480732918,0.01525144744846438,0.18377744983757488
lasso,Lasso,0.012393800372877845,-0.09627588166305491,0.0015488201799408567,0.12975905439629157,0.5699297268052399,{'alpha': 0.005},0.002810457195965654,0.5306950423996879,0.0037208498291691292,0.011919683398297423,0.19372096707862205
