model,class_name,mae,te,mse,mape,r2,params
gb,GradientBoostingRegressor,0.010896522754687424,5.518531757983457,0.00023953483113095067,0.12289753958096154,0.6747890351540917,"{'learning_rate': 0.005, 'max_depth': 6}"
linear,LinearRegression,0.018484246424530976,7.300041787249752,0.0006251808766392634,0.2200328824238975,0.15120621441515747,{}
lasso,Lasso,0.011728796512740593,6.403241723699689,0.00023790305914323033,0.13797303262652255,0.6770044546821392,{'alpha': 0.005}
ridge,Ridge,0.011000034067199873,4.916496147870757,0.00021509156427948047,0.12698770978888652,0.7079750998246068,{'alpha': 1000}
