mae,te,mse,mape,r2,class_name,params
257.86298049512266,-74012.51465262631,190111.35015421952,0.20976184456275546,0.772558369404748,GradientBoostingRegressor,"{'learning_rate': 0.005, 'max_depth': 3}"
284.04776679312647,-66729.0269802472,267200.1122292963,0.22780316918410784,0.680332451632338,LinearRegression,{}
284.0479100711661,-66731.38496816823,267199.232137587,0.22780332009445145,0.6803335045389283,Ridge,{'alpha': 0.005}
284.39582995391834,-71766.8692561464,265441.1243497278,0.22816781624418717,0.6824368345174303,Lasso,{'alpha': 0.005}
347.1932236190591,230630.08307785328,661745.1151056599,0.27194801871631485,0.2083145593570258,Calculation,
