r2,mse,mae,mape,class_name,params
0.9970225959421849,2488.718990909735,35.364495510825556,0.0294133935623039,CatBoostRegressor,"{'depth': 6, 'l2_leaf_reg': 1, 'learning_rate': 0.05}"
0.9933292957475013,5575.8331867521365,49.50110282356466,0.04093683929210662,GradientBoostingRegressor,"{'learning_rate': 0.05, 'max_depth': 3}"
0.9888173232585721,9347.249965132067,53.88235242544615,0.043568689550963824,RandomForestRegressor,"{'max_depth': 30, 'n_estimators': 700}"
0.9652022364854823,29086.362891342622,112.7202541135994,0.09638486775112277,Ridge,{'alpha': 1}
0.9651833477686691,29102.151379345647,112.58180302391558,0.0964028550808439,LinearRegression,{}
0.9605175900897055,33002.112391402814,117.93928396694318,0.10005818160469869,Lasso,{'alpha': 0.005}
0.2083145593570258,661745.1151056599,347.1932236190591,0.27194801871631485,Calculation,
