model,class_name,mae,te,mse,mape,r2,params
gb,GradientBoostingRegressor,0.009315925693767012,-0.5646158356804224,0.00018346395915987387,0.0932626106059894,0.7871556422348228,"{'learning_rate': 0.005, 'max_depth': 6}"
linear,LinearRegression,0.01180074789860784,-0.1276708225430872,0.00026342128297183716,0.12469565817424047,0.6943937433130327,{}
lasso,Lasso,0.011345095424531859,-0.8564693444983887,0.00027080467544475593,0.11512330541451048,0.6858279550447375,{'alpha': 0.005}
ridge,Ridge,0.011201726763054842,-0.6200668632233213,0.00024629963820590057,0.11640809990385614,0.7142572930847545,{'alpha': 1000}
rf,RandomForestRegressor,0.009224041055952882,-0.69439758262784,0.00019005825012397985,0.09092616683018924,0.7795053242562995,"{'max_depth': 30, 'n_estimators': 700}"
cb,CatBoostRegressor,0.009221448697712116,-0.7744634521982565,0.00017954079642873227,0.09213824368674933,0.7917070705139349,"{'depth': 8, 'l2_leaf_reg': 1, 'learning_rate': 0.01}"
