model,r2,rmse,mae,mape,class_name,params
gb,0.9409827499343825,52523.14111328347,143.4323811368251,0.129858751021798,GradientBoostingRegressor,"{'learning_rate': 0.01, 'max_depth': 4}"
lasso,0.9404869621871713,52964.37363055692,145.44400017446674,0.12247851194469338,Lasso,{'alpha': 0.005}
ridge,0.9392124460407907,54098.645243230836,145.74211744295292,0.12646398178871918,Ridge,{'alpha': 1000}
eng,0.6999647155290702,267020.16050747165,245.82138729567131,0.19524065961190543,Calculation,
linear,-113.67334688728137,102054981.78577594,6665.666950956511,5.060015425682514,LinearRegression,{}
