model,r2,corr,mse,mae,mape,class_name,params
ridge,0.9554003446301921,0.9786971449642541,0.024438761208621623,0.10961409917442347,0.016356039844950435,Ridge,{'alpha': 1}
linear,0.9553677833930956,0.9786727198664366,0.024456603415953963,0.10969801879378496,0.01636872116283989,LinearRegression,{}
lasso,0.9543482665499167,0.9781888725713787,0.02501525635782143,0.11105524870962281,0.016558685527675303,Lasso,{'alpha': 0.005}
gb,0.9335097710856305,0.9682822026610386,0.036433887519338994,0.13321199347898238,0.020159481549052095,GradientBoostingRegressor,"{'learning_rate': 0.01, 'max_depth': 4}"
eng,0.8258874182382063,0.927103826486711,0.0877190913486793,0.20067751470272488,0.029284960851771392,,
