model,class_name,r2,mse,mae,mape,params
gb,GradientBoostingRegressor,0.8998772934215542,83689.44101792965,188.56654157151058,0.16117227036894674,"{'learning_rate': 0.01, 'max_depth': 3}"
linear,LinearRegression,0.8141079211375833,155381.37852343745,242.9168750746998,0.19800437169822235,{}
ridge,Ridge,0.814104750389161,155384.02885293958,242.91701640570838,0.19800409231003213,{'alpha': 0.005}
lasso,Lasso,0.8072238944030696,161135.52130535018,244.63429467729375,0.19895619462722205,{'alpha': 0.005}
