model,class_name,mae_mean,te_mean,mse_mean,mape_mean,r2_mean,params,mae_sd,te_sd,mse_sd,mape_sd,r2_sd
ridge,Ridge,135.3158859669762,-2454.0971479062187,47091.17622275631,0.10796329062623038,0.95101849099917,{'alpha': 1},13.820506319988054,2964.0298340613626,15015.928325384206,0.00874618204932142,0.013425443981975664
linear,LinearRegression,135.92131384524157,-2390.2552542816798,47820.79322487474,0.10814813504536912,0.9502681316395432,{},13.91851727847845,3023.74473724157,15881.813512198965,0.008777497588605316,0.014356278581941948
lasso,Lasso,137.46816896459262,-3541.8443420999374,48266.80032571601,0.10897038892978737,0.9498406926463244,{'alpha': 0.005},13.066064507591062,3022.0610790406186,13486.039087132902,0.008047557157894618,0.011132012205324603
cb,CatBoostRegressor,132.5666577057225,-2428.491420084533,52488.90222205509,0.10790449613606075,0.9463869501038601,"{'depth': 6, 'l2_leaf_reg': 1, 'learning_rate': 0.05}",17.031325748907527,3143.564244121685,25275.11657515857,0.00955940511098949,0.022578338565504796
gb,GradientBoostingRegressor,142.27608262842065,-2958.2648146546044,55057.03885315925,0.11722459394686655,0.943325412582315,"{'learning_rate': 0.05, 'max_depth': 3}",18.571508233220044,3176.128266019698,23752.644438560517,0.01108645188033752,0.02097770161744372
rf,RandomForestRegressor,144.3838130435937,-3265.7201699158422,60400.24197717755,0.1147565290583318,0.9383679138247005,"{'max_depth': 30, 'n_estimators': 200}",16.038138982127027,3463.533002406284,27003.010872230538,0.007414603068458564,0.022225599936437062
