model,class_name,mae,te,mse,mape,r2,params
linear,LinearRegression,0.0002879340576269522,-0.3026359191314715,1.5999910609964855e-07,0.32706517989383804,0.4897650705021809,{}
linearstruct,LinearRegression,0.00034406369444298004,-0.3677413584841437,1.8874942514731607e-07,0.4299784299516824,0.39808070194583267,{'fit_intercept': False}
