,gb,lasso,linear,ridge,mean,sd
rel_power_ship_squared_sum,3,1,1,1,1.5,0.8660254037844386
rel_power_ship_sum,1,2,2,2,1.75,0.4330127018922193
cal_fc,2,3,4,4,3.25,0.82915619758885
rel_power_ship_cubed_sum,4,5,3,3,3.75,0.82915619758885
ME_W_ref_first,5,4,5,5,4.75,0.4330127018922193
ME_SFC_base_first,6,6,6,6,6.0,0.0
