model,class_name,best_cv_mean_score,best_cv_std_score,best_params
ridge,Ridge,0.9579880036650599,0.010126059322446413,{'alpha': 10}
lasso,Lasso,0.9563055383299656,0.007959676548555181,{'alpha': 0.005}
linear,LinearRegression,0.9550947491702585,0.010056427146573446,{}
gb,GradientBoostingRegressor,0.9462384376905961,0.01297360604988155,"{'learning_rate': 0.05, 'max_depth': 5}"
