model,mae,te,mse,mape,r2,class_name,params
ridge,146.50253236551268,-6334.581747810376,56429.182715543626,0.1218070410902061,0.9543085461653836,Ridge,{'alpha': 0.1}
linear,146.50703903866085,-5159.6192750800865,56454.77993466889,0.12211706678514506,0.9542878197592994,LinearRegression,{}
lasso,150.34607300068805,-18125.547212766698,60486.40459190298,0.12262713117596047,0.9510233600765656,Lasso,{'alpha': 0.005}
cb,163.6721038829157,-2479.5645748514057,90951.20181630667,0.13126316092392248,0.9263556117773091,CatBoostRegressor,"{'depth': 6, 'l2_leaf_reg': 1, 'learning_rate': 0.05}"
gb,168.46040592963527,3724.586441810715,71415.03608481144,0.14146141232473228,0.9421743029521531,GradientBoostingRegressor,"{'learning_rate': 0.05, 'max_depth': 3}"
rf,173.03039841099093,-16601.551385534593,110278.43676434454,0.13743465585253972,0.9107060946146972,RandomForestRegressor,"{'max_depth': 10, 'n_estimators': 200}"
eng,279.1433792121064,-58384.42941313402,178781.22865791814,0.22150885741387183,0.8552384801159073,Calculation,
