class_name,mae,te,mse,mape,r2,params
GradientBoostingRegressor,0.008239200356062303,-0.5853761675295772,0.0010343470258852492,0.08103605256056133,0.5840992789278008,"{'learning_rate': 0.005, 'max_depth': 5}"
LinearRegression,0.012568749846044442,-0.5830834795641341,0.0014634006002394982,0.12779158214490965,0.4115810751848983,{}
Lasso,0.012613415649480972,-0.8555033764095601,0.001797538545665944,0.12553518882023265,0.27722750818787856,{'alpha': 0.005}
Ridge,0.011757372747062022,-0.7213012822508098,0.001641652889822638,0.11715786760965774,0.3399075904499763,{'alpha': 1000}
