model,r2,corr,mse,mae,mape,class_name,params
ridge,0.9565602898369068,0.9791274133424354,0.023745217438468757,0.10686018830640286,0.016022601447790715,Ridge,{'alpha': 10}
lasso,0.9564263976780275,0.9788926258481326,0.023818406196265667,0.10686813513353613,0.015995454879410675,Lasso,{'alpha': 0.005}
cb,0.9564101586092411,0.9787889884599249,0.02382728287195902,0.10698909501843748,0.016090354249726296,CatBoostRegressor,"{'depth': 6, 'l2_leaf_reg': 7, 'learning_rate': 0.05}"
linear,0.9556635900941947,0.9789085211585858,0.02423537564366339,0.10810972889674805,0.016185876213369508,LinearRegression,{}
gb,0.9542455303682936,0.9781503988561849,0.025010522080088412,0.11074068306674371,0.016603083316528783,GradientBoostingRegressor,"{'learning_rate': 0.01, 'max_depth': 6}"
rf,0.9456994840110546,0.9728647352975374,0.02968200189038145,0.12223835573702467,0.018365806602487166,RandomForestRegressor,"{'max_depth': 50, 'n_estimators': 200}"
eng,0.8258874182382063,0.927103826486711,0.0877190913486793,0.20067751470272488,0.029284960851771392,,
