model,class_name,r2,mse,mae,mape,params
gb,GradientBoostingRegressor,0.9858909950885921,11793.27621781594,68.84243573196245,0.057312533042482655,"{'learning_rate': 0.05, 'max_depth': 3}"
ridge,Ridge,0.9442444997677755,46604.279963746376,136.24747241202147,0.11209260935719595,{'alpha': 0.005}
linear,LinearRegression,0.9442443377692468,46604.415373253134,136.24936098115822,0.11209396081934485,{}
lasso,Lasso,0.9395355573174633,50540.3377764011,139.726303918325,0.11455731024552851,{'alpha': 0.005}
