model,class_name,r2,mse,mae,mape,params
gb,GradientBoostingRegressor,0.9052942974613163,79161.53665365478,172.03087027409583,0.13993175039615333,"{'learning_rate': 0.01, 'max_depth': 3}"
linear,LinearRegression,0.8359545264670849,137120.48396069588,214.19388281229118,0.1690783327902669,{}
ridge,Ridge,0.8359519439221023,137122.64262932749,214.19478321702215,0.16907914427371573,{'alpha': 0.005}
lasso,Lasso,0.8274408263264492,144236.8198061099,217.3882318451275,0.17264982390329217,{'alpha': 0.005}
