model,class_name,mae_mean,te_mean,mse_mean,mape_mean,r2_mean,params,mae_sd,te_sd,mse_sd,mape_sd,r2_sd
linear,LinearRegression,136.38929757308108,-3071.6013746075996,46715.72484249275,0.11265968757151083,0.9484974499606467,{},13.252018228964886,3322.31250752452,15278.701605366548,0.007911000307749057,0.013671126953288357
ridge,Ridge,136.3893495994714,-3071.951828014435,46716.005902962395,0.11265968040917679,0.9484971669728923,{'alpha': 0.005},13.252057013692678,3322.3289038599914,15278.754981414626,0.007911001545407572,0.01367107144820414
gb,GradientBoostingRegressor,136.5092958600022,-3191.599695930866,49188.925361031776,0.11699255020328955,0.9463708351013906,"{'learning_rate': 0.05, 'max_depth': 3}",12.973115743662584,2902.8240938158383,17997.304346904355,0.010806038608046893,0.01484197659743461
lasso,Lasso,137.55476062444728,-4385.00779587862,48836.716442721496,0.11273151314586934,0.9462823585309414,{'alpha': 0.005},13.425165288435824,3447.980908478288,15896.32950824123,0.007746453732599203,0.013662167301094342
