model,mae,te,mse,mape,r2,class_name,params
gb,125.39670709995973,3348.144946736378,36266.31260873223,0.11415032889185317,0.9361881926110117,GradientBoostingRegressor,"{'learning_rate': 0.005, 'max_depth': 5}"
ridge,145.1113371742775,5978.4614807463495,48096.90954144645,0.13030410083494673,0.9153718559486144,Ridge,{'alpha': 100}
linear,148.80788476210796,6616.065493363157,49688.845899970285,0.13334800809867664,0.9125707899185049,LinearRegression,{}
lasso,163.31932724960552,10224.646991075913,61136.62092324059,0.13991173415179284,0.8924280413932109,Lasso,{'alpha': 0.005}
eng,501.8676891331509,103612.6042334548,1339585.4509771145,0.3766394726528665,-1.3570460471423935,Calculation,
