model,class_name,best_cv_mean_score,best_cv_std_score,best_params
ridge,Ridge,0.9586465553900986,0.008150039989060491,{'alpha': 10}
linear,LinearRegression,0.9581427864762968,0.008037582646493539,{}
lasso,Lasso,0.9567106772285445,0.00816960181785738,{'alpha': 0.005}
gb,GradientBoostingRegressor,0.9487662509423614,0.015300383237756458,"{'learning_rate': 0.05, 'max_depth': 5}"
