r2,mse,mae,mape,class_name,params
0.9976292865349131,2060.3770207015837,28.187976227455806,0.02149449792153264,GradientBoostingRegressor,"{'learning_rate': 0.05, 'max_depth': 4}"
0.9634337076282184,31779.609659538743,117.96566098113524,0.10165586046817972,Ridge,{'alpha': 10}
0.9631787232658074,32001.215487778525,117.84308006067396,0.10109483683339904,LinearRegression,{}
0.9603155279617601,34489.60638660173,121.6497138682082,0.10334339721217083,Lasso,{'alpha': 0.005}
0.7515996015707245,215883.73305925264,243.44752135034798,0.19354315147847,Calculation,
