model,class_name,r2_mean,mse_mean,mae_mean,mape_mean,params,r2_sd,mse_sd,mae_sd,mape_sd
gb,GradientBoostingRegressor,0.9480980679340313,44147.02818457748,130.29612895737324,0.10994098688638872,"{'learning_rate': 0.05, 'max_depth': 3}",0.02177969547271884,19448.51354733369,14.483579071008844,0.01758228524216842
ridge,Ridge,0.4903361410890608,465321.34411395696,290.43113901070865,0.28310850197177917,{'alpha': 1000},0.5844323714639341,556248.0556336521,58.39226162136347,0.05548893481659725
lasso,Lasso,0.47164755840182104,488281.5591407973,306.9069318267412,0.3165880156626054,{'alpha': 0.1},0.5635030035522606,580120.2687951766,65.71539642574294,0.06783628147314846
linear,LinearRegression,0.40140664843471,553687.9086008968,303.65964011890736,0.24413965239511665,{},0.4634583164865057,514161.4120225809,67.21917030926394,0.03883833356719338
