model,mae,te,mse,mape,r2,class_name,params
ridge,167.73744305122707,10796.245547460461,61002.587182651514,0.11418106567670559,0.9593759121567126,Ridge,{'alpha': 100}
linear,169.45055871847842,13155.129350685234,62425.46749329355,0.11590060441743934,0.9584283586610398,LinearRegression,{}
gb,180.28510527528417,25687.46013137752,70053.99936691337,0.12061050344852503,0.9533482110269509,GradientBoostingRegressor,"{'learning_rate': 0.005, 'max_depth': 6}"
lasso,212.47700925469076,-37281.48189338747,109148.80820262799,0.12337320913806399,0.9273133980508503,Lasso,{'alpha': 0.005}
eng,310.819081961299,-36484.385473356626,205986.9255340104,0.19245713276919674,0.8628249826125061,Calculation,
