model,mae,te,mse,mape,r2,class_name,params
gb,116.49411810309279,13554.300269051439,30123.866909072054,0.11911491182432085,0.9478167285107459,GradientBoostingRegressor,"{'learning_rate': 0.005, 'max_depth': 6}"
rf,117.182627262006,15626.75591246871,32149.76743922307,0.12056701413052824,0.9443072814104052,RandomForestRegressor,"{'max_depth': 10, 'n_estimators': 200}"
cb,120.26903148017273,10124.710327895704,32300.011331781767,0.12027491762457929,0.944047015427334,CatBoostRegressor,"{'depth': 6, 'l2_leaf_reg': 7, 'learning_rate': 0.05}"
lasso,143.40112089280152,36716.88159683449,48530.84253656973,0.13578011688928843,0.9159305098733731,Lasso,{'alpha': 0.005}
ridge,142.1184700083897,17255.14218540672,52868.39788306092,0.13198744148880381,0.9084166063984693,Ridge,{'alpha': 100}
linear,179.4500955084249,54362.40116583457,124256.96656287248,0.15486047383723656,0.7847509073070302,LinearRegression,{}
eng,489.77705754034855,232086.75863626137,1569399.7501911845,0.3922135089140644,-1.718655393299798,Calculation,
