model,class_name,r2_mean,mse_mean,mae_mean,mape_mean,params,r2_sd,mse_sd,mae_sd,mape_sd
gb,GradientBoostingRegressor,0.9514021689865259,38425.289787663234,123.32200851184325,0.10577791194257267,"{'learning_rate': 0.01, 'max_depth': 6}",0.017077182358416397,11265.088105095077,12.508387574927026,0.011697772163134406
cb,CatBoostRegressor,0.9493257702641458,40538.38133559827,125.10981373337496,0.1060458618681205,"{'depth': 6, 'l2_leaf_reg': 1, 'learning_rate': 0.05}",0.01632647688413091,12508.0915903898,12.829939874915539,0.011848233353320536
rf,RandomForestRegressor,0.9124581836605744,70380.7063012836,157.81529859117504,0.1270254376714672,"{'max_depth': 50, 'n_estimators': 1000}",0.025213309404837875,20025.935519884188,19.652928901743724,0.01302612023884042
ridge,Ridge,0.701020028351011,249088.04627934648,262.8073088326966,0.2606130397302971,{'alpha': 1000},0.18045039263354462,163731.94298137247,38.87558412951764,0.04235448504751487
lasso,Lasso,0.6674491970844746,277118.33751176874,282.8913052612925,0.29750774406911723,{'alpha': 0.1},0.21807017818074986,196778.69392971243,35.25418738812009,0.06162737601489744
linear,LinearRegression,0.2010004007872661,717934.1827537641,292.90192254782016,0.22800599978839997,{},0.6769690945886597,729677.3187422097,60.36752274602025,0.029024338687813622
