model,r2,mse,mae,mape,class_name,params
ridge,0.95442778892253,39539.09550656177,129.87162895036437,0.10914771743925626,Ridge,{'alpha': 10}
linear,0.953455443603318,40382.71607121525,131.62699779583986,0.10941296745894011,LinearRegression,{}
lasso,0.9508421469979619,42650.04920303317,132.39735897210755,0.10938293339724209,Lasso,{'alpha': 0.005}
cb,0.9414367439089618,50810.31007739605,133.03488435751302,0.11076887220632527,CatBoostRegressor,"{'depth': 6, 'l2_leaf_reg': 1, 'learning_rate': 0.05}"
gb,0.9412981476125208,50930.55818632629,137.8519193658472,0.11199079245723285,GradientBoostingRegressor,"{'learning_rate': 0.01, 'max_depth': 6}"
rf,0.9322515623102724,58779.503669041645,150.0538462595821,0.12252777384458506,RandomForestRegressor,"{'max_depth': 50, 'n_estimators': 1000}"
eng,0.5798127006386535,364560.44960930356,260.24568481368965,0.20372183714319292,Calculation,
