model,r2,mse,mae,mape,class_name,params
linear,0.845315411739577,148646.72814781158,238.31397321257566,0.1941883898295095,LinearRegression,{}
ridge,0.8453142294031547,148647.86433366392,238.31392226408744,0.19418753277039372,Ridge,{'alpha': 0.005}
lasso,0.8410064433103825,152787.5030362163,240.21972667523005,0.19450924394486546,Lasso,{'alpha': 0.005}
gb,0.8307789705748959,162615.76308751194,234.9769363336244,0.18285758526055498,GradientBoostingRegressor,"{'learning_rate': 0.01, 'max_depth': 3}"
eng,0.514774542636733,466285.4746049015,309.6549941966246,0.22778769011231972,Calculation,
