model,class_name,mae_mean,te_mean,mse_mean,mape_mean,r2_mean,params,mae_sd,te_sd,mse_sd,mape_sd,r2_sd
cb,CatBoostRegressor,158.17930971418855,-3666.7073438324924,63621.78390868236,0.1321831249395197,0.9166887396929712,"{'depth': 6, 'l2_leaf_reg': 1, 'learning_rate': 0.01}",18.517036883874617,3480.5099075455237,25860.831507824754,0.013929909543992309,0.022178857617104107
gb,GradientBoostingRegressor,162.58346889515082,-3789.204878647571,66973.83208555725,0.13876274320211276,0.9116011444888912,"{'learning_rate': 0.01, 'max_depth': 3}",17.43316101513421,3469.1955009989256,23881.282036879435,0.014641175097143865,0.020291395135947996
rf,RandomForestRegressor,167.47120105576747,-3529.8632035360292,68378.18789997195,0.1420950676179201,0.9098282686872796,"{'max_depth': 10, 'n_estimators': 1000}",20.80551337758712,3493.9898190841013,26572.856891235944,0.014233698044947816,0.02409285655105399
linear,LinearRegression,176.808271339467,-7785.092801498607,75728.2602866289,0.14909432322225544,0.8997451901960969,{},18.5237732559968,4048.471715386478,22740.205281710263,0.013147883636049433,0.018578334322945828
ridge,Ridge,176.8090234826028,-7785.324521934182,75729.07703778107,0.14909487932652327,0.8997441799220517,{'alpha': 0.005},18.523968284090415,4048.4825286653772,22740.605103625774,0.013147921663192013,0.01857854143279629
lasso,Lasso,179.39580379205546,-8558.451851671653,79357.3698944966,0.1507308068905153,0.8953237870634929,{'alpha': 0.005},19.640042533599193,4203.166518020859,25401.437369395724,0.013230957122507598,0.02079572847952014
