model,class_name,r2,corr,mse,mae,mape,params
gb,GradientBoostingRegressor,0.9903932431951527,0.9952103879454514,0.004927578514242321,0.05181825269401684,0.007597506010178817,"{'learning_rate': 0.01, 'max_depth': 6}"
ridge,Ridge,0.9645559261177672,0.9821182786708463,0.018180272538093376,0.1001249746394408,0.014783079471572858,{'alpha': 0.1}
linear,LinearRegression,0.9645393444189723,0.982109949743674,0.01818877776252776,0.10024378360398543,0.014799267071198342,{}
lasso,Lasso,0.9635790554878796,0.9816721661924194,0.01868133723920039,0.10178619603788354,0.015026522618780873,{'alpha': 0.005}
