model,mae,te,mse,mape,r2,class_name,params
cb,103.13386252405165,-4092.978959619199,27901.10077249219,0.10500194429368219,0.9516672039199086,CatBoostRegressor,"{'depth': 6, 'l2_leaf_reg': 1, 'learning_rate': 0.05}"
gb,108.53379276088747,-5213.173780561651,29386.78371988902,0.11306806693416402,0.9490935703015893,GradientBoostingRegressor,"{'learning_rate': 0.05, 'max_depth': 3}"
ridge,110.47190054395465,-4953.114838228523,29477.995008866066,0.10930559508028136,0.9489355659036166,Ridge,{'alpha': 1}
linear,110.66282147604063,-4610.63851756178,29393.120398315295,0.10996996620129422,0.9490825933373217,LinearRegression,{}
lasso,112.02389164358668,-3337.895949389056,30681.509230201442,0.11048969508323528,0.9468507303297943,Lasso,{'alpha': 0.005}
rf,115.99265554878738,3090.302461073992,34719.43566041682,0.11635172096005968,0.9398558710111818,RandomForestRegressor,"{'max_depth': 30, 'n_estimators': 200}"
eng,489.77705754034855,232086.75863626137,1569399.7501911845,0.3922135089140644,-1.718655393299798,Calculation,
