model,r2,mse,mae,mape,class_name,params
rf,0.9594071249422017,36126.13773912062,122.95332092384916,0.10453277595186837,RandomForestRegressor,"{'max_depth': 50, 'n_estimators': 200}"
cb,0.9534732553124841,41407.05936056126,128.54033788337196,0.1089186418998526,CatBoostRegressor,"{'depth': 6, 'l2_leaf_reg': 1, 'learning_rate': 0.05}"
gb,0.9407657280696864,52716.282440800824,143.13308285791578,0.12580142290352547,GradientBoostingRegressor,"{'learning_rate': 0.01, 'max_depth': 4}"
linear,0.9398392109485868,53540.84796090351,154.8778255722895,0.1426461707993638,LinearRegression,{}
lasso,0.9389970018496829,54290.38250037187,145.7284479147312,0.11983421619439902,Lasso,{'alpha': 0.005}
ridge,0.9381839374576522,55013.979342809274,145.66022592913006,0.1221547632680907,Ridge,{'alpha': 1000}
eng,0.6999647155290702,267020.16050747165,245.82138729567131,0.19524065961190543,Calculation,
