model,r2,mse,mae,mape,class_name,params
cb,0.8065919241248392,185858.70770657828,259.27356310681586,0.1960242511658134,CatBoostRegressor,"{'depth': 6, 'l2_leaf_reg': 15, 'learning_rate': 0.01}"
gb,0.7943477803946551,197624.92129599676,263.43286999872515,0.2008146293603109,GradientBoostingRegressor,"{'learning_rate': 0.005, 'max_depth': 3}"
rf,0.7702024856126223,220827.7439551686,284.56987672839296,0.21973122445414417,RandomForestRegressor,"{'max_depth': 10, 'n_estimators': 700}"
linear,0.769172075159092,221817.93402057257,266.1659913040953,0.2066849118790481,LinearRegression,{}
ridge,0.7544387346270824,235976.18268257644,280.4011768231325,0.21934210619319738,Ridge,{'alpha': 100}
lasso,0.7148674713501197,274002.84636605304,306.8279186131476,0.24332998374619277,Lasso,{'alpha': 0.1}
eng,0.514774542636733,466285.4746049015,309.6549941966246,0.22778769011231972,Calculation,
