r2,mse,mae,mape,class_name,params
0.9975492432856407,7.150354773919622e-06,0.002083482978765869,0.02276735561163125,CatBoostRegressor,"{'depth': 6, 'l2_leaf_reg': 1, 'learning_rate': 0.05}"
0.8828527818934,0.0003417900133995485,0.004001423529734216,0.035996251088224344,RandomForestRegressor,"{'max_depth': 50, 'n_estimators': 200}"
0.8642097132911459,0.00039618323562335615,0.011414739856857349,0.11769617848047628,LinearRegression,{}
0.7235347470930944,0.0008066180659072532,0.007976339485712105,0.07903340149205172,GradientBoostingRegressor,"{'learning_rate': 0.01, 'max_depth': 4}"
0.34110684887614684,0.0019223939124748603,0.012018648184594154,0.11603909630111227,Ridge,{'alpha': 1000}
0.29117783220308047,0.0020680673612646122,0.012701709778430133,0.12140098737545185,Lasso,{'alpha': 0.005}
0.013664495241456742,0.002877743328749861,0.019501538309638224,0.18642029066335788,Calculation,
