model,class_name,r2_mean,mse_mean,mae_mean,mape_mean,params,r2_sd,mse_sd,mae_sd,mape_sd
cb,CatBoostRegressor,0.7147181050840726,0.002033993666081163,0.01082526876782352,0.10074735895673312,"{'depth': 8, 'l2_leaf_reg': 1, 'learning_rate': 0.01}",0.22011431626810737,0.005518988893247899,0.003797326243702007,0.009001247540483743
ridge,Ridge,0.6753570016664273,0.0021439597210377646,0.012009941312365584,0.11666009610854787,{'alpha': 1000},0.21603687414990633,0.0057111747506615965,0.0038415523567832716,0.011042983030695412
gb,GradientBoostingRegressor,0.6660547243303744,0.0021043630693442783,0.011818301741982212,0.11223387241536095,"{'learning_rate': 0.005, 'max_depth': 6}",0.20675298994936156,0.005564382653615739,0.0037301507862997777,0.013055294072476697
lasso,Lasso,0.6510845179056598,0.00220241564313229,0.012825990084011621,0.12564352976105186,{'alpha': 0.005},0.21353544434908253,0.005818369770864236,0.0039453643959772265,0.012342262142268355
linear,LinearRegression,0.5491831398952111,0.0021815580103409036,0.015075395025997574,0.15109870162771935,{},0.16957469040466924,0.005444045679853372,0.0030622197187362196,0.022000242551523608
rf,RandomForestRegressor,0.4163300543660015,0.0022912997134630383,0.011250677620164403,0.1018768467032159,"{'max_depth': 30, 'n_estimators': 200}",1.0167287742732896,0.005150741116738448,0.004058488040884402,0.010173505231241733
