model,class_name,mae_mean,te_mean,mse_mean,mape_mean,r2_mean,params,mae_sd,te_sd,mse_sd,mape_sd,r2_sd
ridge,Ridge,118.67570445452394,-1553.5095044406162,35043.34374725978,0.10432257136749055,0.9588379514587105,{'alpha': 0.1},11.238904388388372,2514.4898855900674,11130.365359098909,0.012198977454229437,0.012642884675586857
linear,LinearRegression,119.23578669516694,-1540.202319936841,35424.88820173405,0.10464098927893979,0.9584095820467406,{},11.278181735581958,2519.976019269071,11408.7808429064,0.012181694913989434,0.012859653345581876
lasso,Lasso,120.91568787029533,-2852.6396247624725,36063.46872045388,0.10535138086194111,0.9580881208019906,{'alpha': 0.005},12.741182114393508,2419.1210837692965,10579.32765967467,0.01201625713051229,0.010413947110663659
cb,CatBoostRegressor,123.62925638606949,-2671.0942397583794,44310.94303278329,0.10833563362659558,0.9501036894157541,"{'depth': 6, 'l2_leaf_reg': 1, 'learning_rate': 0.05}",15.456803041149087,2732.4364860946102,22083.214115840005,0.011591825210104122,0.01858926376964447
gb,GradientBoostingRegressor,126.65324588772472,-2724.8652554016107,47811.664957483736,0.1095373622877572,0.9463089008959658,"{'learning_rate': 0.01, 'max_depth': 5}",16.79173556643322,3188.2513475322244,24231.576842378057,0.0106215530683809,0.020438445229525128
rf,RandomForestRegressor,147.79963877201013,-3602.967300979334,65911.2549182571,0.12546055033794484,0.9271337882901158,"{'max_depth': 30, 'n_estimators': 700}",17.76055326288135,3785.7450700740446,32786.848895336836,0.011704286776628605,0.023682073448810168
