model,class_name,mae,te,mse,mape,r2,params
gb,GradientBoostingRegressor,0.008792094762218523,1.4262690016230541,0.00020572891459126806,0.10591562400742195,0.6734744183177055,"{'learning_rate': 0.005, 'max_depth': 6}"
linear,LinearRegression,0.010972072642376107,1.869628559586701,0.00022050158100362445,0.13717500714310638,0.6500277700773424,{}
lasso,Lasso,0.011068727121775257,2.1430414022512916,0.00021078773019240672,0.1372745063704598,0.6654452469682768,{'alpha': 0.005}
ridge,Ridge,0.00944875793616001,1.4757767057370312,0.00016295670666389585,0.11688320608211676,0.7413609383096504,{'alpha': 1000}
rf,RandomForestRegressor,0.008821092537544187,1.5823526810140778,0.0004976879621035419,0.10387208210395667,0.2100874510274977,"{'max_depth': 50, 'n_estimators': 1000}"
cb,CatBoostRegressor,0.008981326548645134,1.2130823314955002,0.00043024142616066117,0.10747044290637851,0.31713618272843114,"{'depth': 8, 'l2_leaf_reg': 1, 'learning_rate': 0.05}"
