model,r2,mse,mae,mape,class_name,params
cb,0.9393439916167298,53981.57460981103,131.2854821931888,0.11116847129803967,CatBoostRegressor,"{'depth': 6, 'l2_leaf_reg': 1, 'learning_rate': 0.05}"
gb,0.9341807109132695,58576.700961747396,138.54721325700828,0.11687674185092722,GradientBoostingRegressor,"{'learning_rate': 0.05, 'max_depth': 3}"
rf,0.9168000308413339,74044.85495143893,158.94486797487187,0.1278761500495076,RandomForestRegressor,"{'max_depth': 30, 'n_estimators': 200}"
eng,0.6999647155290702,267020.16050747165,245.82138729567131,0.19524065961190543,Calculation,
linear,0.5267904852895231,421138.73638051027,312.99181155654446,0.2535414017108037,LinearRegression,{}
ridge,0.47930333137541403,463400.52396508673,301.9653982171012,0.29660638132469913,Ridge,{'alpha': 1000}
lasso,0.022821206224276414,869652.5104325595,340.46245778684374,0.34243595397724813,Lasso,{'alpha': 0.1}
