model,mae,te,mse,mape,r2,class_name,params
lasso,209.78305444731268,-45169.536277338586,98747.38133250004,0.11706338932994385,0.926667226568911,Lasso,{'alpha': 0.005}
ridge,223.7705133104302,-58921.28056324763,112289.31218669942,0.12272942197685899,0.9166105816862823,Ridge,{'alpha': 0.01}
linear,282.58175179257404,-105748.82977519368,178537.46267251496,0.1461961139005784,0.8674127139124858,LinearRegression,{}
eng,429.1513128096241,88465.77382325288,643704.1380094945,0.2436238132411277,0.5219659592758379,Calculation,
cb,431.0642025542146,-185611.46443224803,428439.6119550732,0.21110778272074207,0.6818278665374142,CatBoostRegressor,"{'depth': 6, 'l2_leaf_reg': 1, 'learning_rate': 0.01}"
gb,444.3065747091971,-183961.931936079,465401.96076648915,0.21580450965149744,0.6543785153314157,GradientBoostingRegressor,"{'learning_rate': 0.05, 'max_depth': 3}"
rf,444.36869542563755,-201848.50471282122,429632.6705372792,0.22233177348168326,0.6809418653744634,RandomForestRegressor,"{'max_depth': 30, 'n_estimators': 1000}"
