model,class_name,mae,te,mse,mape,r2,params
gb,GradientBoostingRegressor,55.47788676673908,-7622.942298667186,7573.544848956155,0.0439465949877159,0.9920798201856021,"{'learning_rate': 0.1, 'loss': 'squared_error', 'max_depth': 3, 'max_features': 'sqrt', 'min_samples_leaf': 20, 'min_samples_split': 20, 'n_estimators': 2000, 'warm_start': True}"
rf,RandomForestRegressor,68.43436045846543,-20864.79862183873,12427.266160174902,0.05387405813679071,0.9870039480120681,"{'max_depth': 10, 'n_estimators': 200}"
cb,CatBoostRegressor,75.38738550485459,-11665.569369781453,12945.92727802011,0.058552108606185635,0.9864615481982429,{'verbose': 0}
ridge,Ridge,135.05591958853523,-23721.68938011305,47459.525331247845,0.10884824579340602,0.950368290935616,{'alpha': 0.01}
linear,LinearRegression,135.1402882418349,-23748.994402681798,47477.036703424026,0.10889425838817877,0.95034997808223,{}
lasso,Lasso,140.42288446073997,-46786.13479724984,52095.60883586606,0.11142977042958728,0.9455200176734327,{'alpha': 0.01}
