model,class_name,mae,te,mse,mape,r2,params
gb,GradientBoostingRegressor,0.017086702563902646,0.08206454895332094,0.004611766462876847,0.14072008445707457,0.19792968899649666,"{'learning_rate': 0.005, 'max_depth': 6}"
linear,LinearRegression,0.016247398050371238,-1.0998645774411822,0.004609403074788476,0.13387365013003288,0.19834072529556346,{}
lasso,Lasso,0.018751100810767585,-4.399019727966252,0.004821310935367525,0.15078390568412428,0.16148608293522604,{'alpha': 0.005}
ridge,Ridge,0.01625484231418883,-1.121726037625765,0.004612414069335976,0.1339274173437834,0.19781705842028208,{'alpha': 10}
