model,r2,mse,mae,mape,class_name,params
lasso,0.94752589304125,46699.98892736645,145.49424487636898,0.12648717310695465,Lasso,{'alpha': 0.005}
gb,0.9463872758909656,47713.315525808444,139.62617102101643,0.12313517811750443,GradientBoostingRegressor,"{'learning_rate': 0.005, 'max_depth': 6}"
ridge,0.9448438120827412,49086.94047974113,143.0144310145415,0.12477475344191385,Ridge,{'alpha': 1000}
eng,0.6999647155290702,267020.16050747165,245.82138729567131,0.19524065961190543,Calculation,
linear,-0.0006663476058814677,890555.5532353946,596.074758189521,0.45412196003770067,LinearRegression,{}
