model,mae,te,mse,mape,r2,class_name,params
eng,318.3693747832371,-37058.50430957249,217584.4860484148,0.26132289149468124,0.8152235863481719,Calculation,
gb,365.65741807529065,-77289.30134625042,288161.1956704309,0.28038214694145813,0.7552886547354427,GradientBoostingRegressor,"{'learning_rate': 0.01, 'max_depth': 3}"
rf,380.5938316898445,-78628.41973094092,340126.5381985541,0.2842891166945043,0.711158809814427,RandomForestRegressor,"{'max_depth': 10, 'n_estimators': 700}"
linear,380.70419946540125,-80281.34595584325,337830.91895471356,0.257131953960388,0.7131082883764813,LinearRegression,{}
ridge,380.70435104214647,-80281.32563188308,337833.4076023508,0.2571312982672655,0.7131061749749534,Ridge,{'alpha': 0.005}
lasso,382.95509487971253,-80885.6642667678,348400.8999753963,0.25584184712472213,0.7041320823020507,Lasso,{'alpha': 0.005}
cb,387.1656333880896,-81664.50771355836,385589.9376851651,0.28572235108116956,0.6725505245358199,CatBoostRegressor,"{'learning_rate': 0.05, 'depth': 6, 'l2_leaf_reg': 7}"
linearstruct,406.2797073945514,-86269.44170831077,372117.2288732092,0.2734803921851604,0.6839917759855885,LinearRegression,{'fit_intercept': False}
