model,r2,mse,mae,mape,class_name,params
ridge,0.9523095077238353,45828.971847379195,131.25493988031226,0.11030942374000578,Ridge,{'alpha': 1}
linear,0.9502204565676442,47836.48030567765,131.51454109073816,0.11067553036932956,LinearRegression,{}
lasso,0.9501834171682142,47872.07393268173,136.5780720335932,0.1113883697715355,Lasso,{'alpha': 0.005}
gb,0.9430936310414811,54685.121844296176,143.15490875646702,0.11680982591487624,GradientBoostingRegressor,"{'learning_rate': 0.05, 'max_depth': 3}"
eng,0.514774542636733,466285.4746049015,309.6549941966246,0.22778769011231972,Calculation,
