model,class_name,best_cv_mean_score,best_cv_std_score,best_params
ridge,Ridge,0.9649651701046563,0.007567352334076986,{'alpha': 10}
linear,LinearRegression,0.9647160013809929,0.0081275791563745,{}
lasso,Lasso,0.9637253251673181,0.00702902068961602,{'alpha': 0.005}
cb,CatBoostRegressor,0.9590248220079192,0.0077583582640512305,"{'depth': 6, 'l2_leaf_reg': 1, 'learning_rate': 0.05}"
gb,GradientBoostingRegressor,0.9581701113498788,0.006569268249673989,"{'learning_rate': 0.01, 'max_depth': 6}"
rf,RandomForestRegressor,0.9450205319820661,0.009282837622821932,"{'max_depth': 50, 'n_estimators': 1000}"
