model,class_name,r2_mean,mse_mean,mae_mean,mape_mean,params,r2_sd,mse_sd,mae_sd,mape_sd
ridge,Ridge,0.9623894768091226,30514.66804031748,115.35222728641878,0.09893350333984992,{'alpha': 1},0.008818437936079452,7962.002435028817,12.206855707321925,0.007971920297487904
linear,LinearRegression,0.96186469705782,30878.535234781317,115.61557074165731,0.0994068947709855,{},0.00942875828485049,8136.103148563164,12.24149970322412,0.007947029238513112
lasso,Lasso,0.9592369424520978,33466.647815854856,118.98841090634146,0.10132436483380468,{'alpha': 0.005},0.008248640793258029,9428.269572339883,11.867481152645455,0.0078040864900864974
gb,GradientBoostingRegressor,0.9521453126913566,39818.37264240661,123.26301727363216,0.10711360205668105,"{'learning_rate': 0.05, 'max_depth': 3}",0.010078087578413495,14241.73805545477,13.74350064452517,0.007562223990828186
cb,CatBoostRegressor,0.9503884675713018,42188.98995080478,121.88039498827055,0.10521975867020325,"{'depth': 6, 'l2_leaf_reg': 1, 'learning_rate': 0.05}",0.014936523970092479,20771.155643429996,15.289152590730515,0.00748205921886402
rf,RandomForestRegressor,0.9224857503292047,65664.71191090213,146.48131632878417,0.12088298115406024,"{'max_depth': 30, 'n_estimators': 700}",0.021090002168004208,28960.50331294617,17.303487841349792,0.009508778987867153
