model,r2,mse,mae,mape,class_name,params
ridge,0.7427050105184059,0.0003034589697283471,0.011732242732741576,0.13140455372561563,Ridge,{'alpha': 1000}
lasso,0.7320253974144793,0.0003160547237154134,0.012008776725919167,0.13041657487681166,Lasso,{'alpha': 0.005}
rf,0.6971291714931283,0.00035721204584919074,0.01053147775180447,0.10671841305036282,RandomForestRegressor,"{'max_depth': 10, 'n_estimators': 200}"
gb,0.6573199386644243,0.0004041638687518228,0.013708556641882058,0.14645033879574362,GradientBoostingRegressor,"{'learning_rate': 0.005, 'max_depth': 6}"
linear,0.6240671398330534,0.00044338289938387345,0.015661104046061164,0.17962123879140446,LinearRegression,{}
eng,0.25923577054280555,0.0008736724735122521,0.01880210831131136,0.19414355343031642,Calculation,
cb,-0.7802905445887656,0.0020997110575939606,0.011882430625899304,0.11261147790482424,CatBoostRegressor,"{'depth': 6, 'l2_leaf_reg': 1, 'learning_rate': 0.01}"
