r2,mse,mae,mape,class_name,params
0.8443737792373758,130083.09372012902,222.07813477068368,0.18257379989989694,GradientBoostingRegressor,"{'learning_rate': 0.005, 'max_depth': 4}"
0.7330690901017827,223119.20445624774,276.24216674064036,0.2272974573604073,Ridge,{'alpha': 100}
0.7270893386846521,228117.49176416965,270.5556421339737,0.2205113245772056,LinearRegression,{}
0.7259588185001142,229062.45825116066,271.6786257683658,0.22113952421321698,Lasso,{'alpha': 0.005}
0.2083145593570258,661745.1151056599,347.1932236190591,0.27194801871631485,Calculation,
