model,class_name,r2,mse,mae,mape,params
rf,RandomForestRegressor,0.9704732063306961,3.3056829298106914e-05,0.0036164711659420236,0.03701769457474953,"{'max_depth': 30, 'n_estimators': 200}"
cb,CatBoostRegressor,0.9565125689220842,4.868651171055993e-05,0.005396979923470487,0.05886312301399827,"{'depth': 6, 'l2_leaf_reg': 15, 'learning_rate': 0.05}"
gb,GradientBoostingRegressor,0.9127623552646541,9.766722261426011e-05,0.006409625190426695,0.06873857062175219,"{'learning_rate': 0.005, 'max_depth': 6}"
linear,LinearRegression,0.7723356672264172,0.0002548824322089412,0.010648008107559727,0.1125638676799305,{}
ridge,Ridge,0.7587814444077864,0.0002700571116882708,0.010658335880797057,0.11278257214695366,{'alpha': 100}
lasso,Lasso,0.6866641125931796,0.00035079633295050956,0.01201661574817918,0.12686980116370042,{'alpha': 0.005}
