model,mae,te,mse,mape,r2,class_name,params
lasso,157.1540414517042,-14385.208552526416,57757.85776525988,0.12793751034555845,0.9398960841012307,Lasso,{'alpha': 0.005}
gb,150.44818063899868,-10115.31436283977,58740.032920602855,0.1249958744666554,0.9388740141142426,GradientBoostingRegressor,"{'learning_rate': 0.005, 'max_depth': 5}"
ridge,155.5394436461637,-25972.379546050943,62602.46706811905,0.13103066766404245,0.9348546923085354,Ridge,{'alpha': 1000}
linear,173.46279414479955,-27184.425987880517,92925.17375004846,0.14325638349720085,0.9033003119566737,LinearRegression,{}
eng,309.6549941966246,95245.65312576215,466285.4746049015,0.22778769011231972,0.514774542636733,Calculation,
