model,class_name,r2,corr,mse,mae,mape,params
gb,GradientBoostingRegressor,0.9838453967430965,0.9919128206736563,0.007587544496109557,0.06446018856844378,0.009146996377352749,"{'learning_rate': 0.01, 'max_depth': 4}"
ridge,Ridge,0.9635475212835903,0.981604572508028,0.017121114016591464,0.09788312805974858,0.013880171403086738,{'alpha': 1}
linear,LinearRegression,0.9634705111988939,0.9815655319339295,0.01715728435361501,0.09806085136476986,0.013907023370497295,{}
lasso,Lasso,0.962567594678002,0.981163518613256,0.01758136900426168,0.09932482445047228,0.01409627588103722,{'alpha': 0.005}
