model,mae,te,mse,mape,r2,class_name,params
linear,184.9200862314368,-40728.35825418789,94588.114355594,0.1392809024008916,0.9234107557047505,LinearRegression,{}
ridge,190.47984110485262,-54053.41822491554,105597.38728108132,0.1384739606039303,0.9144964021483054,Ridge,{'alpha': 1}
cb,218.15506880616678,-82361.29824849108,148345.15024276378,0.1554537753400957,0.8798829744163665,CatBoostRegressor,"{'depth': 6, 'l2_leaf_reg': 15, 'learning_rate': 0.1}"
gb,220.7469886828537,-79600.5361343625,128131.4669546757,0.1633607523739127,0.8962502604967093,GradientBoostingRegressor,"{'learning_rate': 0.05, 'max_depth': 3}"
rf,260.93896259698795,-112032.29042962161,209835.7328183362,0.1744876209532304,0.830093238329306,RandomForestRegressor,"{'max_depth': 30, 'n_estimators': 1000}"
lasso,265.49390845627715,-120838.48059096742,215290.49150503875,0.16594438837180076,0.8256764482444873,Lasso,{'alpha': 0.005}
eng,279.1433792121064,-58384.42941313402,178781.22865791814,0.22150885741387183,0.8552384801159073,Calculation,
