model,r2,rmse,mae,mape,class_name,params
gb,0.9418316900182654,51767.61624940161,147.25954489951954,0.13000501808453344,GradientBoostingRegressor,"{'learning_rate': 0.01, 'max_depth': 4}"
lasso,0.9407763819833832,52706.80085682524,146.4033979852905,0.12095976046468003,Lasso,{'alpha': 0.005}
ridge,0.9316157177155685,60859.448794417825,156.623361262473,0.13442249558882197,Ridge,{'alpha': 100}
linear,0.9266025589714435,65320.97222779058,165.3177594683147,0.14661131739250627,LinearRegression,{}
eng,0.6999647155290702,267020.16050747165,245.82138729567131,0.19524065961190543,Calculation,
