model,class_name,r2_mean,rmse_mean,mae_mean,mape_mean,params,r2_sd,rmse_sd,mae_sd,mape_sd
gb,GradientBoostingRegressor,0.7070096066529652,0.0019595553596054725,0.01106996860997519,0.10557714854978117,"{'learning_rate': 0.01, 'max_depth': 4}",0.19691684672370544,0.005248570277367826,0.0037966700171035406,0.012584266176797114
ridge,Ridge,0.6774279365504213,0.0020682543283193433,0.01220563023916688,0.11733411100378903,{'alpha': 1000},0.1970412646334028,0.005493947308790026,0.0036157916335259714,0.011408528370857757
lasso,Lasso,0.6462563955286765,0.002199907070511606,0.012922539607585482,0.12323435821378206,{'alpha': 0.005},0.20516827918564304,0.005799998399533097,0.004053811124622142,0.011503078387833059
linear,LinearRegression,0.6360975669409804,0.0015533632026104084,0.012479600687091816,0.12179119532017156,{},0.17733571179488347,0.0037367587802329075,0.0027191252223388645,0.013981182054237392
