model,r2,mse,mae,mape,class_name,params
gb,0.8587076061412745,135777.27616866375,235.16877871597873,0.17984866510833616,GradientBoostingRegressor,"{'learning_rate': 0.005, 'max_depth': 3}"
linear,0.8330530485775971,160430.45000328062,243.65406227919362,0.18346911614942982,LinearRegression,{}
ridge,0.8329567292117783,160523.0097000626,243.68885532925665,0.18349377752610535,Ridge,{'alpha': 1}
lasso,0.8308226136256853,162573.82357188733,244.57630843540812,0.1841004767318467,Lasso,{'alpha': 0.005}
eng,0.514774542636733,466285.4746049015,309.6549941966246,0.22778769011231972,Calculation,
