model,class_name,r2,mse,mae,mape,params
cb,CatBoostRegressor,0.9863827820505692,11382.206867473165,75.70728066214036,0.062445446583473216,"{'depth': 6, 'l2_leaf_reg': 1, 'learning_rate': 0.05}"
rf,RandomForestRegressor,0.9817462479239061,15257.740825566509,70.35240143699072,0.05584118587935475,"{'max_depth': 50, 'n_estimators': 700}"
gb,GradientBoostingRegressor,0.9719206747563771,23470.630330576056,95.02007336737383,0.07857587964041315,"{'learning_rate': 0.05, 'max_depth': 3}"
linear,LinearRegression,0.9112663502347507,74169.6844013716,166.536532162676,0.1350892437743651,{}
ridge,Ridge,0.9112546736354034,74179.4445058051,166.53996741670613,0.13508733743775556,{'alpha': 0.005}
lasso,Lasso,0.8875607245054493,93984.47601121588,179.77885001724314,0.14178890572650063,{'alpha': 0.005}
