mae,te,mse,mape,r2,class_name,params
41.5842044744434,-6072.545139327705,3508.412358800463,0.03185056730761302,0.9964029367452759,CatBoostRegressor,"{'depth': 6, 'l2_leaf_reg': 1, 'learning_rate': 0.05}"
53.51604323543983,-17128.84804869633,8732.656687014487,0.040117136672849274,0.9910466857163505,RandomForestRegressor,"{'max_depth': 30, 'n_estimators': 1000}"
68.29343209866745,-11323.824566533758,11960.632729279207,0.052826378709872855,0.9877371448695812,GradientBoostingRegressor,"{'learning_rate': 0.01, 'max_depth': 5}"
120.61902390924332,-12473.308337166898,34478.95454402213,0.0960873388801466,0.9646498279654878,LinearRegression,{}
120.88847055052099,-12874.196110073393,34382.01267881812,0.09650451452717823,0.9647492193669276,Ridge,{'alpha': 1}
124.65612130642596,-25110.683150571727,36324.48035630236,0.09993642869325979,0.9627576692321091,Lasso,{'alpha': 0.005}
332.1590193696883,220876.44901010668,491161.62440176966,0.24344909447331853,0.4964276571325653,Calculation,
