model,mae,te,mse,mape,r2,class_name,params
lasso,180.73220417799817,54886.741433199204,95915.52196620138,0.18215149233072428,0.8151313436089931,Lasso,{'alpha': 0.005}
ridge,258.6833641935985,41757.91968729049,258542.59605115085,0.2601786987343628,0.5016820909480997,Ridge,{'alpha': 100}
linear,277.6709788481314,27753.107995397724,280792.3824599517,0.2781276204398328,0.4587976022432231,LinearRegression,{}
gb,395.63317689407137,158181.00097066458,687538.5712935709,0.4073231174363356,-0.32516957929733015,GradientBoostingRegressor,"{'learning_rate': 0.005, 'max_depth': 4}"
eng,341.81525130625437,104999.28719350879,910301.3556092082,0.2980186077823141,-0.7545250765740188,Calculation,
