model,class_name,mae_mean,te_mean,mse_mean,mape_mean,r2_mean,params,mae_sd,te_sd,mse_sd,mape_sd,r2_sd
ridge,Ridge,123.691154864848,-1725.0345510274017,37437.64951723057,0.10210830279502209,0.9576960919907157,{'alpha': 0.1},8.714173048482179,3032.6187899954148,8445.994321980503,0.010274914731724967,0.011320889728733177
linear,LinearRegression,123.89904804064271,-1713.2300961145481,37583.292073069286,0.10226150682051689,0.9575226882857647,{},8.633361237266067,3048.78081777271,8395.572726887274,0.010227251273813874,0.01129922172072649
lasso,Lasso,127.95017965260259,-3194.114580271227,40088.62447966901,0.10451315119223785,0.9551162389882782,{'alpha': 0.005},8.618207700652116,2981.2722874528417,8795.039314797334,0.009921918138620603,0.010433889131753943
gb,GradientBoostingRegressor,128.0276527098946,-2982.805834404379,46270.66103385108,0.10667544551889459,0.9496708419192207,"{'learning_rate': 0.01, 'max_depth': 6}",10.170723820550803,3363.323650776192,17860.263989397696,0.010350570126584214,0.013225416912188558
