model,class_name,r2_mean,mse_mean,mae_mean,mape_mean,params,r2_sd,mse_sd,mae_sd,mape_sd
gb,GradientBoostingRegressor,0.843031598843774,129413.69856449949,216.6367432222181,0.1768686261936287,"{'learning_rate': 0.01, 'max_depth': 3}",0.024033010919443,32585.7101772167,18.980998373151735,0.01657433245759921
linear,LinearRegression,0.8304862156109485,140223.68808197437,215.55602353614222,0.17013916723760986,{},0.04269372756479066,46743.84333727188,20.829361476290508,0.011984271924675865
ridge,Ridge,0.8304834718163436,140225.98185749448,215.55688536136762,0.17013998861144866,{'alpha': 0.005},0.04269680586162643,46746.245338194756,20.828903413772423,0.011984365734107019
lasso,Lasso,0.8217419198659129,147259.05386009783,218.77554889980075,0.17371290063249306,{'alpha': 0.005},0.05399452277389775,54400.76019081645,20.704955521355913,0.013392114370275498
