model,class_name,r2_mean,mse_mean,mae_mean,mape_mean,params,r2_sd,mse_sd,mae_sd,mape_sd
linear,LinearRegression,0.9576121008464097,33152.983601964304,120.2049551441133,0.1014071131948828,{},0.016153491606105855,10198.731137755869,12.495488749281366,0.009776829578087686
ridge,Ridge,0.9569386746441323,33492.964430207445,119.67606387491098,0.1015028543139921,{'alpha': 10},0.018457153382695168,11853.44295789175,12.614052121154481,0.009970736827468496
lasso,Lasso,0.9557642896070356,34718.614386828376,122.5915423159641,0.10285455570150431,{'alpha': 0.005},0.016590935714245726,11143.990732848653,12.637685686515196,0.010077378322283994
gb,GradientBoostingRegressor,0.9505528778664465,39221.54827295788,127.36995672846302,0.10959264191604418,"{'learning_rate': 0.05, 'max_depth': 5}",0.016702630650903227,11651.924207715629,13.125098533018607,0.01123299755840871
