model,class_name,r2_mean,mse_mean,mae_mean,mape_mean,params,r2_sd,mse_sd,mae_sd,mape_sd
gb,GradientBoostingRegressor,0.7302446626192126,224695.91497807606,280.55907706829896,0.22845275340086188,"{'learning_rate': 0.005, 'max_depth': 3}",0.04599285602027613,74330.04427835839,24.024155281668044,0.02421996963727512
ridge,Ridge,0.6892890892196408,255149.4253333923,285.58926964575306,0.2325719288160032,{'alpha': 100},0.10272837395500885,96455.03354411999,28.224542635474855,0.021622990935691002
lasso,Lasso,0.6755469598203315,264734.0051330234,281.7869893274523,0.22667175306012083,{'alpha': 0.01},0.14326599430050357,122448.42791575051,29.880401677642915,0.023667866621673084
linear,LinearRegression,0.6708593468962055,267754.3290065323,280.9749012734682,0.2257151059519648,{},0.16008902733230912,133151.53061800305,30.625021186588878,0.024356292559618214
