model,class_name,mae_mean,te_mean,mse_mean,mape_mean,r2_mean,params,mae_sd,te_sd,mse_sd,mape_sd,r2_sd
linear,LinearRegression,493.9466257868816,1648.2682105016272,2636179.9242228563,0.42782325877165145,-2.300594026310061,{},322.7525070651036,7773.736179519188,5975462.617390853,0.12657709019643787,6.03096860947112
linearstruct,LinearRegression,379046519.786641,8231381404.611799,3.1635425306881843e+19,93422.366602826,-28989804281096.98,{'fit_intercept': False},1145348426.9243371,24937966942.11814,9.85407885745106e+19,282119.87974167534,88495838323406.12
