model,class_name,r2_mean,mse_mean,mae_mean,mape_mean,params,r2_sd,mse_sd,mae_sd,mape_sd
ridge,Ridge,0.9459609237653359,44313.534135892245,135.96908459923904,0.11316739846981458,{'alpha': 0.005},0.010549383020958574,11537.229505110277,15.18056547892473,0.009288824647331089
linear,LinearRegression,0.9459600553887192,44313.87279212868,135.96832422926767,0.11317115094766847,{},0.01055953347864558,11540.777674913243,15.181286671506097,0.009291442708865364
lasso,Lasso,0.9305789188243687,57252.222712574025,149.09418029206367,0.12175504720628748,{'alpha': 0.005},0.01169745380124903,15692.72929575543,16.147200603321796,0.010223309748479502
gb,GradientBoostingRegressor,0.9175526295702018,66110.70073235371,157.1733964390034,0.13495889492505153,"{'learning_rate': 0.05, 'max_depth': 3}",0.021915238203158695,15904.850135103448,15.060335197350993,0.011027847366958062
