r2,mse,mae,mape,class_name,params
0.6435665410854704,0.0010399341842465908,0.008410144962653486,0.08350866364517905,GradientBoostingRegressor,"{'learning_rate': 0.005, 'max_depth': 6}"
0.3735714342702451,0.001827674880677088,0.015574663293946304,0.15885401323487286,LinearRegression,{}
0.3166379469686932,0.0019937846500953696,0.012173082724261515,0.1194179072917868,Ridge,{'alpha': 1000}
0.29946230429249276,0.002043896494280201,0.012673528087687937,0.12530528912728012,Lasso,{'alpha': 0.005}
0.013664495241456742,0.002877743328749861,0.019501538309638224,0.18642029066335788,Calculation,
