r2,mse,mae,mape,class_name,params
0.9806243804499002,16195.474782270841,83.34420871332362,0.07070429634774264,GradientBoostingRegressor,"{'learning_rate': 0.01, 'max_depth': 3}"
0.9651760108670784,29108.28406606494,112.64557467053817,0.09612014298323027,Ridge,{'alpha': 1}
0.9649515450175714,29295.9080538177,112.62444885902542,0.09616197094005863,LinearRegression,{}
0.9604765134201969,33036.4470955626,117.90122235325694,0.09999849971438811,Lasso,{'alpha': 0.005}
0.2083145593570258,661745.1151056599,347.1932236190591,0.27194801871631485,Calculation,
