model,class_name,r2,mse,mae,mape,params
gb,GradientBoostingRegressor,0.8375870666345585,135755.89466098358,217.54818917785963,0.17814678559979366,"{'learning_rate': 0.1, 'loss': 'squared_error', 'max_depth': 3, 'max_features': 'sqrt', 'min_samples_leaf': 20, 'min_samples_split': 20, 'n_estimators': 2000, 'warm_start': True}"
lasso,Lasso,0.6842344125280608,263938.58507530345,284.7823004706081,0.2286192820545195,{'alpha': 0.01}
ridge,Ridge,0.6803345573696449,267198.3521092979,284.04805334880797,0.22780347100598694,{'alpha': 0.01}
linear,LinearRegression,0.680332451632338,267200.1122292963,284.04776679312647,0.22780316918410784,{}
