model,class_name,mae_mean,te_mean,mse_mean,mape_mean,r2_mean,params,mae_sd,te_sd,mse_sd,mape_sd,r2_sd
rf,RandomForestRegressor,0.009466369448121117,-0.0015560795409189226,0.00017604716677078853,0.10326634027766134,0.7553050378675125,"{'max_depth': 10, 'n_estimators': 1000}",0.0007143341400017839,0.2022655096180765,3.716000905408367e-05,0.009888468095616346,0.05200682766098985
cb,CatBoostRegressor,0.009423224817005256,-0.013941595421594738,0.00017791341013059957,0.10376845748539561,0.7519827305812932,"{'depth': 6, 'l2_leaf_reg': 15, 'learning_rate': 0.05}",0.0006954531900882067,0.19092929024484664,3.959801809625929e-05,0.010046890925321872,0.05894927025096113
gb,GradientBoostingRegressor,0.009590412602366,-0.014327184804342741,0.00018682044043123839,0.10563028160449864,0.7397764412607548,"{'learning_rate': 0.005, 'max_depth': 4}",0.0006888589180474986,0.1961489936277201,4.1622899140096236e-05,0.009706375526641813,0.06042284779023827
linear,LinearRegression,0.010443778128653325,-0.016110994940726923,0.00021394076883541385,0.11278037467196501,0.7034125219304218,{},0.0007083318912360615,0.20811676692789483,4.695425614996889e-05,0.010243951929920848,0.06198682590168129
ridge,Ridge,0.010439097493430794,-0.016654955596012773,0.00021421893565423276,0.11260959038611981,0.7030629012826253,{'alpha': 10},0.0006987428547307341,0.20747556976980505,4.682118988688404e-05,0.01016513417746115,0.06157560949985033
lasso,Lasso,0.011155264780841426,-0.03326370612873838,0.0002534457584809767,0.1212434681492744,0.651880435724517,{'alpha': 0.005},0.0008258740581131109,0.20918948484418978,5.4908373900181036e-05,0.01139619380080389,0.05312217375021639
