model,r2,mse,mae,mape,class_name,params
ridge,0.9133287528231075,83288.17668406083,184.44465258850371,0.14524468363903492,Ridge,{'alpha': 0.005}
linear,0.9133280303904379,83288.87091775196,184.44596734865198,0.14524557569488258,LinearRegression,{}
lasso,0.9116504883786529,84900.93281859563,183.13558418431873,0.14383303377262222,Lasso,{'alpha': 0.005}
gb,0.9081493914147005,88265.3701841565,176.84049241674467,0.13785157286760874,GradientBoostingRegressor,"{'learning_rate': 0.05, 'max_depth': 3}"
eng,0.514774542636733,466285.4746049015,309.6549941966246,0.22778769011231972,Calculation,
