model,class_name,mae_mean,te_mean,mse_mean,mape_mean,r2_mean,params,mae_sd,te_sd,mse_sd,mape_sd,r2_sd
gb,GradientBoostingRegressor,0.0107129289164295,-0.06701864543563764,0.0016561774825751047,0.10398301628452392,0.70224019445712,"{'learning_rate': 0.005, 'max_depth': 5}",0.0030493731660514367,0.4763456301485464,0.0043541722374305074,0.007882907693633444,0.2042656908077533
ridge,Ridge,0.011887689194223179,-0.07361102336028709,0.0017549661226923146,0.1183074187471816,0.6714304076887185,{'alpha': 1000},0.0030183646679704914,0.4825518991309281,0.00455584881890926,0.008981477719856525,0.2087790987220962
lasso,Lasso,0.01264805818043729,-0.08650096562391427,0.001834450496069756,0.12598348529938722,0.6367126532466435,{'alpha': 0.005},0.0031439731089657717,0.48316525611100514,0.004692447884713648,0.008029624534467693,0.20864400035563269
linear,LinearRegression,0.013281668771739941,-0.08322065108003596,0.001883715073090895,0.13373133182430685,0.5214438154129329,{},0.002510840434469798,0.5423155594957357,0.004459158405114306,0.015284802663106781,0.3347224948719974
