model,class_name,r2,mse,mae,mape,params
gb,GradientBoostingRegressor,0.9977694731766602,1864.4276548252274,28.882002782079134,0.023729983258770692,"{'learning_rate': 0.1, 'loss': 'squared_error', 'max_depth': 3, 'max_features': 'sqrt', 'min_samples_leaf': 20, 'min_samples_split': 20, 'n_estimators': 2000, 'warm_start': True}"
cb,CatBoostRegressor,0.9937536064351528,5221.165145095997,50.519650573659625,0.04209565408510781,{'verbose': 0}
rf,RandomForestRegressor,0.9861743420919672,11556.43531391979,66.97170397969145,0.05459065078158141,"{'max_depth': 10, 'n_estimators': 200}"
ridge,Ridge,0.9651877634523974,29098.460447332694,112.57765577995985,0.09639488347045903,{'alpha': 0.01}
linear,LinearRegression,0.9651833477686691,29102.151379345647,112.58180302391558,0.0964028550808439,{}
lasso,Lasso,0.9570875007953003,35869.21682255846,120.93610310435714,0.1014538515588366,{'alpha': 0.01}
