model,mae,te,mse,mape,r2,class_name,params
ridge,139.95132870542602,-5707.238302716937,43727.9847732533,0.12456892566225826,0.9628654581520779,Ridge,{'alpha': 1}
lasso,140.47722927440736,-3262.193240104295,46396.130135788735,0.12664627471554343,0.9605996241298794,Lasso,{'alpha': 0.005}
linear,142.31186639003525,-6271.3429119139655,45164.59844700939,0.12578373822378822,0.9616454616014931,LinearRegression,{}
gb,211.3601607880514,-32930.966578985746,159419.18727975542,0.1615071203164116,0.8646185386292299,GradientBoostingRegressor,"{'learning_rate': 0.01, 'max_depth': 6}"
eng,318.369374783237,-37058.5043095725,217584.4860484148,0.26132289149468124,0.8152235863481719,Calculation,
