,cb,gb,lasso,linear,rf,ridge,mean,sd
distance_sum,1,1,1,1,1,1,1.0,0.0
speed_mean,2,3,2,2,3,2,2.3333333333333335,0.4714045207910317
ME_W_ref_first,3,2,3,3,2,3,2.6666666666666665,0.4714045207910317
Draught..m.,4,6,4,4,5,4,4.5,0.7637626158259734
draught_mean,5,4,5,5,4,5,4.666666666666667,0.4714045207910317
ME_SFC_base_first,6,5,6,7,6,7,6.166666666666667,0.6871842709362769
Speed..knots.,7,7,6,6,7,6,6.5,0.5
