model,class_name,mae,te,mse,mape,r2,params
gb,GradientBoostingRegressor,0.010082325283370941,0.13924142978071236,0.0002301016410435025,0.11248915514132157,0.7137275700642625,"{'learning_rate': 0.005, 'max_depth': 5}"
linear,LinearRegression,0.01157597049882773,0.31987635744256276,0.00025306734324966805,0.1299320309521309,0.6851556426937115,{}
lasso,Lasso,0.012620899742640038,0.36920605867752115,0.00031035236566964155,0.13518361845720145,0.6138866048340961,{'alpha': 0.005}
ridge,Ridge,0.011327543936837279,0.26293905179171995,0.0002489850927038378,0.12676812873405405,0.6902344234362634,{'alpha': 100}
