model,class_name,r2,corr,mse,mae,mape,params
gb,GradientBoostingRegressor,0.989314216492972,0.9946689542750867,0.00538356970013576,0.05465403770989482,0.008081985774750389,"{'learning_rate': 0.01, 'max_depth': 5}"
linear,LinearRegression,0.9660203057288503,0.982863592856674,0.017119198828773198,0.09842743242277226,0.014540520019918174,{}
ridge,Ridge,0.9659850281478575,0.9828488316461698,0.017136971911673696,0.0985254934702901,0.014559292390655926,{'alpha': 10}
lasso,Lasso,0.9651577030483276,0.9824724954525569,0.01755378386889341,0.10047781948774012,0.01484109314466981,{'alpha': 0.005}
