model,class_name,mae_mean,te_mean,mse_mean,mape_mean,r2_mean,params,mae_sd,te_sd,mse_sd,mape_sd,r2_sd
gb,GradientBoostingRegressor,0.012105276683221011,-0.06542897231048442,0.0015267902792131557,0.11911099105322662,0.682054548917727,"{'learning_rate': 0.005, 'max_depth': 6}",0.002792725893660288,0.5021167167340539,0.0037801784377621693,0.01158990873209184,0.1850052118840311
lasso,Lasso,0.013470336101730077,-0.09546942647945168,0.0017465868669669742,0.13303187424240182,0.6141793404749017,{'alpha': 0.005},0.002997967660741926,0.5563003825324715,0.0041939568492257665,0.01122919741015225,0.20256306911746014
ridge,Ridge,0.01349543351174648,-0.07641940184584758,0.0017192346576412824,0.1364209596292096,0.6132976841627696,{'alpha': 100},0.002699458384114824,0.5560412441434824,0.004118778940653129,0.014403582791302503,0.19584261111433218
linear,LinearRegression,0.013733159252502708,-0.07208002454628114,0.0017159785832615174,0.13965380851749867,0.6045584727553863,{},0.002577915460619192,0.5595229125577811,0.004081487488044089,0.015369219060600778,0.19146302725165473
rf,RandomForestRegressor,0.012054495358966908,-0.04365008906897161,0.0015935566509203394,0.11636827513749601,0.5111700775910115,"{'max_depth': 10, 'n_estimators': 1000}",0.002795446878303679,0.547255296483625,0.0032855618389109305,0.012064325883127369,0.7396111234084732
cb,CatBoostRegressor,0.012174737349808869,-0.05027220704250404,0.0018172031651644209,0.11672594627612581,0.35019429144147435,"{'depth': 8, 'l2_leaf_reg': 15, 'learning_rate': 0.05}",0.0029562100573774725,0.5555019105951169,0.003571137505653996,0.011961885443946493,1.3311490209131023
