model,r2,mse,mae,mape,class_name,params
ridge,0.9543496282672719,40627.12026951568,128.49502237619797,0.10820275407652571,Ridge,{'alpha': 0.005}
linear,0.9540306893625727,40910.96394368555,128.91459241442377,0.10863878556608754,LinearRegression,{}
lasso,0.9536185421244445,41277.75954198249,131.32412753697585,0.11080243336706891,Lasso,{'alpha': 0.005}
gb,0.9376270756369987,55509.56549692965,132.48042512349986,0.11000401987815453,GradientBoostingRegressor,"{'learning_rate': 0.01, 'max_depth': 6}"
eng,0.6999647155290702,267020.16050747165,245.82138729567131,0.19524065961190543,Calculation,
