model,class_name,mae_mean,te_mean,mse_mean,mape_mean,r2_mean,params,mae_sd,te_sd,mse_sd,mape_sd,r2_sd
ridge,Ridge,122.76654398499707,-1558.5981776976994,36057.62828392079,0.09988358121932668,0.9604709126007188,{'alpha': 0.1},7.918631401284571,2607.6256312215783,8934.315952969766,0.0044477059596115245,0.009713816982860913
linear,LinearRegression,122.84061584511288,-1544.9961763380043,36182.76479602806,0.0999787599382135,0.9603291544065898,{},8.087741780103524,2596.7350250801537,9112.839526533367,0.004431246237369501,0.009881758356714884
lasso,Lasso,129.23553938787248,-2894.766512866134,39921.56440935921,0.10379495327350699,0.9565118689987885,{'alpha': 0.005},9.294714861820035,2761.0713768412625,9800.413391081072,0.005445785716756345,0.00966667939632367
cb,CatBoostRegressor,127.36740419700327,-2168.91792874518,43691.1897010622,0.10792628644022531,0.9532400787631369,"{'depth': 6, 'l2_leaf_reg': 1, 'learning_rate': 0.05}",10.349322481356053,2412.682957367065,19567.754739903317,0.009388009675250083,0.0169099903217494
gb,GradientBoostingRegressor,129.10988949149186,-2865.765003595703,47901.83328132962,0.1071610790016097,0.9492033766971801,"{'learning_rate': 0.01, 'max_depth': 6}",10.999666671241888,2403.5835027141147,19760.832731564402,0.008371580465476166,0.01570364153565956
rf,RandomForestRegressor,158.87164133240336,-3873.51308353169,71576.55486743514,0.1267697095755965,0.9235807460710076,"{'max_depth': 30, 'n_estimators': 1000}",13.68941960375842,3012.142348988042,26043.208215379167,0.010044269453657644,0.020766914970134404
