model,mae,te,mse,mape,r2,class_name,params
cb,119.18591118649839,-10267.28169979803,33165.99135764294,0.09621734540334274,0.9618720572576673,CatBoostRegressor,"{'depth': 6, 'l2_leaf_reg': 1, 'learning_rate': 0.05}"
linear,120.38762238224496,-7517.82809089329,33851.915535031236,0.0930418770805573,0.961083512224322,LinearRegression,{}
ridge,120.54412838060578,-7444.946110247476,34027.46906973338,0.09291522083291585,0.9608816941918936,Ridge,{'alpha': 0.1}
gb,121.77542342930282,-13752.214062198265,36967.45771871454,0.09626856396105653,0.9575018549564946,GradientBoostingRegressor,"{'learning_rate': 0.01, 'max_depth': 5}"
lasso,127.46217222641114,-12497.403047410577,37879.31049247628,0.09689484902976878,0.956453580235184,Lasso,{'alpha': 0.005}
rf,135.28051533834895,-21326.019879058527,45787.60810057066,0.10432483477005168,0.9473621252221481,RandomForestRegressor,"{'max_depth': 30, 'n_estimators': 700}"
eng,265.39022007012505,43568.3326546733,324343.0829126224,0.18528640271209848,0.6271320715002742,Calculation,
