model,r2,corr,mse,mae,mape,class_name,params
eng,0.8258874182382063,0.927103826486711,0.0877190913486793,0.20067751470272488,0.029284960851771392,,
ridge,0.7266003240579824,0.8565867280550438,0.14981168216345972,0.2984087802645972,0.04493021063496724,Ridge,{'alpha': 10}
lasso,0.7261663338193449,0.8555067452810102,0.15004949081289864,0.2983324788186009,0.04499482476173877,Lasso,{'alpha': 0.005}
linear,0.7258721143222069,0.8563182477299288,0.15021071089349913,0.29893460721646137,0.044981400848258864,LinearRegression,{}
gb,0.7227927552550674,0.8524128184403458,0.1518980719345975,0.2954816061994863,0.04440869756867624,GradientBoostingRegressor,"{'learning_rate': 0.01, 'max_depth': 3}"
