model,class_name,r2,mse,mae,mape,params
cb,CatBoostRegressor,0.9626724597815965,0.00010890724233682427,0.007878700972200822,0.08381181617196827,"{'depth': 6, 'l2_leaf_reg': 1, 'learning_rate': 0.01}"
rf,RandomForestRegressor,0.8740399262483213,0.0003675024980637496,0.00420336528498867,0.037516422036820075,"{'max_depth': 30, 'n_estimators': 200}"
gb,GradientBoostingRegressor,0.5968802454897667,0.0011761466343169853,0.008191135536186774,0.07872196655539648,"{'learning_rate': 0.005, 'max_depth': 6}"
linear,LinearRegression,0.3656246930206607,0.0018508603804446252,0.01306794285077387,0.13047811334165824,{}
ridge,Ridge,0.30025701037442176,0.002041577851065438,0.012301013212833221,0.11720545793641014,{'alpha': 1000}
lasso,Lasso,0.2869867231396218,0.0020802953872144474,0.0128022748218119,0.12241633680521284,{'alpha': 0.005}
