model,class_name,r2,mse,mae,mape,params
gb,GradientBoostingRegressor,0.9907416730810737,7715.886881311775,55.89661764442674,0.04613288301930018,"{'learning_rate': 0.01, 'max_depth': 6}"
linear,LinearRegression,0.9653369451376264,28888.179540520916,112.10524938431523,0.09338582762307059,{}
ridge,Ridge,0.9652910823818048,28926.40154748646,112.20578617245619,0.09347650113858996,{'alpha': 0.005}
lasso,Lasso,0.9600891687033734,33261.67484908861,118.55234606892915,0.09895215859560164,{'alpha': 0.005}
