model,r2,mse,mae,mape,class_name,params
cb,0.4003346320666251,0.0026558462755988644,0.011232969935870233,0.10435848479129956,CatBoostRegressor,"{'depth': 6, 'l2_leaf_reg': 15, 'learning_rate': 0.05}"
rf,0.37576925660285265,0.002764643388827181,0.01152943180223286,0.10642449027153904,RandomForestRegressor,"{'max_depth': 30, 'n_estimators': 200}"
gb,0.3100117294850666,0.003055875620713827,0.011408757649984235,0.10457790956259591,GradientBoostingRegressor,"{'learning_rate': 0.005, 'max_depth': 6}"
linear,0.23803659587534964,0.003374644888967343,0.012922162125112099,0.1217028540722386,LinearRegression,{}
ridge,0.21904028138573373,0.0034587772964485715,0.012932411070144416,0.12130947027956664,Ridge,{'alpha': 100}
lasso,0.16335568838483927,0.00370539770649382,0.014507768332662936,0.14312899762238562,Lasso,{'alpha': 0.005}
eng,0.02709734335023839,0.004308869638559132,0.019289617750857017,0.1815917574091976,Calculation,
