model,class_name,mae_mean,te_mean,mse_mean,mape_mean,r2_mean,params,mae_sd,te_sd,mse_sd,mape_sd,r2_sd
linear,LinearRegression,162.18365353510373,-5000.834333929462,67001.01168992206,0.13044225322439168,0.9289576491794282,{},11.842063482074767,3299.5794247522385,16505.926823501843,0.012567390906144562,0.014565561459474892
ridge,Ridge,161.45400735876183,-5602.29605809123,67407.96141641936,0.1300474158224595,0.9287444168537736,{'alpha': 1},11.710516775468827,3381.348113015934,16417.101573021086,0.01227717649013686,0.013505230749144647
cb,CatBoostRegressor,163.83843352645772,-4085.7514410617096,79451.64161416588,0.1366430589375468,0.9153644485111962,"{'depth': 6, 'l2_leaf_reg': 1, 'learning_rate': 0.05}",16.532835675555262,2957.8790819074216,24297.755804462136,0.014901677264081346,0.02487701130006526
lasso,Lasso,174.16692535252363,-7441.124058970311,81837.01155286223,0.13786586326320405,0.9141379094205534,{'alpha': 0.005},13.03659920455904,3948.3823297449953,21006.899314280578,0.012631825724391409,0.014067488554742175
gb,GradientBoostingRegressor,177.88027933908592,-4043.1376136541876,94756.06777477107,0.1472291592306309,0.898102909272563,"{'learning_rate': 0.05, 'max_depth': 4}",13.823599301118817,3264.4871984644965,26463.28226726859,0.013872872135674279,0.03003151297049894
rf,RandomForestRegressor,200.4676737268042,-4892.251940714997,120951.1595600187,0.16040309700495625,0.8733345052617622,"{'max_depth': 30, 'n_estimators': 1000}",17.533175495746605,4067.2359635796884,39092.4424833088,0.01304307278209613,0.028801714716585308
