model,class_name,r2_mean,mse_mean,mae_mean,mape_mean,params,r2_sd,mse_sd,mae_sd,mape_sd
ridge,Ridge,0.9599563225282128,32487.99603527613,118.85614851173885,0.1014403495376421,{'alpha': 0.005},0.008749828989474776,7818.624955214945,12.351134189762707,0.007322510938104572
linear,LinearRegression,0.9599526773346612,32490.987725601997,118.8598014904403,0.10144622144105743,{},0.00875381049761613,7821.727099362634,12.35091389699384,0.007321672049517923
lasso,Lasso,0.9550133692264183,36792.96011183842,124.11021154593601,0.10507661449147636,{'alpha': 0.005},0.00904621862046571,9560.394662209303,12.118448266993159,0.007907240081401942
gb,GradientBoostingRegressor,0.9471386389963724,43107.28674166492,129.75808966070358,0.11280281687077373,"{'learning_rate': 0.05, 'max_depth': 3}",0.010378913749087712,10711.462799340034,12.71948663959246,0.006888104400907826
