model,r2,mse,mae,mape,class_name,params
cb,0.4007888316921019,0.0026538346797185517,0.01179786740888132,0.11031888560426543,CatBoostRegressor,"{'depth': 6, 'l2_leaf_reg': 7, 'learning_rate': 0.05}"
rf,0.3664572768868325,0.0028058850345344783,0.01212406780587834,0.11242139233383236,RandomForestRegressor,"{'max_depth': 30, 'n_estimators': 200}"
gb,0.29672252793001097,0.003114731906807705,0.011952528187277581,0.110037083752524,GradientBoostingRegressor,"{'learning_rate': 0.005, 'max_depth': 6}"
linear,0.22348724308469203,0.0034390822343398296,0.013454853030977992,0.12794722747182619,LinearRegression,{}
ridge,0.20369545515488485,0.0035267376986564897,0.013280171886677237,0.12588401845681008,Ridge,{'alpha': 100}
lasso,0.16493926732165198,0.0036983842245648154,0.014507999818719438,0.14338433308968543,Lasso,{'alpha': 0.005}
eng,0.02709734335023839,0.004308869638559132,0.019289617750857017,0.1815917574091976,Calculation,
