model,r2,mse,mae,mape,class_name,params
lasso,0.9559852858686834,36297.09943442887,125.35035413287801,0.10972850707530861,Lasso,{'alpha': 0.005}
gb,0.9555852832067719,36626.96495054056,123.59276296605404,0.11065799614399223,GradientBoostingRegressor,"{'learning_rate': 0.05, 'max_depth': 4}"
ridge,0.9536049189192672,38260.08880193019,124.67376145554613,0.10721961094374913,Ridge,{'alpha': 10}
linear,0.9524322114322595,39227.17176733185,127.27807635797626,0.10927765444008154,LinearRegression,{}
eng,0.8406635462586949,131398.12944649984,223.3554688886563,0.18245412082952348,Calculation,
