model,class_name,mae_mean,te_mean,mse_mean,mape_mean,r2_mean,params,mae_sd,te_sd,mse_sd,mape_sd,r2_sd
gb,GradientBoostingRegressor,0.011377599651394853,-0.08494402503853613,0.0014304833437958349,0.10738441609730803,0.7274774329854036,"{'learning_rate': 0.005, 'max_depth': 6}",0.00296086073923699,0.5001582320648338,0.003604103924456244,0.010440457588974208,0.18609902142241155
ridge,Ridge,0.012227182642135011,-0.08187691903120677,0.0016378686430962798,0.11885779785788178,0.6821083297577685,{'alpha': 1000},0.0031348164315599713,0.5154033389353866,0.004074076748136689,0.009580547740726296,0.21415664686191188
linear,LinearRegression,0.013077382950030851,-0.07370539678660055,0.0016149123512451539,0.12594136264933692,0.6543143279299904,{},0.0028003615815404875,0.5322872245572349,0.003911054454999261,0.00820441611001248,0.19296305700131441
lasso,Lasso,0.01334089347359797,-0.0932924320202289,0.001706038614052781,0.1303115273226551,0.6412294280245056,{'alpha': 0.005},0.0030995526732398642,0.5134964864696848,0.004134658264412814,0.00970017136417681,0.2068864532376261
rf,RandomForestRegressor,0.011244651579192909,-0.06983384952539223,0.0014829337701933668,0.10361501356376694,0.628477145516474,"{'max_depth': 10, 'n_estimators': 200}",0.002991202084170383,0.5057079835616994,0.003288465734778748,0.009110837470923207,0.43457618305968576
cb,CatBoostRegressor,0.011608870033771186,0.00015208569641829336,0.0018844641583712401,0.10561485882950433,0.26754347644058296,"{'depth': 6, 'l2_leaf_reg': 7, 'learning_rate': 0.05}",0.0032365705839793963,0.5613557522305943,0.0033839701796467172,0.010574374398936985,1.3420659393358068
