model,mae,te,mse,mape,r2,class_name,params
eng,396.87744240211566,340691.8329620762,940594.5914816813,0.3107938809249877,-0.35205005169180015,Calculation,
linear,1794.4556851518814,1720182.6504475777,506214369.88191813,0.7382253345049423,-726.6537321863913,LinearRegression,{}
linearstruct,25567953200424.08,2.7383277876156936e+16,6.729172108086322e+29,4937371924.557605,-9.672793761496262e+23,LinearRegression,{'fit_intercept': False}
