model,r2,mse,mae,mape,class_name,params
lasso,0.940728256828257,72438.67384528984,169.02612783894014,0.11584415336911821,Lasso,{'alpha': 0.005}
gb,0.9360856000454886,78112.67434647505,171.98004551100004,0.11873732169632484,GradientBoostingRegressor,"{'learning_rate': 0.05, 'max_depth': 3}"
eng,0.7487696876003727,307039.9095102525,298.62183992921825,0.19849663134896128,Calculation,
ridge,-2.0028097011156425,3669869.3326483434,242.31332577418138,0.14889201919930792,Ridge,{'alpha': 0.01}
linear,-3.5379133022773877,5545988.763809246,260.20020443633314,0.15700601532136113,LinearRegression,{}
