model,mae,te,mse,mape,r2,class_name,params
cb,132.47421627254164,1953.5661200092554,44384.54210040461,0.10102427872283573,0.9489751033943117,CatBoostRegressor,"{'depth': 8, 'l2_leaf_reg': 1, 'learning_rate': 0.01}"
rf,129.85834878243702,-130.61046678268985,44985.35381299317,0.09811687851693932,0.9482844044693354,RandomForestRegressor,"{'max_depth': 10, 'n_estimators': 200}"
gb,136.98533009339388,1243.4514438791043,46846.4940399766,0.10629962152481273,0.9461448197590618,GradientBoostingRegressor,"{'learning_rate': 0.005, 'max_depth': 4}"
lasso,149.06074077270324,9989.80400333726,56720.78439392176,0.11182023296053735,0.9347932405713156,Lasso,{'alpha': 0.005}
ridge,155.51132658912488,14302.697342228359,61131.188384332614,0.12260385018553752,0.9297229977130936,Ridge,{'alpha': 100}
linear,159.92188235369852,12931.949279698287,63846.81889190047,0.1264461254087432,0.9266010827555292,LinearRegression,{}
eng,265.39022007012505,43568.3326546733,324343.0829126224,0.18528640271209848,0.6271320715002742,Calculation,
