model,mae,te,mse,mape,r2,class_name,params
rf,158.12768919944747,-3870.98866576642,60609.18227182118,0.13472637288199601,0.9509239453690697,RandomForestRegressor,"{'max_depth': 10, 'n_estimators': 1000}"
cb,163.1026467380952,-786.280647522065,61285.992619534445,0.14479686155281135,0.9503759230999325,CatBoostRegressor,"{'depth': 6, 'l2_leaf_reg': 15, 'learning_rate': 0.05}"
gb,162.68741953074863,-6388.68406541499,64338.6549507704,0.1410872008689087,0.9479041421300847,GradientBoostingRegressor,"{'learning_rate': 0.005, 'max_depth': 4}"
ridge,166.3231841129567,-14809.146339949308,73481.49734689579,0.13646539401426494,0.9405010620010389,Ridge,{'alpha': 10}
linear,167.90433690188706,-17273.253025815346,76570.81091626525,0.13636719443916182,0.937999604040057,LinearRegression,{}
lasso,194.80855091343685,-32945.43931739373,97497.25752314557,0.15126153658489197,0.9210551840954906,Lasso,{'alpha': 0.005}
eng,279.1433792121064,-58384.42941313402,178781.22865791814,0.22150885741387183,0.8552384801159073,Calculation,
