model,r2,mse,mae,mape,class_name,params
gb,0.8171085796737116,175752.5526204261,253.0216086218322,0.19033481240977698,GradientBoostingRegressor,"{'learning_rate': 0.01, 'max_depth': 3}"
ridge,0.7970089926971968,195067.5850666528,251.74645802362332,0.2035000315751433,Ridge,{'alpha': 10}
linear,0.7964564848032489,195598.52671788522,249.7912083527364,0.202706456897378,LinearRegression,{}
lasso,0.7951061015938476,196896.19992554374,256.2237422318381,0.204342272011743,Lasso,{'alpha': 0.01}
eng,0.514774542636733,466285.4746049015,309.6549941966246,0.22778769011231972,Calculation,
