model,class_name,r2_mean,mse_mean,mae_mean,mape_mean,params,r2_sd,mse_sd,mae_sd,mape_sd
gb,GradientBoostingRegressor,0.9508796658060031,39075.930552018195,123.63552513636257,0.10570891176923788,"{'learning_rate': 0.01, 'max_depth': 5}",0.016789888154745865,11768.237519607514,13.90438421441464,0.012166272044235812
ridge,Ridge,0.7455075911083537,210240.23271079303,252.11909131687653,0.26110877505395497,{'alpha': 1000},0.15338046949612075,135528.45338733366,33.48599930339581,0.04653069028956413
lasso,Lasso,0.6606230025088017,283420.03394105367,283.8672094311712,0.2975607227872868,{'alpha': 0.1},0.22310805771965794,202204.03314578257,35.074828166268695,0.06195811006874961
linear,LinearRegression,0.317890777127413,605030.8911053169,280.4991662952267,0.22286351987595718,{},0.5556832115765872,569115.9321387212,54.88447582097026,0.028852879211654525
