model,mae,te,mse,mape,r2,class_name,params
linear,639.612117557498,678527.6942360108,895618.7293444707,0.5516273743077247,-0.28739986416339014,LinearRegression,{}
eng,396.87744240211566,340691.8329620762,940594.5914816813,0.3107938809249877,-0.35205005169180015,Calculation,
linearstruct,649.5734278754289,687885.4912108439,971511.017453862,0.5283804927684831,-0.39649061696016497,LinearRegression,{'fit_intercept': False}
