model,class_name,mae,te,mse,mape,r2,params
linear,LinearRegression,0.00027145120279850604,0.3491571761399637,6.083600250229138e-07,0.35733666808625486,0.25014592271436753,{}
linearstruct,LinearRegression,0.0002758637372632225,0.35260795680582174,6.260455114929711e-07,0.33074195781258847,0.22834709703075562,{'fit_intercept': False}
