model,class_name,r2,corr,mse,mae,mape,params
gb,GradientBoostingRegressor,0.9896279104998955,0.9948294689169015,0.005225528546702579,0.05344669095636476,0.007886719328834335,"{'learning_rate': 0.01, 'max_depth': 5}"
ridge,Ridge,0.9666209014230842,0.9831690485873524,0.01681661467297563,0.09699386893293985,0.014333870456296176,{'alpha': 1}
linear,LinearRegression,0.9665812990395326,0.9831497454567418,0.016836566620532966,0.09714120812838574,0.01435684262150473,{}
lasso,Lasso,0.9656827185510714,0.9827378682658127,0.017289277522605034,0.0993495094830323,0.014680450390268086,{'alpha': 0.005}
