model,class_name,mae,te,mse,mape,r2,params
gb,GradientBoostingRegressor,0.014442167309224707,0.8033310788002472,0.00038884853200919767,0.1174091013476458,0.6631949814510905,"{'learning_rate': 0.005, 'max_depth': 6}"
linear,LinearRegression,0.015815452826495165,1.1116975455836806,0.0004847784207373587,0.1282604538181677,0.580104355428825,{}
lasso,Lasso,0.014276605985472101,-1.746622527244703,0.00035870149732913247,0.11311546745367727,0.68930713499877,{'alpha': 0.005}
ridge,Ridge,0.013769328414356801,0.29072052037852847,0.00032117731092144757,0.11440147909907623,0.7218090817947891,{'alpha': 1000}
rf,RandomForestRegressor,0.01341403524347509,0.2969038369825246,0.0003222273779347617,0.10810099904730137,0.7208995558205763,"{'max_depth': 10, 'n_estimators': 200}"
cb,CatBoostRegressor,0.012927857738306979,0.12066447079702602,0.0003113694050475884,0.10597536589947676,0.7303042968923041,"{'learning_rate': 0.05, 'depth': 6, 'l2_leaf_reg': 15}"
