model,class_name,r2_mean,mse_mean,mae_mean,mape_mean,params,r2_sd,mse_sd,mae_sd,mape_sd
gb,GradientBoostingRegressor,0.9272902382979674,59887.963949986464,152.75566476923285,0.13106108150876714,"{'learning_rate': 0.01, 'max_depth': 3}",0.019438412838128045,19577.854795581447,15.493852629792125,0.008610815188383743
linear,LinearRegression,0.9100667011605232,74583.74072015526,163.7612812832304,0.13114790855935912,{},0.021210718446222313,25783.426156548234,18.624957336319824,0.009722449503122019
ridge,Ridge,0.9100665525205722,74583.90881977782,163.76141434421532,0.13114814231093544,{'alpha': 0.005},0.021210762841333917,25783.610984557792,18.624970148261824,0.009722441422544649
lasso,Lasso,0.9080774012950434,76422.11469395363,164.90809081361434,0.13173217551338506,{'alpha': 0.005},0.02054598840413764,26454.273129189703,18.243821595238646,0.009551164886065914
