model,class_name,r2_mean,mse_mean,mae_mean,mape_mean,params,r2_sd,mse_sd,mae_sd,mape_sd
ridge,Ridge,0.9617277434992839,31138.210944683004,116.2636606559689,0.09909425863631673,{'alpha': 1},0.008447447211297554,8077.4522202949,12.411528432569106,0.007284867271753542
linear,LinearRegression,0.9609468473181558,31761.359507864683,116.61193798187462,0.09965052134879542,{},0.008983177612630604,8433.720502651737,12.27496764105912,0.006836042437756627
lasso,Lasso,0.9584852258791227,34122.124872402266,119.93403877950375,0.10183287193979945,{'alpha': 0.005},0.008366860446088312,9803.30594114646,11.971352366413296,0.007777909182336977
gb,GradientBoostingRegressor,0.9515170424766826,40298.52944309455,124.48155798003124,0.10774117387448161,"{'learning_rate': 0.01, 'max_depth': 3}",0.008123543166668065,12425.66342078048,13.170123336698602,0.007678111797496985
