model,class_name,r2,mse,mae,mape,params
gb,GradientBoostingRegressor,0.9593186831798642,34004.24120459598,118.11020170815947,0.09799025811133408,"{'learning_rate': 0.01, 'max_depth': 3}"
linear,LinearRegression,0.9190446651425781,67668.03408703976,159.20871598020832,0.12833650368256733,{}
ridge,Ridge,0.9190436915592206,67668.84787493822,159.2076574748025,0.12833561107198044,{'alpha': 0.005}
lasso,Lasso,0.9131142515683844,72625.08143414232,161.34363933628907,0.12922818477533554,{'alpha': 0.005}
