model,r2,mse,mae,mape,class_name,params
ridge,0.9371159181877226,60429.50444576364,145.11986206956388,0.11666605798835292,Ridge,{'alpha': 0.005}
linear,0.9371030930388475,60441.828985911605,145.12173852863327,0.11667012654915199,LinearRegression,{}
lasso,0.9333281842055492,64069.39042196992,153.34522836427718,0.12381197027009751,Lasso,{'alpha': 0.005}
cb,0.911793620154796,84763.38795742411,156.9517156749396,0.1283366285840119,CatBoostRegressor,"{'depth': 6, 'l2_leaf_reg': 7, 'learning_rate': 0.1}"
gb,0.909714773568347,86761.09016468379,164.84104635004294,0.1325016513409623,GradientBoostingRegressor,"{'learning_rate': 0.05, 'max_depth': 3}"
rf,0.8784193751171392,116834.92388121548,196.32168236645848,0.15273351170061863,RandomForestRegressor,"{'max_depth': 50, 'n_estimators': 200}"
eng,0.514774542636733,466285.4746049015,309.6549941966246,0.22778769011231972,Calculation,
