model,r2,mse,mae,mape,class_name,params
ridge,0.9510760020395113,47014.32965314715,133.20468306276672,0.11052776933119218,Ridge,{'alpha': 1}
linear,0.9492107890270622,48806.73712384159,133.2992364879652,0.11061047386129855,LinearRegression,{}
lasso,0.948905570686253,49100.0417655141,138.14164772019723,0.1115376391384285,Lasso,{'alpha': 0.005}
gb,0.9397673277696417,57881.588303862656,144.4775525946846,0.11684595943617053,GradientBoostingRegressor,"{'learning_rate': 0.05, 'max_depth': 3}"
eng,0.514774542636733,466285.4746049015,309.6549941966246,0.22778769011231972,Calculation,
