model,r2,mse,mae,mape,class_name,params
rf,0.9580024165755959,37376.2755493407,127.20637999055432,0.11049914142562209,RandomForestRegressor,"{'max_depth': 10, 'n_estimators': 200}"
cb,0.9557662673708388,39366.36455045873,130.30121747506232,0.11296807494988209,CatBoostRegressor,"{'depth': 6, 'l2_leaf_reg': 1, 'learning_rate': 0.01}"
lasso,0.9445458184984274,49352.14360361353,149.40253879614772,0.13041657487681163,Lasso,{'alpha': 0.005}
ridge,0.9303085802559875,62022.752153481524,149.49398701218567,0.13236717206977286,Ridge,{'alpha': 1000}
gb,0.9210745494943609,70240.69352143882,164.96878279509238,0.14705419431407316,GradientBoostingRegressor,"{'learning_rate': 0.005, 'max_depth': 6}"
eng,0.6999647155290702,267020.16050747165,245.82138729567131,0.19524065961190543,Calculation,
linear,0.4672504360326387,474127.1491841264,447.1086143209709,0.3481010429849538,LinearRegression,{}
