model,mae,te,mse,mape,r2,class_name,params
rf,147.84264596502672,7302.6174834434805,44235.950426566225,0.13546500267496275,0.9624340851558589,RandomForestRegressor,"{'max_depth': 30, 'n_estimators': 700}"
gb,149.8273199983413,5251.227270004929,45331.87821479234,0.14040547962951305,0.9615034048026432,GradientBoostingRegressor,"{'learning_rate': 0.005, 'max_depth': 6}"
cb,156.84522385097165,2695.66919793697,50074.559049285876,0.15005471639440338,0.9574758402845646,CatBoostRegressor,"{'learning_rate': 0.05, 'depth': 6, 'l2_leaf_reg': 15}"
ridge,156.5451644582228,12709.46701349764,57053.877534614,0.14361194394284468,0.9515488853675403,Ridge,{'alpha': 0.1}
linear,158.33594843865583,13274.73345429041,58401.18085398476,0.14436078305365538,0.9504047326755182,LinearRegression,{}
linearstruct,159.96720346214144,13622.706147257519,59102.24548205346,0.14539235395828728,0.9498093767746206,LinearRegression,{'fit_intercept': False}
lasso,172.97412103221268,-4444.40202693308,67925.5450282303,0.15949324443389615,0.9423164820543803,Lasso,{'alpha': 0.005}
eng,318.3693747832371,-37058.50430957249,217584.4860484148,0.26132289149468124,0.8152235863481719,Calculation,
