model,mae,te,mse,mape,r2,class_name,params
eng,272.27322035033234,-14816.096758460699,251494.1997375323,0.20341454063940992,0.7610818794126981,Calculation,
linear,624.0248858003719,-608542.0768982205,713333.8061373392,0.5114698643090305,0.3223367676408263,LinearRegression,{}
linearstruct,122408.70014545397,128857146.0966105,7155242801453.433,20.42480387666869,-6797440.707415851,LinearRegression,{'fit_intercept': False}
