model,class_name,mae,te,mse,mape,r2,params
gb,GradientBoostingRegressor,0.017078768883151775,-1.868576942429561,0.004630720916346128,0.1410872008689087,0.19463316379050788,"{'learning_rate': 0.005, 'max_depth': 4}"
linear,LinearRegression,0.01700898833859943,-2.540637604320362,0.004637468553671796,0.13636719443916184,0.19345962657610138,{}
lasso,Lasso,0.0188544287313076,-4.492342970282538,0.004811518506979541,0.15126153658489197,0.16318916485532187,{'alpha': 0.005}
ridge,Ridge,0.01699219442579557,-2.490029434915728,0.004643279482133432,0.13646539401426494,0.19244900011963162,{'alpha': 10}
rf,RandomForestRegressor,0.01671022490333292,-1.7449129969570776,0.004574611715691227,0.134726372881996,0.2043915772708298,"{'max_depth': 10, 'n_estimators': 1000}"
cb,CatBoostRegressor,0.017320134022357422,-1.7754511960622472,0.004564782452271473,0.14479686155281138,0.2061010654748574,"{'depth': 6, 'l2_leaf_reg': 15, 'learning_rate': 0.05}"
