model,class_name,r2,mse,mae,mape,params
ridge,Ridge,0.9589017083790383,36459.6686354197,119.18629947377471,0.09584132720026717,{'alpha': 0.01}
linear,LinearRegression,0.9588550050213785,36501.10074554589,119.23871686383339,0.0958587689077722,{}
lasso,Lasso,0.9544579893534292,40401.840360630384,126.4215520749911,0.10106229500719538,{'alpha': 0.01}
