model,class_name,r2,mse,mae,mape,params
gb,GradientBoostingRegressor,0.9950190843596379,4163.391701489449,42.393070231207076,0.036010201826647166,"{'learning_rate': 0.1, 'loss': 'squared_error', 'max_depth': 3, 'max_features': 'sqrt', 'min_samples_leaf': 20, 'min_samples_split': 20, 'n_estimators': 2000, 'warm_start': True}"
cb,CatBoostRegressor,0.9888456868101341,9323.541758905667,66.09561153367821,0.054775523327012784,{'verbose': 0}
rf,RandomForestRegressor,0.9711066229857774,24151.070761815983,96.14226795118302,0.07504781956590473,"{'max_depth': 10, 'n_estimators': 200}"
linear,LinearRegression,0.9491010525433243,42544.83929389875,133.19673330097532,0.11052314575458377,{}
ridge,Ridge,0.9490958262067144,42549.20782531795,133.20090920554324,0.11051886508148259,{'alpha': 0.01}
lasso,Lasso,0.9105619276127064,74758.4892538761,166.84618829257636,0.135182683744818,{'alpha': 0.01}
