model,class_name,r2,mse,mae,mape,params
gb,GradientBoostingRegressor,0.8598160368725578,117175.39322233343,206.1555925117195,0.167570747322566,"{'learning_rate': 0.005, 'max_depth': 6}"
ridge,Ridge,0.7199216555674715,234108.73405045868,279.43178502793603,0.22554207258329884,{'alpha': 100}
lasso,Lasso,0.711016278612309,241552.46030298038,275.8408315013246,0.2210225215169158,{'alpha': 0.01}
linear,LinearRegression,0.7099313575074467,242459.31194450424,275.20549158941895,0.22022417310065565,{}
