model,class_name,r2,mse,mae,mape,params
gb,GradientBoostingRegressor,0.8194452072891127,150920.10785029337,236.95501101644794,0.19691914751089043,"{'learning_rate': 0.005, 'max_depth': 3}"
ridge,Ridge,0.6998129182390247,250916.9990694986,287.17387552343655,0.23363820768955817,{'alpha': 100}
lasso,Lasso,0.6859416016955311,262511.5990097049,284.3952686723193,0.22849795411362972,{'alpha': 0.01}
linear,LinearRegression,0.6843315870440627,263857.3599346405,283.63123690032404,0.22791989380580097,{}
