model,class_name,mae_mean,te_mean,mse_mean,mape_mean,r2_mean,params,mae_sd,te_sd,mse_sd,mape_sd,r2_sd
linear,LinearRegression,0.00016108991039561838,-3.798433069573293e-05,6.18741510601483e-08,0.24647118047360492,0.7723554950604269,{},3.470981531991294e-05,0.0010619773598135932,3.592624599535351e-08,0.04153608360908071,0.09962580649580824
linearstruct,LinearRegression,0.000170948116759691,-0.0007889797870960902,6.426397384977807e-08,0.24355322985395877,0.7507603100297698,{'fit_intercept': False},3.395006491127485e-05,0.001132558394095392,3.206792103911301e-08,0.028458277696658048,0.12110881217902969
