model,class_name,mae_mean,te_mean,mse_mean,mape_mean,r2_mean,params,mae_sd,te_sd,mse_sd,mape_sd,r2_sd
linear,LinearRegression,0.00012690587109198817,2.5091177936272705e-05,3.6178584404979954e-08,0.19280286082763307,0.8868213182071821,{},1.0133420367241085e-05,0.0026525826376369733,1.0236095666408657e-08,0.018428944750201865,0.02342158491678979
linearstruct,LinearRegression,0.0001313444297986665,-0.0047020576903076365,3.878542283299846e-08,0.16976259510151342,0.8781082022978116,{'fit_intercept': False},1.0803313702492471e-05,0.0026531552960544495,1.0593154422747003e-08,0.01256320974074723,0.02669638872146916
