,report_target,cal_target
count,1286.0,1286.0
mean,1343.7749377916018,1429.7345913431934
std,993.9053761400594,1312.637518447705
