model,mae,te,mse,mape,r2,class_name,params
linear,152.95816806315563,10833.338952377127,57378.74034942475,0.1344484121179618,0.9535396768197031,LinearRegression,{}
ridge,153.04928846080966,10612.704049427526,57474.457640252396,0.13447449456786695,0.9534621732663188,Ridge,{'alpha': 10}
gb,164.4303874972389,27421.538607715123,64206.06539547388,0.14291478623389056,0.9480115016425434,GradientBoostingRegressor,"{'learning_rate': 0.005, 'max_depth': 6}"
lasso,191.6907837941662,-29983.298785617375,94170.11799176184,0.15005850312476698,0.9237492128760576,Lasso,{'alpha': 0.005}
eng,279.1433792121064,-58384.42941313402,178781.22865791814,0.22150885741387183,0.8552384801159073,Calculation,
