model,mae,te,mse,mape,r2,class_name,params
rf,111.4569247936384,12154.401455160045,29268.639887064415,0.1193704749687252,0.9492982296742281,RandomForestRegressor,"{'max_depth': 10, 'n_estimators': 1000}"
cb,116.09395662740435,12446.835727113872,32031.62858742922,0.11508627467672353,0.9445119321544546,CatBoostRegressor,"{'depth': 6, 'l2_leaf_reg': 7, 'learning_rate': 0.05}"
gb,119.9961427691619,10136.315778648363,35231.697208142614,0.12324360701712221,0.9389684854872992,GradientBoostingRegressor,"{'learning_rate': 0.005, 'max_depth': 5}"
ridge,137.1289807390285,2359.3694803730423,47993.114016808984,0.12955681592229087,0.9168620115766202,Ridge,{'alpha': 100}
lasso,145.2692265465309,38318.66876865404,48923.34920905022,0.13912875642049283,0.9152505745147016,Lasso,{'alpha': 0.005}
linear,145.01084937405372,1078.8864150576428,53304.47004645112,0.13696109612008817,0.9076612029783246,LinearRegression,{}
eng,489.77705754034855,232086.75863626137,1569399.7501911845,0.3922135089140644,-1.718655393299798,Calculation,
