model,mae,te,mse,mape,r2,class_name,params
rf,112.39942947884646,5938.590917770596,30601.234367753867,0.08865970186838315,0.9614840051466672,RandomForestRegressor,"{'max_depth': 30, 'n_estimators': 1000}"
cb,115.83165195173599,6529.347231275169,30707.37041270113,0.09272296822413553,0.9613504178765652,CatBoostRegressor,"{'depth': 8, 'l2_leaf_reg': 7, 'learning_rate': 0.05}"
gb,115.0231127702445,4407.462041687301,32055.587148820065,0.09187644886536031,0.9596534958424574,GradientBoostingRegressor,"{'learning_rate': 0.005, 'max_depth': 6}"
ridge,138.05853930186348,6445.900035959646,45658.97325251303,0.10830384436916342,0.9425317045166197,Ridge,{'alpha': 1000}
lasso,158.71239321608826,31109.99932477918,51618.997937173044,0.12694006353166845,0.935030167901417,Lasso,{'alpha': 0.005}
linear,158.15088970122324,2139.6311982931675,70532.57094501021,0.11718987906089788,0.911224752999735,LinearRegression,{}
eng,303.8041831234374,108605.0743258148,310614.0960269266,0.22922206671537074,0.6090480932837004,Calculation,
