r2,mse,mae,mape,class_name,params
0.999479727323409,452.1667772734097,13.748961704784167,0.01065358599168199,GradientBoostingRegressor,"{'learning_rate': 0.05, 'max_depth': 5}"
0.9642194358092833,31096.73662885625,116.79506492794468,0.10063180107739288,Ridge,{'alpha': 10}
0.9631371945181331,32037.307946300803,115.77924697050541,0.09718844154406378,LinearRegression,{}
0.9613045586516,33630.0440075438,119.32223857326957,0.10136623797811024,Lasso,{'alpha': 0.005}
0.7515996015707245,215883.73305925264,243.44752135034798,0.19354315147847,Calculation,
