model,r2,mse,mae,mape,class_name,params
ridge,0.7406446976323928,0.00030588894485909996,0.011840385197323056,0.13236717206977286,Ridge,{'alpha': 1000}
lasso,0.7320253974144793,0.0003160547237154134,0.012008776725919167,0.13041657487681166,Lasso,{'alpha': 0.005}
rf,0.648228125545639,0.00041488693898163246,0.010911963412316122,0.11049914142562209,RandomForestRegressor,"{'max_depth': 10, 'n_estimators': 200}"
gb,0.6470388963768752,0.00041628954017122846,0.013762378247363146,0.14705419431407316,GradientBoostingRegressor,"{'learning_rate': 0.005, 'max_depth': 6}"
eng,0.25923577054280555,0.0008736724735122521,0.01880210831131136,0.19414355343031642,Calculation,
linear,-0.706203120453659,0.002012330835215107,0.03435458442051088,0.34810104298495387,LinearRegression,{}
cb,-0.7088679625796455,0.0020154738044881187,0.011868704672355216,0.11296807494988206,CatBoostRegressor,"{'depth': 6, 'l2_leaf_reg': 1, 'learning_rate': 0.01}"
