model,class_name,mae_mean,te_mean,mse_mean,mape_mean,r2_mean,params,mae_sd,te_sd,mse_sd,mape_sd,r2_sd
linear,LinearRegression,769.7924042548929,7323.9240413133875,12228389.509214219,0.5349583669722269,-5.572755082636505,{},724.4816289777937,16403.045091992924,21933226.90442978,0.265839941521547,10.37755220325641
linearstruct,LinearRegression,292608469.10082954,6248472019.0286665,9.408122273849782e+18,76853.06486704726,-7768229175841.918,{'fit_intercept': False},596147476.5601931,12758303376.883692,2.0445269283600335e+19,167208.42370468687,20333825441048.773
