model,class_name,mae,te,mse,mape,r2,params
linear,LinearRegression,0.0001409794657049408,-0.04199844323161017,4.752377471549266e-08,0.22353935868041044,0.8316640822250465,{}
