model,mae,te,mse,mape,r2,class_name,params
gb,118.85018361440653,1758.280746031529,34045.105781482715,0.09395603285492099,0.9571494043899573,GradientBoostingRegressor,"{'learning_rate': 0.005, 'max_depth': 5}"
rf,119.67322866861629,6917.23302389552,35080.27429662772,0.09315437714560086,0.9558464979541414,RandomForestRegressor,"{'max_depth': 10, 'n_estimators': 200}"
cb,120.93595317118842,4143.2710686373,35518.46442114258,0.09421417500823528,0.9552949735163436,CatBoostRegressor,"{'depth': 10, 'l2_leaf_reg': 15, 'learning_rate': 0.05}"
ridge,136.84981796345414,14699.02105069948,43511.75701291258,0.1077867383230343,0.9452342807800331,Ridge,{'alpha': 1000}
linear,142.25322916009665,1396.42935970104,51119.88466378038,0.11141022916248154,0.9356583727652535,LinearRegression,{}
lasso,158.0905135429353,30368.0108527257,51336.220689560854,0.12632134807741313,0.9353860831851858,Lasso,{'alpha': 0.005}
eng,303.8041831234374,108605.0743258148,310614.0960269266,0.22922206671537074,0.6090480932837004,Calculation,
