model,mae,te,mse,mape,r2,class_name,params
linear,152.95816806315563,10833.338952377127,57378.74034942475,0.1344484121179618,0.9535396768197031,LinearRegression,{}
ridge,153.04928846080966,10612.704049427526,57474.457640252396,0.13447449456786695,0.9534621732663188,Ridge,{'alpha': 10}
rf,160.03662329119743,16995.009582841136,60909.11116184225,0.13862485414027456,0.9506810889892219,RandomForestRegressor,"{'max_depth': 10, 'n_estimators': 700}"
cb,162.4932661430918,23193.64098591614,62527.55723517836,0.14593384280963567,0.9493706118480514,CatBoostRegressor,"{'depth': 8, 'l2_leaf_reg': 1, 'learning_rate': 0.01}"
gb,164.79473108642108,27262.221680800405,64221.71592669307,0.14314010517209422,0.9479988292009046,GradientBoostingRegressor,"{'learning_rate': 0.005, 'max_depth': 6}"
lasso,191.6907837941662,-29983.298785617375,94170.11799176184,0.15005850312476698,0.9237492128760576,Lasso,{'alpha': 0.005}
eng,279.1433792121064,-58384.42941313402,178781.22865791814,0.22150885741387183,0.8552384801159073,Calculation,
