,gb,lasso,linear,ridge,mean,sd
cal_fc,1,1,1,1,1.0,0.0
TPC,3,2,8,2,3.75,2.48746859276655
age,5,3,7,3,4.5,1.6583123951777
LOA..m.,7,5,4,4,5.0,1.224744871391589
GT,2,9,5,6,5.5,2.5
LBP..m.,6,9,3,7,6.25,2.165063509461097
Main.Bunker.Capacity..m3.,4,6,11,8,7.25,2.5860201081971503
Beam.Mld..m.,11,4,10,5,7.5,3.0413812651491097
Dwt,9,9,2,11,7.75,3.418698582794336
NT,8,9,6,10,8.25,1.479019945774904
Size.Category,10,9,9,9,9.25,0.4330127018922193
LDT,12,12,12,12,12.0,0.0
