model,class_name,mae_mean,te_mean,mse_mean,mape_mean,r2_mean,params,mae_sd,te_sd,mse_sd,mape_sd,r2_sd
gb,GradientBoostingRegressor,0.016679009642820174,-0.06736225835173125,0.00402294062386137,0.1435958737899834,0.6715048921625969,"{'learning_rate': 0.005, 'max_depth': 6}",0.007753509193426444,0.502062349862368,0.010883493492333914,0.019251197860789136,0.19061268490184033
ridge,Ridge,0.017923899248438204,-0.07728195810054572,0.00459723225126974,0.16363783739672252,0.6264897923264634,{'alpha': 1000},0.008637923912027187,0.5128725381229938,0.012273136919030961,0.022737320858130412,0.22393758292451285
lasso,Lasso,0.018089183329724354,-0.07943878172062167,0.0046325978996220075,0.16440911712824416,0.6131948237682869,{'alpha': 0.005},0.008627015134713983,0.5052835201294615,0.012330951740041176,0.026922095542065202,0.22741298535660964
linear,LinearRegression,0.022123978921282716,-0.11453510528787149,0.004740489071290618,0.2102138664674479,0.2905119137875107,{},0.007264267933633954,0.5079525175673992,0.011158222961644603,0.04485805054170423,0.6992803561659461
