model,r2,mse,mae,mape,class_name,params
rf,0.9591025678038148,36397.18218017419,125.38304477453684,0.11131058199590388,RandomForestRegressor,"{'max_depth': 10, 'n_estimators': 200}"
cb,0.9568458350518895,38405.58976698234,129.0316208702465,0.11432671556039102,CatBoostRegressor,"{'depth': 6, 'l2_leaf_reg': 1, 'learning_rate': 0.01}"
lasso,0.9450487192660488,48904.580764708175,149.4767905079923,0.13226630177548163,Lasso,{'alpha': 0.005}
ridge,0.9307598339796479,61621.153248426475,149.55786780820964,0.13518517771502742,Ridge,{'alpha': 1000}
gb,0.9202519284121011,70972.79546007956,166.7911233508131,0.15254095715443192,GradientBoostingRegressor,"{'learning_rate': 0.005, 'max_depth': 6}"
eng,0.6999647155290702,267020.16050747165,245.82138729567131,0.19524065961190543,Calculation,
linear,0.46588697476957874,475340.5786177678,449.24345264098406,0.35183515808591354,LinearRegression,{}
