model,mae,te,mse,mape,r2,class_name,params
rf,95.97780045929646,14493.56031571481,20662.970649643266,0.10658289659115278,0.9642057438894044,RandomForestRegressor,"{'max_depth': 50, 'n_estimators': 1000}"
cb,101.05010758642084,9561.121437601076,23011.72514056471,0.10991634001445505,0.9601370201219239,CatBoostRegressor,"{'depth': 8, 'l2_leaf_reg': 1, 'learning_rate': 0.05}"
gb,100.58686133126837,13518.66733110953,28707.407536730232,0.1096902125734428,0.9502704468266422,GradientBoostingRegressor,"{'learning_rate': 0.005, 'max_depth': 6}"
ridge,118.17300263073935,14023.597372841934,32809.07813850863,0.12174996434303535,0.9431651641211329,Ridge,{'alpha': 1000}
lasso,142.23890637726115,37257.06601652883,42933.21733118462,0.1406994919695565,0.9256272196838833,Lasso,{'alpha': 0.005}
linear,144.75229960430806,24812.19035801803,59985.01401916798,0.1435769597800336,0.896088563885327,LinearRegression,{}
eng,489.77705754034855,232086.75863626137,1569399.7501911845,0.3922135089140644,-1.718655393299798,Calculation,
