r2,mse,mae,mape,class_name,params
0.9554188057202069,37264.02687950116,121.64789174618062,0.10311205591275448,GradientBoostingRegressor,"{'learning_rate': 0.01, 'max_depth': 3}"
0.9116781429565995,73825.47973607146,163.2294508338334,0.13053820816972345,LinearRegression,{}
0.9116779469285521,73825.64358978927,163.2295451350808,0.13053839908398615,Ridge,{'alpha': 0.005}
0.9092184155946249,75881.48895730516,164.62513386499418,0.13133319726869788,Lasso,{'alpha': 0.005}
0.2083145593570258,661745.1151056599,347.1932236190591,0.27194801871631485,Calculation,
