model,class_name,r2_mean,mse_mean,mae_mean,mape_mean,params,r2_sd,mse_sd,mae_sd,mape_sd
ridge,Ridge,0.9599650415787317,32481.04627331477,117.9222876217319,0.10052505346467332,{'alpha': 0.1},0.0086673662560611,7795.736096865399,12.08016684937496,0.006798380054084903
linear,LinearRegression,0.9597600033164876,32643.979796816184,118.07038139800606,0.10071569942158096,{},0.008781348367326653,7872.497635655233,12.008365790294478,0.006649187300414559
lasso,Lasso,0.9549470127833922,36843.921182215076,124.21220232554181,0.10516372255548283,{'alpha': 0.005},0.009035446025147425,9553.116760841249,12.060693505484045,0.007887878551606817
gb,GradientBoostingRegressor,0.9488420857233105,41957.63304242347,129.4468542774077,0.11323604154286074,"{'learning_rate': 0.05, 'max_depth': 3}",0.009517282174129222,11222.950621044112,14.012816717111603,0.007044891094857786
