model,class_name,r2,mse,mae,mape,params
gb,GradientBoostingRegressor,0.9901740175462403,8188.970834025865,56.92238255519149,0.04682226370120773,"{'learning_rate': 0.01, 'max_depth': 6}"
linear,LinearRegression,0.9619512031308445,31709.85591492403,117.44330027581118,0.09871447591850314,{}
ridge,Ridge,0.9610532566467503,32458.20424582801,117.65420328625643,0.09954869264388827,{'alpha': 10}
lasso,Lasso,0.9595462935484711,33714.10684058993,120.45439710776586,0.10088486081470703,{'alpha': 0.005}
