model,r2,mse,mae,mape,class_name,params
cb,0.9569627188838846,38301.56753628003,128.49452909820752,0.11527318973262606,CatBoostRegressor,"{'depth': 8, 'l2_leaf_reg': 1, 'learning_rate': 0.01}"
rf,0.9549343219918607,40106.76476378664,128.78171748220112,0.12301373992903115,RandomForestRegressor,"{'max_depth': 30, 'n_estimators': 200}"
gb,0.9541072603701134,40842.818616179204,129.2755907977376,0.11729073836613552,GradientBoostingRegressor,"{'learning_rate': 0.005, 'max_depth': 6}"
lasso,0.9475262337078945,46699.68574681802,145.49320761868307,0.1264859722107913,Lasso,{'alpha': 0.005}
ridge,0.9462063267322568,47874.35349668343,141.2688091199177,0.12344478607555134,Ridge,{'alpha': 1000}
linear,0.9044510285085112,85035.00429614684,181.92116573311296,0.15842489248809408,LinearRegression,{}
eng,0.6999647155290702,267020.16050747165,245.82138729567131,0.19524065961190543,Calculation,
