model,class_name,r2_mean,mse_mean,mae_mean,mape_mean,params,r2_sd,mse_sd,mae_sd,mape_sd
ridge,Ridge,0.9617815750289608,31050.623357407112,115.93725953023475,0.09900016364142784,{'alpha': 1},0.008659574208976823,8149.365012594642,12.378547826213739,0.007558738204049795
linear,LinearRegression,0.9609919523993928,31649.34676747734,116.3686144143603,0.09967277650463478,{},0.009497423966918168,8605.682587556366,12.229190978965823,0.006952622537816856
lasso,Lasso,0.9587045390876082,33931.367733388244,119.62790057096282,0.10167725118152351,{'alpha': 0.005},0.008223744779258186,9621.571815174586,12.037848851681805,0.007765155664441978
gb,GradientBoostingRegressor,0.9509330212711333,40381.7978462534,125.69152672133636,0.10826975335881747,"{'learning_rate': 0.05, 'max_depth': 3}",0.01037201095323535,12252.450074371234,14.522222929231045,0.008229947664511194
