model,class_name,r2_mean,mse_mean,mae_mean,mape_mean,params,r2_sd,mse_sd,mae_sd,mape_sd
gb,GradientBoostingRegressor,0.779856672435023,184532.30268507308,255.2827821494662,0.20154063890740165,"{'learning_rate': 0.005, 'max_depth': 3}",0.042799753236387926,67578.90137195685,21.219407792155405,0.014428750272846005
lasso,Lasso,0.7556494872362001,202490.24499054864,258.00460314394957,0.19822403793935803,{'alpha': 0.01},0.054551283198466305,67121.62209971462,22.20140462527621,0.015268727962878497
linear,LinearRegression,0.7543614672410278,203039.34820102213,258.116355926685,0.19791031426606104,{},0.060490456624791654,69221.07447042572,22.392070139901623,0.015708536342367112
ridge,Ridge,0.7529882146303493,205150.79083249468,262.727007905911,0.20183198517153517,{'alpha': 100},0.04803740961985334,65121.06772953006,21.892983378168637,0.014709526712423086
