model,r2,mse,mae,mape,class_name,params
cb,0.9555494706594528,39559.30549996687,130.3447909810723,0.1130097830081231,CatBoostRegressor,"{'depth': 6, 'l2_leaf_reg': 1, 'learning_rate': 0.01}"
gb,0.9539355935513256,40995.59565234466,131.3208962266793,0.11223282370470895,GradientBoostingRegressor,"{'learning_rate': 0.005, 'max_depth': 6}"
rf,0.9530176931819209,41812.492586318716,133.18761677774694,0.11326431990689298,RandomForestRegressor,"{'max_depth': 30, 'n_estimators': 200}"
ridge,0.9433805188946747,50389.21658581973,140.95232157157008,0.11757444288431353,Ridge,{'alpha': 1000}
lasso,0.9412133968888292,52317.873966435895,146.11182983738593,0.12099288122362722,Lasso,{'alpha': 0.005}
eng,0.6999647155290702,267020.16050747165,245.82138729567131,0.19524065961190543,Calculation,
linear,-30.006845484981877,27594930.61900999,3620.1833690030294,2.7947160250768412,LinearRegression,{}
