model,mae,te,mse,mape,r2,class_name,params
eng,318.369374783237,-37058.5043095725,217584.4860484148,0.26132289149468124,0.8152235863481719,Calculation,
linear,500.0836967152161,-80901.38699275689,481510.4797688106,0.564298561001232,0.5910931831433295,LinearRegression,{}
linearstruct,504230.8480795972,108034578.32534304,30957848273676.016,75.18960551217882,-26289925.649983987,LinearRegression,{'fit_intercept': False}
