model,class_name,r2,mse,mae,mape,params
gb,GradientBoostingRegressor,0.9916139869682696,7009.606182037419,55.51453606604332,0.04613188469681325,"{'learning_rate': 0.05, 'max_depth': 3}"
ridge,Ridge,0.9631790628307471,30777.470513511544,115.11570062441915,0.09764412604651719,{'alpha': 0.1}
linear,LinearRegression,0.9631033425478134,30840.76273132104,115.14665922828831,0.0976870312194611,{}
lasso,Lasso,0.9565502092940267,36318.32199502043,123.21926854402945,0.10406471570850338,{'alpha': 0.005}
