model,r2,mse,mae,mape,class_name,params
rf,0.9607982313900745,34888.10512689306,122.06749263937037,0.10741656783608745,RandomForestRegressor,"{'max_depth': 10, 'n_estimators': 700}"
cb,0.9569262875365246,38333.990070305386,127.79570799428865,0.11283565722531752,CatBoostRegressor,"{'depth': 6, 'l2_leaf_reg': 1, 'learning_rate': 0.01}"
lasso,0.9450497459970613,48903.66701257994,149.4774035668692,0.1322685932919941,Lasso,{'alpha': 0.005}
ridge,0.9313463289170468,61099.194730790034,148.4370018774733,0.13444699228962734,Ridge,{'alpha': 1000}
gb,0.9218158153047797,69580.9947262595,166.90527066647192,0.1528116004988758,GradientBoostingRegressor,"{'learning_rate': 0.005, 'max_depth': 5}"
linear,0.8072046343309851,171580.6511784614,217.74538051236325,0.18567638917514892,LinearRegression,{}
eng,0.6999647155290702,267020.16050747165,245.82138729567131,0.19524065961190543,Calculation,
