model,class_name,r2,mse,mae,mape,params
gb,GradientBoostingRegressor,0.9916973987843329,6939.88485208953,54.56957238296192,0.044813622970836894,"{'learning_rate': 0.05, 'max_depth': 3}"
ridge,Ridge,0.9643003000627605,29840.263356390125,113.88667952988946,0.09664867395693873,{'alpha': 1}
linear,LinearRegression,0.9641143077933872,29995.728481029993,113.64692661986543,0.0965398385427958,{}
lasso,Lasso,0.9597290802351209,33661.20313337762,118.78871656522482,0.1005804265063517,{'alpha': 0.005}
