model,class_name,r2_mean,mse_mean,mae_mean,mape_mean,params,r2_sd,mse_sd,mae_sd,mape_sd
ridge,Ridge,0.6696068252956822,0.002119645217956934,0.012274301192427626,0.12000059164032728,{'alpha': 1000},0.20805105296991908,0.005622349481835718,0.0036011800213015524,0.01295985027947015
gb,GradientBoostingRegressor,0.6599460210848158,0.0020426526017452954,0.01161796418009141,0.1123532902644515,"{'learning_rate': 0.005, 'max_depth': 6}",0.19841267156150075,0.005364270257092401,0.0036741608189768326,0.014899074398978198
lasso,Lasso,0.651622190222891,0.002204428292106959,0.012909378983500999,0.12720989739643082,{'alpha': 0.005},0.21461644413970468,0.005827362349194593,0.0038990280159272865,0.012753837133712146
linear,LinearRegression,0.4664723858353171,0.002234818821583041,0.016392937821148514,0.1670249677727694,{},0.15710122409220148,0.00537401363170944,0.002559414367975831,0.024024054138425975
