model,class_name,r2_mean,mse_mean,mae_mean,mape_mean,params,r2_sd,mse_sd,mae_sd,mape_sd
cb,CatBoostRegressor,0.7215365550024461,0.0019799340244282516,0.010871120637915708,0.1013604527539007,"{'depth': 6, 'l2_leaf_reg': 1, 'learning_rate': 0.01}",0.2082127286209574,0.005370572546056318,0.00374333732812275,0.009256601791142627
gb,GradientBoostingRegressor,0.6968256933209258,0.0020781320855671067,0.011297273998410944,0.10695167524800252,"{'learning_rate': 0.005, 'max_depth': 6}",0.21368702603827885,0.005574877823955528,0.0038672107325148177,0.011325943000303023
ridge,Ridge,0.6616789401063652,0.0021251600299136693,0.012432038409875234,0.11811024151692735,{'alpha': 1000},0.20069603225860355,0.005617087387401758,0.0037804460120810894,0.009947132695155078
lasso,Lasso,0.6431189710506671,0.002203650694811266,0.01299895178928898,0.1240455540223079,{'alpha': 0.005},0.20475431220154297,0.005801284673179027,0.004027516446336071,0.011304127353881822
linear,LinearRegression,0.6322375037664316,0.002051620274936399,0.013367513495486297,0.13307137741147002,{},0.1811504362000658,0.005307224684503824,0.003224291933306077,0.017937376527172717
rf,RandomForestRegressor,0.5012699959246772,0.0022098898591527945,0.011140993567014793,0.10084784373947989,"{'max_depth': 30, 'n_estimators': 200}",0.7472272519125477,0.005188336346715428,0.003994460720105607,0.009192802184441922
