model,r2,mse,mae,mape,class_name,params
ridge,0.95650559751771,0.02383312847067282,0.10722996269195413,0.01608042849213059,Ridge,{'alpha': 10}
lasso,0.9563692652088305,0.023907832921057064,0.1073204657479615,0.01606607152216899,Lasso,{'alpha': 0.005}
linear,0.9556019525659945,0.024328288422229342,0.10833469214334132,0.01622077787218015,LinearRegression,{}
cb,0.9551414486337569,0.024580625476008564,0.10861965366808829,0.016334866061442164,CatBoostRegressor,"{'depth': 6, 'l2_leaf_reg': 1, 'learning_rate': 0.05}"
gb,0.9540865657195648,0.025158657557853886,0.11140897958457527,0.016701288194882227,GradientBoostingRegressor,"{'learning_rate': 0.01, 'max_depth': 6}"
rf,0.9468731502462053,0.029111310034432163,0.12038042167897468,0.018069820062690645,RandomForestRegressor,"{'max_depth': 50, 'n_estimators': 1000}"
eng,0.8645667176603724,0.07421182113076596,0.1907613686559504,0.02812598398630845,,
