model,class_name,r2_mean,mse_mean,mae_mean,mape_mean,params,r2_sd,mse_sd,mae_sd,mape_sd
ridge,Ridge,0.9421195571717151,47618.435692044804,137.69277425297608,0.11357092140374059,{'alpha': 0.005},0.01273579226532615,14340.535392521884,15.429449480505399,0.00762853421537179
linear,LinearRegression,0.9421184816190035,47619.24279017747,137.6958348073428,0.11357404228459457,{},0.012736469258793133,14341.12002906502,15.429603330476686,0.007626873118728076
lasso,Lasso,0.9381065844648463,51144.00263588044,140.50963640573323,0.11540724353933791,{'alpha': 0.005},0.012696885593386612,15774.65341455657,14.441471253208563,0.0077391176335898475
gb,GradientBoostingRegressor,0.9377243817976842,51043.294246719706,139.20532885863662,0.11965058325037879,"{'learning_rate': 0.05, 'max_depth': 3}",0.013795114811923683,14713.139771598624,12.84765356983549,0.008041897887410821
