model,class_name,r2,mse,mae,mape,params
cb,CatBoostRegressor,0.9948624341008013,4294.330756628569,44.53129704534893,0.03659434385908504,"{'depth': 6, 'l2_leaf_reg': 7, 'learning_rate': 0.1}"
gb,GradientBoostingRegressor,0.988037002909822,9999.495355149029,64.93551547132856,0.05506003760698586,"{'learning_rate': 0.05, 'max_depth': 3}"
rf,RandomForestRegressor,0.9806744626483175,16153.612637970835,71.69619359482773,0.056372390300779215,"{'max_depth': 50, 'n_estimators': 200}"
linear,LinearRegression,0.9491010525433243,42544.83929389875,133.19673330097532,0.11052314575458377,{}
ridge,Ridge,0.9490984745027028,42546.99419747567,133.19882468363178,0.110521001307333,{'alpha': 0.005}
lasso,Lasso,0.9329821569823744,56018.12028501304,147.0804250533075,0.11988266373894689,{'alpha': 0.005}
