model,mae,te,mse,mape,r2,class_name,params
eng,279.1433792121064,-58384.42941313402,178781.22865791814,0.22150885741387183,0.8552384801159073,Calculation,
linear,262.85171864681723,-79433.25403790892,194548.97018563788,0.22353935868041044,0.8424711317436702,LinearRegression,{}
linearstruct,319.9897770239832,-155657.0838006267,232314.08655442516,0.23163512319451277,0.8118922187046186,LinearRegression,{'fit_intercept': False}
