r2,mse,mae,mape,class_name,params
0.9858504646587305,11827.154337328053,69.38885868367541,0.05737077174911473,GradientBoostingRegressor,"{'learning_rate': 0.05, 'max_depth': 3}"
0.9442444997677755,46604.279963746376,136.24747241202147,0.11209260935719595,Ridge,{'alpha': 0.005}
0.9442443377692468,46604.415373253134,136.24936098115822,0.11209396081934485,LinearRegression,{}
0.9395355573174633,50540.3377764011,139.726303918325,0.11455731024552851,Lasso,{'alpha': 0.005}
0.2083145593570258,661745.1151056599,347.1932236190591,0.27194801871631485,Calculation,
