model,mae,te,mse,mape,r2,class_name,params
rf,126.89889218201543,5602.33549120283,34216.68243583485,0.10361774444434596,0.9569334508288506,RandomForestRegressor,"{'max_depth': 10, 'n_estimators': 1000}"
cb,128.64143905295504,7569.965713223671,35870.15586849181,0.10615271769526047,0.9548523199353385,CatBoostRegressor,"{'depth': 8, 'l2_leaf_reg': 15, 'learning_rate': 0.05}"
gb,130.2319138618258,5648.038033893563,36948.18344565265,0.10812541513688088,0.9534954692895543,GradientBoostingRegressor,"{'learning_rate': 0.005, 'max_depth': 6}"
ridge,159.47516584178882,7362.371549345954,54273.549998091825,0.1254393777020293,0.9316890375310687,Ridge,{'alpha': 100}
lasso,161.1894525110972,36004.87786153583,54949.88662040642,0.1283531214745875,0.930837771939912,Lasso,{'alpha': 0.005}
linear,162.09680932013032,2382.9895820891816,56728.270192294236,0.12665808913430773,0.9285994239151585,LinearRegression,{}
eng,303.8041831234374,108605.0743258148,310614.0960269266,0.22922206671537074,0.6090480932837004,Calculation,
