model,r2,mse,mae,mape,class_name,params
cb,0.9562202033815386,38962.3785104471,129.12487654176115,0.11349232996239775,CatBoostRegressor,"{'depth': 8, 'l2_leaf_reg': 1, 'learning_rate': 0.01}"
rf,0.9513800410163112,43269.941648976695,133.9899794739996,0.11992213120931662,RandomForestRegressor,"{'max_depth': 30, 'n_estimators': 200}"
lasso,0.9468012080273507,47344.93143494505,145.4582898565423,0.12465216394410354,Lasso,{'alpha': 0.005}
gb,0.9460465835303544,48016.51896061275,139.6207486249514,0.11978310430739174,GradientBoostingRegressor,"{'learning_rate': 0.005, 'max_depth': 6}"
ridge,0.9440970185044149,49751.558781226064,142.76327584612275,0.12258767509613896,Ridge,{'alpha': 1000}
eng,0.6999647155290702,267020.16050747165,245.82138729567131,0.19524065961190543,Calculation,
linear,0.0015977628157157753,888540.5797990282,593.4011636828297,0.44912169272591795,LinearRegression,{}
