model,mae,te,mse,mape,r2,class_name,params
cb,160.264562791054,23124.788128094315,66063.56442726449,0.1320326180669544,0.9168496317209146,CatBoostRegressor,"{'depth': 6, 'l2_leaf_reg': 1, 'learning_rate': 0.01}"
rf,169.8348558483903,24400.030899590427,69623.58749432689,0.13858756585503607,0.9123688376300327,RandomForestRegressor,"{'max_depth': 10, 'n_estimators': 200}"
gb,171.6461213335315,18523.927772622366,75832.05788916901,0.13849105335195425,0.9045545968415374,GradientBoostingRegressor,"{'learning_rate': 0.01, 'max_depth': 3}"
linear,178.28306551454241,-3868.2052851101635,71948.96483929321,0.15574558674377956,0.9094420203397747,LinearRegression,{}
ridge,178.28352606054835,-3869.1562425575994,71949.63658751576,0.15574607508535965,0.9094411748493356,Ridge,{'alpha': 0.005}
lasso,178.93539598617093,-6523.0363137962895,74012.89832483414,0.1571941884121798,0.9068442672376815,Lasso,{'alpha': 0.005}
eng,303.8041831234374,108605.0743258148,310614.0960269266,0.22922206671537074,0.6090480932837004,Calculation,
