model,class_name,r2_mean,mse_mean,mae_mean,mape_mean,params,r2_sd,mse_sd,mae_sd,mape_sd
linear,LinearRegression,0.9289882137819221,58814.85351039374,151.85150794652705,0.12388643755451671,{},0.015483768323020855,19111.062666293106,17.375341635117465,0.009065268614971962
ridge,Ridge,0.9289821839356349,58820.38064799749,151.84975728433218,0.12388367960062939,{'alpha': 0.005},0.015479491381926003,19112.26983532799,17.37368318630645,0.009064183208752286
cb,CatBoostRegressor,0.9163956671500121,68706.99556689525,155.14574555674335,0.13007998553379532,"{'depth': 6, 'l2_leaf_reg': 7, 'learning_rate': 0.1}",0.02401188452331827,22443.98575220053,16.754950557715393,0.010654611570194487
lasso,Lasso,0.9114825036598894,73584.88472746688,163.86921665403952,0.13070080087274802,{'alpha': 0.005},0.016500789623041495,23421.011081965196,17.152581513140433,0.009492526658930422
gb,GradientBoostingRegressor,0.910609839247021,72419.22051765681,162.3039449271131,0.13795086194135614,"{'learning_rate': 0.05, 'max_depth': 4}",0.030069913602396192,26015.384354776303,21.09310737389725,0.01248798584754742
rf,RandomForestRegressor,0.8761968453877763,102510.50566462961,189.13889435624148,0.1539274895136526,"{'max_depth': 50, 'n_estimators': 200}",0.030248037994798752,34817.18307022486,19.618253305422943,0.011263744965214447
