model,class_name,mae,te,mse,mape,r2,params
gb,GradientBoostingRegressor,0.010510837105284887,-0.6512127408138866,0.0002260665872672101,0.10580208665127043,0.7377305177573068,"{'learning_rate': 0.005, 'max_depth': 4}"
linear,LinearRegression,0.011903334483175848,0.022424804165151357,0.0002761872206814424,0.1260625048606374,0.6795834349259593,{}
lasso,Lasso,0.011191523138200246,-0.7760388515264108,0.0002774917894416071,0.11205741456145024,0.6780699491100569,{'alpha': 0.005}
ridge,Ridge,0.011627592418506714,0.016714252582586797,0.00026566837758856343,0.12266640044337031,0.6917867930829993,{'alpha': 100}
rf,RandomForestRegressor,0.00986923570494715,-0.8914488678790488,0.00021646593274631388,0.09771116927316462,0.7488686462212457,"{'max_depth': 10, 'n_estimators': 200}"
cb,CatBoostRegressor,0.01008358859619987,-0.8203061178117808,0.0002186422649392093,0.10097246570360859,0.7463437904948038,"{'depth': 8, 'l2_leaf_reg': 1, 'learning_rate': 0.01}"
