model,mae,te,mse,mape,r2,class_name,params
rf,362.7797328849487,73099.88496530414,205871.17987788722,0.3767328943026855,0.6586358478700178,RandomForestRegressor,"{'max_depth': 10, 'n_estimators': 700}"
gb,423.4352180181896,88524.00002344139,279310.2849581544,0.43124563554092993,0.5368632041528152,GradientBoostingRegressor,"{'learning_rate': 0.01, 'max_depth': 3}"
lasso,452.7799028185728,97232.74389187187,313668.8234413902,0.46990684823420914,0.47989178462380655,Lasso,{'alpha': 0.005}
cb,457.42130218995175,94437.29844076501,307692.87674272317,0.4681869627073259,0.4898007674118512,CatBoostRegressor,"{'learning_rate': 0.01, 'depth': 6, 'l2_leaf_reg': 1}"
ridge,484.0828878514648,103996.7459964479,372707.08092751075,0.48956509596807096,0.3819978262662781,Ridge,{'alpha': 0.005}
linear,484.09093730079815,103998.50394157888,372722.4448118052,0.48956946183860217,0.381972350726969,LinearRegression,{}
linearstruct,539.5661063321073,116006.71286140308,459955.5947956209,0.5472422236527812,0.23732718815726972,LinearRegression,{'fit_intercept': False}
eng,639.7133524231299,125360.21122580743,2284124.959106804,0.5153681328696372,-2.7874090996462715,Calculation,
