,report_target,cal_target
count,1286.0,1286.0
mean,0.0008244089931761882,0.000948242757525779
std,0.0009582622063432542,0.0008548894013015157
