model,r2,mse,mae,mape,class_name,params
gb,0.9379554178552817,55217.353226023224,131.85541188362885,0.1096929553400502,GradientBoostingRegressor,"{'learning_rate': 0.01, 'max_depth': 6}"
cb,0.9333414285482395,59323.63081773604,133.34996459687488,0.11393203916914382,CatBoostRegressor,"{'depth': 6, 'l2_leaf_reg': 1, 'learning_rate': 0.05}"
rf,0.9178972348795448,73068.38447094482,155.71735114408818,0.12653552181996217,RandomForestRegressor,"{'max_depth': 50, 'n_estimators': 1000}"
eng,0.6999647155290702,267020.16050747165,245.82138729567131,0.19524065961190543,Calculation,
linear,0.5673799086636364,385015.67051053076,302.68396672816243,0.25327858116093827,LinearRegression,{}
ridge,0.20519017337610168,707350.9632450975,319.2183633259965,0.2964988911715065,Ridge,{'alpha': 1000}
lasso,0.011494480966637077,879732.8714862673,340.2769040162001,0.3441568443655183,Lasso,{'alpha': 0.1}
