model,class_name,mae,te,mse,mape,r2,params
linear,LinearRegression,0.00018273071839382499,-0.06936620187675674,5.4366091714622e-07,0.22239785600500395,0.3147287176475083,{}
linearstruct,LinearRegression,0.00019241543209144992,-0.09843919909752218,5.495246039768811e-07,0.23408942478256334,0.30733768388541083,{'fit_intercept': False}
