model,mae,te,mse,mape,r2,class_name,params
linear,154.48590467016993,9424.882406051185,57460.14475976634,0.13387365013003288,0.9534737625945084,LinearRegression,{}
ridge,154.59131193054296,9205.985075287133,57563.11359342136,0.1339274173437834,0.953390387371212,Ridge,{'alpha': 10}
gb,163.50571446633916,25904.84318367213,63378.79152927161,0.14072008445707457,0.9486813562079853,GradientBoostingRegressor,"{'learning_rate': 0.005, 'max_depth': 6}"
lasso,193.16554424602325,-31195.362004475966,95244.48307157616,0.15078390568412428,0.9228792852945558,Lasso,{'alpha': 0.005}
eng,279.1433792121064,-58384.42941313402,178781.22865791814,0.22150885741387183,0.8552384801159073,Calculation,
