r2,mse,mae,mape,class_name,params
0.9448950932271596,46060.46922583831,139.64813598990457,0.12206657547961698,GradientBoostingRegressor,"{'learning_rate': 0.01, 'max_depth': 3}"
0.8675357456626659,110722.72993002465,203.8315183484772,0.16762213417341712,LinearRegression,{}
0.8675348874213238,110723.44730713745,203.83122588836798,0.16762204622454224,Ridge,{'alpha': 0.005}
0.8637028652957266,113926.51482917157,205.3692501968664,0.16882787356394072,Lasso,{'alpha': 0.005}
0.2083145593570258,661745.1151056599,347.1932236190591,0.27194801871631485,Calculation,
