model,mae,te,mse,mape,r2,class_name,params
lasso,179.0361727155256,54580.187845126326,94078.69845741297,0.18164249702698876,0.8186716579099129,Lasso,{'alpha': 0.005}
ridge,257.10981973171886,41421.899392829,255023.1793207078,0.26034778617899007,0.5084654543589384,Ridge,{'alpha': 100}
linear,276.5468145056104,27422.93929607833,277200.8049017541,0.27829741955395326,0.4657200492455139,LinearRegression,{}
gb,394.13476517218083,157699.83580853028,679792.2026869506,0.41143539167317655,-0.3102391412737535,GradientBoostingRegressor,"{'learning_rate': 0.005, 'max_depth': 4}"
eng,341.81525130625437,104999.28719350879,910301.3556092082,0.2980186077823141,-0.7545250765740188,Calculation,
