model,mae,te,mse,mape,r2,class_name,params
cb,109.04733136598298,11539.624053864733,23263.675040147384,0.10918855661163482,0.9614254665941208,CatBoostRegressor,"{'learning_rate': 0.05, 'depth': 6, 'l2_leaf_reg': 15}"
rf,115.09567965656697,15313.940501362627,28001.323744696816,0.11419285761051418,0.9535697607392385,RandomForestRegressor,"{'max_depth': 30, 'n_estimators': 700}"
ridge,127.74260414319744,10115.069310956824,36711.62074992322,0.12702268707477446,0.9391268301952299,Ridge,{'alpha': 1000}
lasso,144.79539424301979,20231.4726391836,41641.55634540874,0.1405347455921256,0.9309522849013886,Lasso,{'alpha': 0.005}
gb,122.3719007738235,13689.424550790663,45069.45817319973,0.12367463501308115,0.9252683285471152,GradientBoostingRegressor,"{'learning_rate': 0.005, 'max_depth': 5}"
linear,176.78142578913614,11812.02778220813,93922.96392211925,0.16684266525952654,0.8442621596484426,LinearRegression,{}
linearstruct,196.3353852619124,17051.883806735445,112908.27563703521,0.1805773127417708,0.8127817705996702,LinearRegression,{'fit_intercept': False}
eng,639.7133524231299,125360.21122580743,2284124.959106804,0.5153681328696372,-2.7874090996462715,Calculation,
