model,class_name,mae,te,mse,mape,r2,params
gb,GradientBoostingRegressor,0.009886060174607207,1.4175100645933492,0.0002021885578573667,0.11911491182432085,0.679093546013959,"{'learning_rate': 0.005, 'max_depth': 6}"
linear,LinearRegression,0.012439230576810878,3.0165615868612052,0.00028761713008305207,0.15486047383723656,0.5435043688985328,{}
lasso,Lasso,0.011175400356051161,2.1968451314723048,0.00022291180599363084,0.13578011688928843,0.6462023471006518,{'alpha': 0.005}
ridge,Ridge,0.010994284671727373,1.6006872964437162,0.00021893542050750026,0.13198744148880381,0.6525135240513076,{'alpha': 100}
rf,RandomForestRegressor,0.010282488777236627,1.6834063382373832,0.00041323567694138004,0.12056701413052824,0.3441271002025308,"{'max_depth': 10, 'n_estimators': 200}"
cb,CatBoostRegressor,0.010005323430628552,1.2169512656232446,0.00021027572050591833,0.12027491762457929,0.6662578904464176,"{'depth': 6, 'l2_leaf_reg': 7, 'learning_rate': 0.05}"
