model,class_name,r2_mean,mse_mean,mae_mean,mape_mean,params,r2_sd,mse_sd,mae_sd,mape_sd
gb,GradientBoostingRegressor,0.9511640745271777,38610.87197333523,123.52034855952706,0.10571753666337583,"{'learning_rate': 0.01, 'max_depth': 6}",0.017120683351341842,11269.32279821982,12.830621229063697,0.011932954243728007
ridge,Ridge,0.7010200283510107,249088.0462793466,262.80730883269666,0.2606130397302971,{'alpha': 1000},0.1804503926335448,163731.94298137256,38.87558412951764,0.04235448504751487
lasso,Lasso,0.6673335320611529,277231.0101833189,282.90687228264676,0.2975158740523789,{'alpha': 0.1},0.2181970258043017,196929.01584718737,35.253629144321096,0.061632173185357776
linear,LinearRegression,0.2010004007816336,717934.182758566,292.9019225480698,0.22800599978841565,{},0.6769690945992246,729677.3187503929,60.36752274605644,0.029024338687837714
