model,class_name,r2_mean,mse_mean,mae_mean,mape_mean,params,r2_sd,mse_sd,mae_sd,mape_sd
linear,LinearRegression,0.9603721221803502,30909.43212826068,115.63397477577146,0.09680463794962382,{},0.0152963517476635,9368.640370561403,11.546477998003661,0.009178316825423371
ridge,Ridge,0.9603600024548687,30907.880108029527,115.63927606994748,0.0967934971481343,{'alpha': 0.005},0.015436582435321238,9474.138611643959,11.44066069754224,0.00904882054934692
lasso,Lasso,0.9564332622500361,34277.76138721661,120.52802678539317,0.10071721426811514,{'alpha': 0.005},0.016129272943544253,11030.170187730542,12.446769098000338,0.009676285604065646
gb,GradientBoostingRegressor,0.9504401424274904,39324.73415355181,124.82260080560725,0.1062528004920435,"{'learning_rate': 0.01, 'max_depth': 6}",0.01660533231559878,11142.112340026762,12.69226794660095,0.011473886884075218
