model,r2,mse,mae,mape,class_name,params
gb,0.9528116844575805,38914.23618647896,130.3080756171509,0.11581813008078057,GradientBoostingRegressor,"{'learning_rate': 0.005, 'max_depth': 6}"
rf,0.9491883080927592,41902.283588306804,133.958202820117,0.11735934264167872,RandomForestRegressor,"{'max_depth': 30, 'n_estimators': 200}"
cb,0.9490792043828994,41992.256868461045,130.9623645399273,0.11567241641357921,CatBoostRegressor,"{'depth': 6, 'l2_leaf_reg': 7, 'learning_rate': 0.05}"
ridge,0.9460832576414164,44462.889222255864,143.50441897912927,0.1307388121618519,Ridge,{'alpha': 100}
linear,0.9422555128363257,47619.47075509248,147.5741138307571,0.1330487138791267,LinearRegression,{}
lasso,0.9250543809670404,61804.526961102085,169.28149543958992,0.1460732698880702,Lasso,{'alpha': 0.005}
eng,0.8406635462586949,131398.12944649984,223.3554688886563,0.18245412082952348,Calculation,
