model,mae,te,mse,mape,r2,class_name,params
eng,639.7133524231299,125360.21122580743,2284124.959106804,0.5153681328696372,-2.7874090996462715,Calculation,
linear,2420.4532613854876,506272.3586427301,265171695.39175037,1.1174090230783087,-438.69297217787795,LinearRegression,{}
linearstruct,1144511648463.647,246070004190595.28,2.8157653410167245e+26,281941081.8747647,-4.668945642626142e+20,LinearRegression,{'fit_intercept': False}
