model,mae,te,mse,mape,r2,class_name,params
ridge,126.79640132094471,-24071.835536014536,44536.45010142354,0.12262807306332328,0.9367799572515202,Ridge,{'alpha': 0.1}
linear,126.84756406999473,-24033.31539440612,44545.44337863297,0.12257741841325488,0.93676719118309,LinearRegression,{}
lasso,138.12469095172003,-25449.048868499456,52600.29011091195,0.1350472301156365,0.9253332364429288,Lasso,{'alpha': 0.005}
cb,152.69698476542024,-6528.648490763247,81084.4834546449,0.1423820717842694,0.884899571057703,CatBoostRegressor,"{'depth': 6, 'l2_leaf_reg': 15, 'learning_rate': 0.1}"
gb,157.70386590296076,-6519.329752928383,85811.87488739257,0.151059236446881,0.8781889803441079,GradientBoostingRegressor,"{'learning_rate': 0.05, 'max_depth': 3}"
rf,162.61340140228324,-15914.38889004171,88055.74885897088,0.15578593494068155,0.8750037734387006,RandomForestRegressor,"{'max_depth': 30, 'n_estimators': 1000}"
eng,280.36831545588603,61370.60138610492,386275.95861115825,0.24234791026494437,0.45167649059378234,Calculation,
