model,class_name,r2_mean,mse_mean,mae_mean,mape_mean,params,r2_sd,mse_sd,mae_sd,mape_sd
ridge,Ridge,0.9563138489215195,38698.10409817293,121.84782040887413,0.09838122606213665,{'alpha': 1},0.019103739633875814,20144.22433246129,13.023076321621932,0.006590756325734811
linear,LinearRegression,0.9557783737422623,39329.73785280083,122.1952873302038,0.09817066504234231,{},0.019772776501106745,21497.011025887852,13.647557351551121,0.006970530039440751
lasso,Lasso,0.9542638889502638,40704.910548739084,124.80065406882379,0.10024548080223579,{'alpha': 0.005},0.020127695375138033,22108.307020421806,13.591849739501503,0.007033643615248598
gb,GradientBoostingRegressor,0.9424475178835974,52849.057438541284,129.58323650455864,0.10571025804549027,"{'learning_rate': 0.05, 'max_depth': 6}",0.03897840666869393,44361.34651574746,16.441735489845637,0.009454454840115678
cb,CatBoostRegressor,0.9389704795603824,57275.13808839019,126.55185861585451,0.10250607502060645,"{'depth': 6, 'l2_leaf_reg': 1, 'learning_rate': 0.05}",0.05324218922917671,60678.378794849064,17.151713454502904,0.009180746307249583
rf,RandomForestRegressor,0.9144600641558732,77261.52372638475,157.34032818539526,0.12265253532025973,"{'max_depth': 30, 'n_estimators': 200}",0.036367161269624144,42252.24464014837,18.748854350904995,0.010411315166285814
