model,mae,te,mse,mape,r2,class_name,params
rf,81.65651344529371,2835.1961796285145,15046.250302001146,0.07527145659581677,0.9878168525933905,RandomForestRegressor,"{'max_depth': 10, 'n_estimators': 1000}"
cb,94.66511320573254,282.79313099749356,18572.223282041414,0.08276638527127617,0.9849618257458151,CatBoostRegressor,"{'learning_rate': 0.01, 'depth': 8, 'l2_leaf_reg': 1}"
gb,106.34168280977158,3639.962219185992,26357.228515936913,0.10586405188310852,0.9786582042838512,GradientBoostingRegressor,"{'learning_rate': 0.005, 'max_depth': 6}"
lasso,182.39527544396333,20272.334055398238,91285.86780198143,0.16585794680018937,0.9260846283127503,Lasso,{'alpha': 0.005}
ridge,190.27529409339567,5562.037543061654,118164.42800165154,0.17238001189432187,0.9043207034532486,Ridge,{'alpha': 100}
linear,210.09124894190995,3239.21873090258,141703.74851602138,0.19042148626173885,0.885260605028603,LinearRegression,{}
eng,279.1433792121064,-58384.42941313401,178781.22865791814,0.22150885741387186,0.8552384801159073,Calculation,
