model,mae,te,mse,mape,r2,class_name,params
gb,117.97898939277978,15121.322246391963,30462.493319569163,0.12284293502895628,0.9472301293876738,GradientBoostingRegressor,"{'learning_rate': 0.005, 'max_depth': 6}"
rf,118.80023290006851,17138.569416650775,32362.801493528146,0.12299136198643056,0.9439382446620417,RandomForestRegressor,"{'max_depth': 10, 'n_estimators': 200}"
cb,122.12361447055507,11680.167915623872,32620.096369754126,0.12402212784483506,0.9434925353372919,CatBoostRegressor,"{'depth': 6, 'l2_leaf_reg': 7, 'learning_rate': 0.05}"
lasso,145.26922780488536,38318.66942551469,48923.35044302757,0.1391287574066004,0.915250572377095,Lasso,{'alpha': 0.005}
ridge,144.21504027537063,18904.911239030705,53407.690751077025,0.13600185233109893,0.9074823947904825,Ridge,{'alpha': 100}
linear,181.8450146802493,56024.11644530426,124294.91421537683,0.15885028198787834,0.7846851709704904,LinearRegression,{}
eng,489.77705754034855,232086.75863626137,1569399.7501911845,0.3922135089140644,-1.718655393299798,Calculation,
