model,mae,te,mse,mape,r2,class_name,params
cb,119.21298601353736,-558.2634645925801,44307.18701242727,0.149589115960865,0.9112617584073491,CatBoostRegressor,"{'learning_rate': 0.01, 'depth': 10, 'l2_leaf_reg': 1}"
gb,121.98894736664182,1132.028065241603,45403.57299851767,0.15245412610735648,0.9090659213192217,GradientBoostingRegressor,"{'learning_rate': 0.005, 'max_depth': 4}"
rf,121.3213260556882,1074.8872323722312,46464.82105795303,0.154827748086627,0.906940458317892,RandomForestRegressor,"{'max_depth': 10, 'n_estimators': 1000}"
ridge,125.5606248247081,691.4306356492998,48840.792840654365,0.15344741460745065,0.9021818723572999,Ridge,{'alpha': 0.1}
linear,125.63887736928393,709.9596278675355,48986.537321596705,0.15345995820288727,0.9018899759442635,LinearRegression,{}
lasso,159.39232500907417,12879.960298376118,67239.30203527614,0.19692636880970427,0.865333418100905,Lasso,{'alpha': 0.005}
eng,228.79890479430762,-21900.043939777384,135541.25632828352,0.26768285455444246,0.728538560878236,Calculation,
