model,r2,mse,mae,mape,class_name,params
gb,0.7995694927966781,192607.02990410978,255.48078095691963,0.19238795552941126,GradientBoostingRegressor,"{'learning_rate': 0.005, 'max_depth': 4}"
linear,0.7965454236032077,195513.05949863646,258.6788358579233,0.2027780845417893,LinearRegression,{}
lasso,0.7940397019932027,197920.97436051932,260.36732043789226,0.20386160435503212,Lasso,{'alpha': 0.005}
ridge,0.7791487115239208,212230.7193521303,274.25158518002314,0.21580237746818076,Ridge,{'alpha': 100}
eng,0.514774542636733,466285.4746049015,309.6549941966246,0.22778769011231972,Calculation,
