model,class_name,mae_mean,te_mean,mse_mean,mape_mean,r2_mean,params,mae_sd,te_sd,mse_sd,mape_sd,r2_sd
linear,LinearRegression,488.8712128850957,9749.967086785624,7214732.395749505,0.3858858295425682,-8.25171555295351,{},278.67711371999224,29257.55450642733,16870320.131662406,0.09099245068299044,21.037446277406584
linearstruct,LinearRegression,71141969003.12518,7612191388477.064,3.998647086561379e+24,14874619.406950215,-5.009707952885884e+18,{'fit_intercept': False},222482101583.3052,23805584595769.723,1.702213660038496e+25,45756584.94125141,2.122583590355928e+19
