model,r2,mse,mae,mape,class_name,params
ridge,0.9550681840530924,39987.63254525787,131.9530191950521,0.1130987584807407,Ridge,{'alpha': 10}
lasso,0.9510170805325951,43592.96287893187,134.2627220397089,0.11249896859846586,Lasso,{'alpha': 0.005}
linear,0.9486561819878759,45694.074118113,136.5795914491581,0.11327331371366649,LinearRegression,{}
gb,0.9358935416913488,57052.34575102159,140.00188177391897,0.11715693528813773,GradientBoostingRegressor,"{'learning_rate': 0.05, 'max_depth': 5}"
eng,0.6999647155290702,267020.16050747165,245.82138729567131,0.19524065961190543,Calculation,
