model,mae,te,mse,mape,r2,class_name,params
rf,130.4927628183212,-7965.356700011337,45094.743724398104,0.09940950403558774,0.9481586487747848,RandomForestRegressor,"{'max_depth': 10, 'n_estimators': 1000}"
cb,132.60769325550842,-9189.412879190284,45103.11748108076,0.10472219850918223,0.9481490222235417,CatBoostRegressor,"{'depth': 8, 'l2_leaf_reg': 1, 'learning_rate': 0.01}"
gb,134.42207642775344,-9197.5488802838,48071.763743012394,0.10616473452809128,0.9447362379205908,GradientBoostingRegressor,"{'learning_rate': 0.005, 'max_depth': 6}"
lasso,149.8620990740454,7746.404171914632,58154.086006919235,0.11205740799320682,0.9331455032477556,Lasso,{'alpha': 0.005}
ridge,158.2554067680617,-5923.188876634427,62278.11438830843,0.12251505381433449,0.9284044805447774,Ridge,{'alpha': 100}
linear,168.20434188774735,-16044.986633099263,68617.456956195,0.127308262309986,0.9211167113402934,LinearRegression,{}
eng,265.39022007012505,43568.3326546733,324343.0829126224,0.18528640271209848,0.6271320715002742,Calculation,
