model,class_name,r2,corr,mse,mae,mape,params
gb,GradientBoostingRegressor,0.9894313731458365,0.9947303258226612,0.005324545389366613,0.05417367577942253,0.007997810250270462,"{'learning_rate': 0.01, 'max_depth': 5}"
linear,LinearRegression,0.9674998582896482,0.9836157066098775,0.01637379028378149,0.09660457346671118,0.014266636391161559,{}
ridge,Ridge,0.9671947815287462,0.9834640410727478,0.01652749001063147,0.09700996458369592,0.0143161473408359,{'alpha': 10}
lasso,Lasso,0.9666210364982237,0.9832192588105101,0.016816546621210588,0.0984353147369245,0.014536146897331058,{'alpha': 0.005}
