r2,mse,mae,mape,class_name,params
0.9927937308680794,6023.495129975109,51.27908393787881,0.042097574220371116,GradientBoostingRegressor,"{'learning_rate': 0.05, 'max_depth': 3}"
0.9645331880489989,29645.599567783738,113.52982723585752,0.09648358116093812,Ridge,{'alpha': 1}
0.9643653456101442,29785.893816379838,113.42852859321077,0.09648905345125064,LinearRegression,{}
0.9599358091445982,33488.40489941415,118.60799972801402,0.10048667676337314,Lasso,{'alpha': 0.005}
0.2083145593570258,661745.1151056599,347.1932236190591,0.27194801871631485,Calculation,
