,report_fc,cal_fc
count,2700.0,2700.0
mean,1617.5875481481485,1618.063916920894
std,1097.4743531658269,1160.6530424041055
