model,mae,te,mse,mape,r2,class_name,params
cb,146.09837889798467,16320.971164177547,50251.630921190714,0.12612775647210636,0.9593105913668087,CatBoostRegressor,"{'depth': 10, 'l2_leaf_reg': 1, 'learning_rate': 0.01}"
rf,147.96935777795127,17393.033512011796,51314.379865703115,0.1282753773275618,0.9584500695233371,RandomForestRegressor,"{'max_depth': 10, 'n_estimators': 1000}"
gb,153.57913053278867,22293.633200491495,55760.87494007337,0.13046754767787427,0.9548496837895832,GradientBoostingRegressor,"{'learning_rate': 0.005, 'max_depth': 6}"
ridge,150.89411228440147,13115.403799872453,55852.00741489673,0.12830128527326193,0.9547758926222147,Ridge,{'alpha': 0.005}
linear,150.89660500824075,13118.876245263611,55858.70213301735,0.1283019432355444,0.9547704718206149,LinearRegression,{}
lasso,179.30574811804905,-21099.877756668284,81791.44658855001,0.14772433597324638,0.9337723864492935,Lasso,{'alpha': 0.005}
eng,279.1433792121064,-58384.42941313402,178781.22865791814,0.22150885741387183,0.8552384801159073,Calculation,
