model,class_name,r2_mean,mse_mean,mae_mean,mape_mean,params,r2_sd,mse_sd,mae_sd,mape_sd
cb,CatBoostRegressor,0.8156540233226101,0.0002050796955240905,0.009800403381643409,0.1033283120813145,"{'depth': 6, 'l2_leaf_reg': 15, 'learning_rate': 0.05}",0.03772267331784916,6.898815403203612e-05,0.000810710487407211,0.018511645730651182
rf,RandomForestRegressor,0.7938532630468231,0.00023304743744095936,0.009754548113201804,0.10020704173447621,"{'max_depth': 30, 'n_estimators': 200}",0.06877648481023069,0.00011161144821801075,0.0007944090786972181,0.016758950961510248
gb,GradientBoostingRegressor,0.7900969464014458,0.000240865251312544,0.009817290361918045,0.1032095383726871,"{'learning_rate': 0.005, 'max_depth': 6}",0.0717864906069551,0.0001306000780472756,0.0009544944230367973,0.01982080114422289
ridge,Ridge,0.7534189170306445,0.0002852331763264426,0.010862963381240591,0.11488661418082366,{'alpha': 100},0.08457268137878363,0.00016342306596010985,0.0009539626950879419,0.02016723224202592
linear,LinearRegression,0.7383804836034279,0.00030396955628159215,0.011163063856348574,0.11741739756252072,{},0.09323581003377016,0.00017330239405789828,0.0009683715625514043,0.018827594971452324
lasso,Lasso,0.6926144489577067,0.0003572151811852798,0.012103555631895385,0.12771545277591614,{'alpha': 0.005},0.10135889047480408,0.00020538000633428644,0.0009861884088693124,0.018410045786457156
