model,class_name,mae_mean,te_mean,mse_mean,mape_mean,r2_mean,params,mae_sd,te_sd,mse_sd,mape_sd,r2_sd
gb,GradientBoostingRegressor,0.012110491717990739,-0.06284321111149,0.0015181738484783313,0.11652101751724037,0.6904435650846631,"{'learning_rate': 0.005, 'max_depth': 6}",0.0028715105301699204,0.5091626303028632,0.0037596129138982933,0.011091075593957936,0.18927998280194847
rf,RandomForestRegressor,0.011920695519193588,-0.07527711107165148,0.0014251542946869954,0.11238984331744667,0.6323975958905874,"{'max_depth': 10, 'n_estimators': 200}",0.0027390421148287916,0.496421420332523,0.0031537181220236566,0.008806152752671506,0.3556787386373004
ridge,Ridge,0.013484496248254237,-0.08786175444307455,0.0017128302581322747,0.13298740977325585,0.632249729398106,{'alpha': 100},0.002934971105938821,0.5284424069252441,0.004130111312613867,0.011014571743503622,0.20048992412240127
linear,LinearRegression,0.01379402256028533,-0.08285173546113485,0.0017041641262149478,0.13692675775077004,0.624898912197464,{},0.00286742647777715,0.5291962433844163,0.004077842265642276,0.011416582272025294,0.19323798060402206
lasso,Lasso,0.01356910042485223,-0.09650139066227112,0.0017450284527639583,0.1315027705952453,0.623917445428557,{'alpha': 0.005},0.0031764569981639914,0.5119982689564893,0.004192182195408657,0.01106461962292131,0.20793497938144861
cb,CatBoostRegressor,0.012232108565665393,-0.04985928299726579,0.001880297793554734,0.11357490989781019,0.3208048843554559,"{'depth': 6, 'l2_leaf_reg': 7, 'learning_rate': 0.05}",0.0030736060082453194,0.575240188870952,0.0036865935353771703,0.009261542822644984,1.4733267390726514
