model,class_name,mae,te,mse,mape,r2,params
linear,LinearRegression,0.00043081489966104815,0.40299524426211636,1.0008195290794837e-06,0.5516273743077246,0.04464071960828586,{}
linearstruct,LinearRegression,0.00043946726158773094,0.4115087002938339,1.0330107474547864e-06,0.5283804927684831,0.013911723692060729,{'fit_intercept': False}
