model,class_name,mae,te,mse,mape,r2,params
linear,LinearRegression,0.00020334824487309563,0.10482770936684185,5.564133997789899e-07,0.2656262643851182,0.2999216704662552,{}
linearstruct,LinearRegression,0.0002074261763069299,0.08307260875188109,5.639117990857348e-07,0.2560065810298439,0.2904871980705005,{'fit_intercept': False}
