model,class_name,mae_mean,te_mean,mse_mean,mape_mean,r2_mean,params,mae_sd,te_sd,mse_sd,mape_sd,r2_sd
ridge,Ridge,124.88705456574817,-1488.9490157642435,38418.30531826671,0.10140447500549055,0.9596671547630437,{'alpha': 1},10.765519967934027,2751.993138058292,10988.53632013065,0.007361220133422374,0.010636750097433513
linear,LinearRegression,125.17525194158871,-1451.7083120122736,39207.229800004854,0.10180398303783086,0.958866083750564,{},11.297509067220785,2869.542301896158,12119.499655739442,0.00788336632799054,0.011765554242299959
lasso,Lasso,129.61968736123876,-2783.4904281519507,41538.20385008682,0.10443980962507665,0.9565951909066269,{'alpha': 0.005},11.679929770464206,2901.772041827055,11786.527389836001,0.007371383495728763,0.01082422510475841
cb,CatBoostRegressor,129.78530700030583,-2462.092527146219,45851.55037943512,0.10647161464756283,0.9525129214808554,"{'depth': 6, 'l2_leaf_reg': 1, 'learning_rate': 0.05}",13.603069960633771,2774.8258418275027,20756.059812526506,0.008656776365238254,0.019103311330615196
gb,GradientBoostingRegressor,132.6522271086948,-2603.8081778388328,50459.115997784196,0.10819441022592921,0.9480305572527492,"{'learning_rate': 0.01, 'max_depth': 6}",13.839218066933753,2965.9586231010076,22244.149071248605,0.007721072521111875,0.01932750972710636
rf,RandomForestRegressor,161.65344519163736,-3747.2777305255586,74763.67350839029,0.12909558518970066,0.9231770861137062,"{'max_depth': 30, 'n_estimators': 1000}",16.646568747032887,3376.205258638003,26217.692708481252,0.011172923290259212,0.02046523335722641
