model,class_name,mae_mean,te_mean,mse_mean,mape_mean,r2_mean,params,mae_sd,te_sd,mse_sd,mape_sd,r2_sd
linear,LinearRegression,145.65533323096213,-4198.899223991798,52045.36069270973,0.12004361020656378,0.9312608767583189,{},15.959052713661674,3298.0127621978836,16456.23930381439,0.011656319264562981,0.013719741902201904
ridge,Ridge,145.48118446522554,-4672.861778524287,52511.98490109663,0.11976275960697871,0.9305409563838084,{'alpha': 1},15.745913347527194,3306.0567053733857,16291.880106186072,0.011277170083923847,0.013603389037749039
cb,CatBoostRegressor,142.61195027533148,-2966.0990252017823,58234.099463974846,0.11997465612349295,0.9242040606607206,"{'depth': 6, 'l2_leaf_reg': 15, 'learning_rate': 0.1}",16.95138222593876,3472.2435498127406,27000.002202605356,0.011719253914012785,0.02477789175630572
gb,GradientBoostingRegressor,150.17625169970313,-3002.0731253464414,65097.33439904045,0.12812201203219148,0.9148257154234911,"{'learning_rate': 0.05, 'max_depth': 3}",16.538627191100392,3644.1874151801167,28494.232538000335,0.01404526029286604,0.027261656948632418
lasso,Lasso,163.2039934481712,-6020.604631627279,67303.75561447568,0.1327718734038587,0.9104209855178209,{'alpha': 0.005},17.4589979929087,3678.549969195864,19388.678552065583,0.012542102791583772,0.017845424505317713
rf,RandomForestRegressor,174.02058566550417,-3788.121612584106,86323.85309852991,0.1445797971490778,0.8862085052290017,"{'max_depth': 30, 'n_estimators': 1000}",21.466564931711652,3898.3313866842827,33080.98210060954,0.01369373229219276,0.031473822537991525
