model,class_name,r2_mean,mse_mean,mae_mean,mape_mean,params,r2_sd,mse_sd,mae_sd,mape_sd
linear,LinearRegression,0.9576121008464066,33152.98360196543,120.20495514411581,0.10140711319488334,{},0.016153491606114335,10198.731137760205,12.495488749280238,0.009776829578084454
ridge,Ridge,0.9569386746441324,33492.96443020744,119.67606387491098,0.10150285431399211,{'alpha': 10},0.018457153382695133,11853.442957891757,12.614052121154437,0.009970736827468447
lasso,Lasso,0.9557751301515108,34703.90179166492,122.51382099976772,0.10282165024038674,{'alpha': 0.005},0.016597061433126222,11129.93813439556,12.560349484201723,0.010013356988746256
gb,GradientBoostingRegressor,0.9507376773795165,39286.44530496954,123.46271250874572,0.10586041845311862,"{'learning_rate': 0.01, 'max_depth': 6}",0.01619511383856708,11741.938626658111,13.902418179592772,0.012868708243108469
