model,class_name,mae_mean,te_mean,mse_mean,mape_mean,r2_mean,params,mae_sd,te_sd,mse_sd,mape_sd,r2_sd
linear,LinearRegression,0.00018500662301980316,8.936876818078182e-05,7.697410266596512e-07,0.2612351221062235,0.7215154823946526,{},7.964631096776589e-05,0.009121483497853668,2.1267766082842236e-06,0.04007508272334529,0.23077790272439513
linearstruct,LinearRegression,0.0001836857251114429,-0.0047448228795431945,7.758643776501213e-07,0.20460753001276144,0.7092417680145651,{'fit_intercept': False},8.1249673254581e-05,0.008813177061971022,2.132837915538172e-06,0.025129863617950707,0.23121566217647696
