model,class_name,mae,te,mse,mape,r2,params
gb,GradientBoostingRegressor,0.01458040534248475,1.8835507550487662,0.0003901186445210592,0.12061050344852503,0.6620948608825328,"{'learning_rate': 0.005, 'max_depth': 6}"
linear,LinearRegression,0.013631505674378402,1.0913348780334613,0.00032574707387962793,0.11590060441744153,0.7178509362157345,{}
lasso,Lasso,0.01615328989297314,-2.6230735753841294,0.0004626149834243746,0.12337320913806399,0.5993014368135392,{'alpha': 0.005}
ridge,Ridge,0.01345450866689127,0.9114167005054367,0.00031921149779383763,0.11418106567670562,0.7235117903622801,{'alpha': 100}
rf,RandomForestRegressor,0.014211742025845471,0.9569283600666185,0.0003552503890649261,0.11603562162193755,0.6922963467027062,"{'max_depth': 10, 'n_estimators': 1000}"
cb,CatBoostRegressor,0.014151838665678837,1.2719008795457998,0.000360829418329785,0.11641897822562623,0.687464015086777,"{'learning_rate': 0.01, 'depth': 10, 'l2_leaf_reg': 1}"
