model,class_name,r2,mse,mae,mape,params
gb,GradientBoostingRegressor,0.9955638060834813,4.9665570421929345e-06,0.0016185016094882301,0.01745052015178623,"{'learning_rate': 0.1, 'loss': 'squared_error', 'max_depth': 3, 'max_features': 'sqrt', 'min_samples_leaf': 20, 'min_samples_split': 20, 'n_estimators': 2000, 'warm_start': True}"
cb,CatBoostRegressor,0.9836818203062935,1.826907745663841e-05,0.0033281970259579135,0.03604436751965164,{'verbose': 0}
rf,RandomForestRegressor,0.94923791488851,5.683087710573158e-05,0.005482900666593431,0.056597530922237835,"{'max_depth': 10, 'n_estimators': 200}"
linear,LinearRegression,0.837114306471708,0.0001823592709175949,0.009726024688596723,0.10451110207623057,{}
ridge,Ridge,0.8351273981904364,0.00018458372131409265,0.009835411448001303,0.1060033811916577,{'alpha': 0.01}
lasso,Lasso,0.5678683219908938,0.00048379459260766797,0.014595847398352315,0.1502504736018352,{'alpha': 0.01}
