r2,mse,mae,mape,class_name,params
0.978038705037464,2.4586847690700994e-05,0.0038785798364894407,0.04217674068202631,CatBoostRegressor,"{'depth': 6, 'l2_leaf_reg': 7, 'learning_rate': 0.05}"
0.9705287127734525,3.299468685813554e-05,0.0035780025590773576,0.03624225459090799,RandomForestRegressor,"{'max_depth': 30, 'n_estimators': 1000}"
0.9483021213306616,5.787854818869853e-05,0.005025655529277429,0.05389320192026603,GradientBoostingRegressor,"{'learning_rate': 0.01, 'max_depth': 6}"
0.837114306471708,0.0001823592709175949,0.009726024688596723,0.10451110207623057,LinearRegression,{}
0.8361201143376058,0.00018347232233911466,0.009798079127675104,0.10553649900812527,Ridge,{'alpha': 0.005}
0.6674352584325103,0.00037232406659834733,0.012432407985423588,0.12635040932753017,Lasso,{'alpha': 0.005}
0.1289486607391379,0.0009751886965555719,0.019225400284797623,0.19337791811751417,Calculation,
