model,class_name,mae_mean,te_mean,mse_mean,mape_mean,r2_mean,params,mae_sd,te_sd,mse_sd,mape_sd,r2_sd
linear,LinearRegression,146.3851778355087,-2978.77254929819,51642.532153029126,0.11694539151784873,0.9437992075327195,{},10.039419792794815,3097.685089843182,11379.874130700391,0.005603176096064742,0.010917655167548068
ridge,Ridge,146.38535915347796,-2979.1016419167286,51642.964014153775,0.11694542124183245,0.9437987969967794,{'alpha': 0.005},10.03964579124599,3097.688615870757,11379.946737765666,0.005603229546898388,0.01091742873128897
cb,CatBoostRegressor,136.86537002869224,-2558.2690521549007,55457.04554523281,0.11290914948951318,0.9410918899783499,"{'depth': 6, 'l2_leaf_reg': 7, 'learning_rate': 0.05}",12.382191671649068,3022.019649735156,27994.563021083388,0.00823582360008062,0.024271271851615695
lasso,Lasso,148.2289217319358,-4122.934391460808,54447.635142216976,0.1170563972916147,0.9410095709716529,{'alpha': 0.005},11.191073856339449,3088.618784266876,12007.627979759642,0.005899134547164107,0.010190834737688103
gb,GradientBoostingRegressor,144.39588291189827,-3846.191708328652,57185.73271346288,0.11828625823040087,0.9387744817815437,"{'learning_rate': 0.01, 'max_depth': 3}",10.86385600161119,3024.195453122467,20269.272499736482,0.00848078607947083,0.01595928962551416
rf,RandomForestRegressor,148.18917528596407,-3388.178742812217,62865.93183624301,0.11859352657014945,0.9334351609377564,"{'max_depth': 30, 'n_estimators': 1000}",13.544932466577686,2934.8806077093705,26962.298008820482,0.007914402733901102,0.021134767719587767
