,cb,gb,lasso,linear,rf,ridge,mean,sd
rel_power_ship_sum,1,1,2,2,2,2,1.6666666666666667,0.4714045207910317
cal_fc,2,2,3,4,1,4,2.6666666666666665,1.1055415967851332
rel_power_ship_squared_sum,4,3,1,1,8,1,3.0,2.516611478423583
rel_power_ship_cubed_sum,3,4,8,3,3,3,4.0,1.8257418583505538
Draught..m.,5,5,4,6,7,6,5.5,0.9574271077563381
ME_W_ref_first,6,8,7,5,4,5,5.833333333333333,1.3437096247164249
ME_SFC_base_first,8,7,5,7,6,7,6.666666666666667,0.9428090415820634
Speed..knots.,7,6,6,8,5,8,6.666666666666667,1.1055415967851332
