model,r2,corr,mse,mae,mape,class_name,params
lasso,0.9310421348994025,0.9649826196383549,0.03778604979514448,0.13954790194520494,0.020991391884153422,Lasso,{'alpha': 0.005}
linear,0.9304859032818033,0.9647822120548675,0.03809084164984561,0.14131892238250168,0.021223634221012682,LinearRegression,{}
ridge,0.930150092661005,0.9645897126671454,0.03827485194106775,0.14119950488347574,0.021222106646689897,Ridge,{'alpha': 10}
gb,0.9238689937759544,0.961556191515357,0.041716633598497456,0.149100594816544,0.022374881981661852,GradientBoostingRegressor,"{'learning_rate': 0.01, 'max_depth': 5}"
eng,0.8258874182382063,0.927103826486711,0.0877190913486793,0.20067751470272488,0.029284960851771392,,
