,cb,gb,lasso,linear,rf,ridge,mean,sd
rel_power_ship_sum,2,1,2,2,3,2,2.0,0.5773502691896257
rel_power_ship_squared_sum,3,3,1,1,4,1,2.1666666666666665,1.2133516482134197
cal_fc,1,2,3,4,1,4,2.5,1.2583057392117916
rel_power_ship_cubed_sum,5,5,8,3,2,3,4.333333333333333,1.9720265943665387
Draught..m.,4,4,4,6,5,6,4.833333333333333,0.8975274678557508
ME_W_ref_first,6,6,6,5,6,5,5.666666666666667,0.4714045207910317
Speed..knots.,7,7,5,7,7,7,6.666666666666667,0.74535599249993
ME_SFC_base_first,8,8,7,8,8,8,7.833333333333333,0.3726779962499649
