model,class_name,r2_mean,mse_mean,mae_mean,mape_mean,params,r2_sd,mse_sd,mae_sd,mape_sd
cb,CatBoostRegressor,0.7482819253453487,0.0018858564889775492,0.01058224978145133,0.09953260699245257,"{'depth': 6, 'l2_leaf_reg': 1, 'learning_rate': 0.05}",0.1993470231263455,0.0051551097152135955,0.0038864450659422327,0.010433873011460025
gb,GradientBoostingRegressor,0.7083001692375965,0.001961750096709725,0.011041632002948294,0.10523794038971437,"{'learning_rate': 0.01, 'max_depth': 4}",0.19776326768636654,0.005259579105340523,0.003793458064160142,0.012360105841738874
ridge,Ridge,0.6774279365504213,0.0020682543283193433,0.01220563023916688,0.11733411100378903,{'alpha': 1000},0.19704126463340282,0.005493947308790026,0.0036157916335259714,0.01140852837085776
rf,RandomForestRegressor,0.6510317755188401,0.002017513305634215,0.01073716882160727,0.0983701512619955,"{'max_depth': 50, 'n_estimators': 200}",0.3337783802606973,0.00515023862735913,0.003937721348730393,0.01011460001655007
lasso,Lasso,0.6462595167949694,0.002199884591144658,0.012922521609998152,0.12323432250689804,{'alpha': 0.005},0.20516634535393238,0.005799933895783262,0.004053831312920789,0.011501982395691076
linear,LinearRegression,0.6360975669409911,0.0015533632026104745,0.012479600687091585,0.12179119532017024,{},0.17733571179489174,0.0037367587802331413,0.0027191252223389348,0.013981182054239755
