model,mae,te,mse,mape,r2,class_name,params
cb,118.74996620311533,-7553.3170953479275,34536.37329019569,0.09213824368674933,0.9602966530040731,CatBoostRegressor,"{'depth': 8, 'l2_leaf_reg': 1, 'learning_rate': 0.01}"
rf,115.96045934900974,-4648.166020364286,34660.6571534255,0.09092616683018924,0.9601537750792156,RandomForestRegressor,"{'max_depth': 30, 'n_estimators': 700}"
gb,119.26398023531868,-5478.767328566482,35198.16519452594,0.0932626106059894,0.9595358506640029,GradientBoostingRegressor,"{'learning_rate': 0.005, 'max_depth': 6}"
ridge,148.02338838922464,-7405.411306243224,49423.69112295217,0.11640809990385613,0.9431820491982248,Ridge,{'alpha': 1000}
lasso,152.17811098653235,6141.231253042323,55350.80424301503,0.11512330541451048,0.9363681829328642,Lasso,{'alpha': 0.005}
linear,162.91716855928485,-960.3196335858611,63534.08960563543,0.12469565817424047,0.926960599351671,LinearRegression,{}
eng,265.39022007012505,43568.3326546733,324343.0829126224,0.18528640271209848,0.6271320715002742,Calculation,
