model,r2,mse,mae,mape,class_name,params
rf,0.9586777507300995,36775.25345739006,124.06473620103267,0.10671841305036282,RandomForestRegressor,"{'max_depth': 10, 'n_estimators': 200}"
cb,0.9559389933976795,39212.64485881592,130.09660981079966,0.11261147790482422,CatBoostRegressor,"{'depth': 6, 'l2_leaf_reg': 1, 'learning_rate': 0.01}"
lasso,0.9445458184984274,49352.14360361353,149.40253879614772,0.13041657487681163,Lasso,{'alpha': 0.005}
ridge,0.9309939986228402,61412.755490407384,148.12222596334857,0.13140455372561563,Ridge,{'alpha': 1000}
gb,0.9220061946070057,69411.56428101254,164.66944685401802,0.14645033879574362,GradientBoostingRegressor,"{'learning_rate': 0.005, 'max_depth': 6}"
linear,0.8096335977187533,169418.96477943563,214.0075184454097,0.17962123879140446,LinearRegression,{}
eng,0.6999647155290702,267020.16050747165,245.82138729567131,0.19524065961190543,Calculation,
