model,class_name,mae_mean,te_mean,mse_mean,mape_mean,r2_mean,params,mae_sd,te_sd,mse_sd,mape_sd,r2_sd
linear,LinearRegression,160.98652617674773,-5046.290430101289,65110.80770323072,0.12392771982375947,0.9329555589172787,{},17.39179090026404,3039.434927695756,20298.28331939651,0.013656326266761503,0.013290342002068849
ridge,Ridge,160.98553339955512,-5049.671466466835,65111.59450734193,0.12392401466222938,0.9329554394142687,{'alpha': 0.005},17.38972820770725,3039.847565818746,20296.58115438655,0.013651649504004592,0.013285814938096583
cb,CatBoostRegressor,156.9823355451891,-3481.2900116439687,77986.2744982804,0.12161029899055172,0.9198440280795999,"{'depth': 6, 'l2_leaf_reg': 7, 'learning_rate': 0.05}",16.738578747900306,3381.31802995276,30960.559159247223,0.011791082271359568,0.02520793032503465
lasso,Lasso,175.48564894926398,-7220.6753152457495,81825.8894569614,0.13283134139569883,0.9160255237019936,{'alpha': 0.005},18.92689992446506,3622.9630628330033,24427.48424788864,0.011683886606218392,0.015157893575847084
gb,GradientBoostingRegressor,169.94437282382196,-3844.9790854229655,84038.23049143922,0.13032485617510622,0.9137760064397487,"{'learning_rate': 0.01, 'max_depth': 6}",19.778805177096256,3590.9314757616958,30239.62759985652,0.012606431872665212,0.02352841060638839
rf,RandomForestRegressor,197.468401636516,-4791.765353458905,114609.74376755208,0.14932877303119535,0.8834262349636953,"{'max_depth': 50, 'n_estimators': 700}",24.866550489567373,3786.4419992992644,40502.06020658312,0.013200532192106422,0.027367256600748395
