model,class_name,r2_mean,mse_mean,mae_mean,mape_mean,params,r2_sd,mse_sd,mae_sd,mape_sd
linear,LinearRegression,0.9096992568472488,75408.87736586262,167.65105088603977,0.13609919020909708,{},0.019745311619328826,27264.456993885462,19.624013190375276,0.009271838811094633
ridge,Ridge,0.9096868754178835,75420.22482614694,167.65521117620943,0.13609717302304947,{'alpha': 0.005},0.019740167732171646,27267.550965540144,19.62388656622228,0.009271745787405892
gb,GradientBoostingRegressor,0.8931758524092813,86708.38895466474,175.42240423447407,0.14542848944282769,"{'learning_rate': 0.05, 'max_depth': 3}",0.025757908786370576,23830.522604350463,16.614406831142265,0.011652500216233227
lasso,Lasso,0.8858444344215568,95911.58321646326,181.3072225212282,0.14309147259718574,{'alpha': 0.005},0.020385362837221786,33535.51074876227,20.395383621842242,0.009851990715524861
