model,class_name,r2,corr,mse,mae,mape,params
gb,GradientBoostingRegressor,0.9854244090908616,0.9927349975526015,0.0073432808673695015,0.0633958325282629,0.009387427388727988,"{'learning_rate': 0.01, 'max_depth': 4}"
ridge,Ridge,0.965268224115331,0.9824807701301667,0.017498102610972132,0.09988940584118221,0.014776527218138904,{'alpha': 1}
linear,LinearRegression,0.9652215895719101,0.9824569816129143,0.017521597408033582,0.09996839551125931,0.014789718388413146,{}
lasso,Lasso,0.9647087483384175,0.9822455656249789,0.017779970275478955,0.10137768497944419,0.014983893172649202,{'alpha': 0.005}
