model,mae,te,mse,mape,r2,class_name,params
ridge,133.20468306276666,-39984.732261624755,47014.32965314697,0.11052776933119278,0.9510760020395115,Ridge,{'alpha': 1}
linear,133.29923648796574,-40026.75013872319,48806.73712384161,0.11061047386129882,0.9492107890270621,LinearRegression,{}
lasso,137.9714554505195,-43772.86452289423,49059.304581846016,0.11144984405654199,0.9489479625677368,Lasso,{'alpha': 0.005}
gb,145.07377587964513,-49607.23950743316,61863.85428758443,0.1133445080042089,0.9356233066955757,GradientBoostingRegressor,"{'learning_rate': 0.01, 'max_depth': 4}"
eng,309.6549941966246,95245.65312576215,466285.4746049015,0.22778769011231972,0.514774542636733,Calculation,
