model,class_name,mae,te,mse,mape,r2,params
gb,GradientBoostingRegressor,0.009641391981801589,0.36404367632837115,0.0001673445159822275,0.10660484181746377,0.7561636209845144,"{'learning_rate': 0.005, 'max_depth': 6}"
linear,LinearRegression,0.011293838739230315,0.08611586601938537,0.00021555518264304075,0.12455472769831347,0.6859162374984386,{}
lasso,Lasso,0.01125534476853981,1.504739155613072,0.00022087454036326948,0.12694491186063356,0.6781654431710857,{'alpha': 0.005}
ridge,Ridge,0.011185006598137936,0.3385388968259807,0.00021165599820284448,0.12354108024922315,0.6915977085011211,{'alpha': 100}
rf,RandomForestRegressor,0.00923191975474577,0.25958366095306834,0.00014654728198950362,0.10207136139770878,0.7864671071821866,"{'max_depth': 10, 'n_estimators': 1000}"
cb,CatBoostRegressor,0.009381635474288308,0.40767367285057665,0.000156343128660578,0.10420928707635793,0.7721936559869329,"{'depth': 8, 'l2_leaf_reg': 15, 'learning_rate': 0.05}"
