model,class_name,mae,te,mse,mape,r2,params
gb,GradientBoostingRegressor,0.011474843021855282,1.7463025238573888,0.001548497909306283,0.11605486770726157,0.36386597652604447,"{'learning_rate': 0.005, 'max_depth': 6}"
linear,LinearRegression,0.011796435141856822,2.3370115826506055,0.0015602038842164254,0.1198743670907159,0.35905707825532607,{}
lasso,Lasso,0.013659819525445212,1.2541332389833266,0.001716481337298567,0.14265878153278033,0.2948571820785585,{'alpha': 0.005}
ridge,Ridge,0.011848153660504195,1.0683020569658748,0.0016022401877231255,0.12007880827947365,0.34178826392824113,{'alpha': 100}
