,report_fc,cal_fc
count,2142.0,2142.0
mean,1317.9724042950513,1470.1086023359549
std,937.7783130251759,1293.217154786246
