model,mae,te,mse,mape,r2,class_name,params
cb,116.84954283453015,-1470.9949003364538,42546.60660876211,0.14381119429280467,0.9147878411884544,CatBoostRegressor,"{'learning_rate': 0.05, 'depth': 6, 'l2_leaf_reg': 1}"
linear,120.79803645324795,-4545.735908793406,52902.27553598361,0.14113297653402465,0.8940475524660052,LinearRegression,{}
ridge,120.82919433473427,-4746.378528385616,52906.70147035253,0.14064950959250996,0.8940386882238859,Ridge,{'alpha': 0.1}
lasso,122.64678105886163,-5327.536669179141,49977.1507575271,0.1446104802892861,0.8999059796599166,Lasso,{'alpha': 0.005}
gb,127.10374026212834,321.9382711187515,39607.8787369062,0.1592983277432789,0.920673512598708,GradientBoostingRegressor,"{'learning_rate': 0.05, 'max_depth': 3}"
rf,128.33469648301102,-275.0237181330672,47552.51089741879,0.16472261628335946,0.9047620378344317,RandomForestRegressor,"{'max_depth': 30, 'n_estimators': 1000}"
eng,228.79890479430762,-21900.043939777384,135541.25632828352,0.26768285455444246,0.728538560878236,Calculation,
