model,class_name,r2_mean,mse_mean,mae_mean,mape_mean,params,r2_sd,mse_sd,mae_sd,mape_sd
ridge,Ridge,0.6696068252956822,0.002119645217956934,0.012274301192427626,0.12000059164032728,{'alpha': 1000},0.20805105296991908,0.005622349481835718,0.003601180021301552,0.012959850279470149
gb,GradientBoostingRegressor,0.6613834978300124,0.0020433678674691745,0.011592523110062576,0.11212324670645184,"{'learning_rate': 0.005, 'max_depth': 6}",0.19896340295029236,0.005370446717353706,0.0036934463976743773,0.014757496455956299
lasso,Lasso,0.6516055880137411,0.002204532384268193,0.012909485509463858,0.12721315371523814,{'alpha': 0.005},0.21462477040205932,0.005827636926960251,0.0038975946384558298,0.012753519380865259
linear,LinearRegression,0.4664723858158728,0.002234818821613077,0.016392937820575167,0.16702496776886944,{},0.15710122414734334,0.005374013631772229,0.002559414367105145,0.024024054163099603
