model,class_name,r2_mean,mse_mean,mae_mean,mape_mean,params,r2_sd,mse_sd,mae_sd,mape_sd
ridge,Ridge,0.9621655804918775,30703.08408477267,115.29807676319348,0.09880502322331668,{'alpha': 1},0.008865401791624311,8077.555409793763,12.290984665917838,0.007637105327043644
linear,LinearRegression,0.9612957315886207,31366.7269406708,115.90482593392971,0.09955683821495613,{},0.009681293604575014,8524.22760075405,12.19153722727233,0.006992644976603584
lasso,Lasso,0.9591879857603041,33531.71069686828,118.9506037803049,0.10123890665857298,{'alpha': 0.005},0.008182510193552156,9491.706230953723,12.01431377251444,0.007794893333404984
gb,GradientBoostingRegressor,0.9513326767003646,40320.57677625092,124.93620817848922,0.10814019007653979,"{'learning_rate': 0.05, 'max_depth': 3}",0.009462888234576255,13272.11928069274,14.318516058904871,0.007848162137265234
