model,r2,mse,mae,mape,class_name,params
linear,0.9088041394083544,87636.17920842637,184.72419323834546,0.144250087495388,LinearRegression,{}
ridge,0.9087931878185371,87646.70332083247,184.72911014244863,0.14424961885787088,Ridge,{'alpha': 0.005}
gb,0.8954332815328419,100485.12749782017,182.04458889900246,0.14234410832406824,GradientBoostingRegressor,"{'learning_rate': 0.01, 'max_depth': 5}"
lasso,0.8901281829001597,105583.15027512478,193.56879888790334,0.14856856518007688,Lasso,{'alpha': 0.005}
eng,0.514774542636733,466285.4746049015,309.6549941966246,0.22778769011231972,Calculation,
