model,class_name,mae,te,mse,mape,r2,params
gb,GradientBoostingRegressor,0.0026649801782010455,-0.04600196938379941,1.3731726550383726e-05,0.028751865323173146,0.9944786084061266,"{'learning_rate': 0.1, 'loss': 'squared_error', 'max_depth': 3, 'max_features': 'sqrt', 'min_samples_leaf': 20, 'min_samples_split': 20, 'n_estimators': 2000, 'warm_start': True}"
ridge,Ridge,0.012557082143305146,-0.5834431715746647,0.0014638630215851004,0.1276555075213008,0.4113951401299678,{'alpha': 0.01}
linear,LinearRegression,0.012568749846044442,-0.5830834795641341,0.0014634006002394982,0.12779158214490965,0.4115810751848983,{}
lasso,Lasso,0.01482807497166647,-0.9845326736038928,0.001912969257656849,0.15052604742433034,0.23081395920531433,{'alpha': 0.01}
