model,r2,mse,mae,mape,class_name,params
cb,0.9557162819112738,39410.849736458185,129.57542459570166,0.11317384763931367,CatBoostRegressor,"{'depth': 8, 'l2_leaf_reg': 1, 'learning_rate': 0.01}"
rf,0.9538151733032182,41102.765160873256,129.93523967307,0.12066515192535955,RandomForestRegressor,"{'max_depth': 30, 'n_estimators': 200}"
gb,0.9537566772615885,41154.82444600889,129.94853240576842,0.11387777476595773,GradientBoostingRegressor,"{'learning_rate': 0.005, 'max_depth': 6}"
lasso,0.9468012080273507,47344.93143494505,145.4582898565423,0.12465216394410354,Lasso,{'alpha': 0.005}
ridge,0.9455900206354737,48422.842829113,141.21662983882644,0.12147368973124147,Ridge,{'alpha': 1000}
linear,0.9045075375542876,84984.7133628657,180.63276498476125,0.1537648451123098,LinearRegression,{}
eng,0.6999647155290702,267020.16050747165,245.82138729567131,0.19524065961190543,Calculation,
