model,mae,te,mse,mape,r2,class_name,params
ridge,149.2740957659635,-7181.082369238287,50064.45420031036,0.12099795056827539,0.936986781737602,Ridge,{'alpha': 0.1}
linear,149.34220668885874,-6969.706446373978,50036.00290502993,0.1210872091698588,0.9370225917291017,LinearRegression,{}
cb,151.0434884489343,-900.4383724224335,59636.70797477085,0.12184082055254221,0.9249387423454257,CatBoostRegressor,"{'depth': 6, 'l2_leaf_reg': 1, 'learning_rate': 0.05}"
lasso,152.52847815471364,-8497.589235501651,54821.33319674743,0.1256981032463242,0.9309995746614795,Lasso,{'alpha': 0.005}
gb,163.2272791998368,1022.6097487761017,70559.5328210663,0.13381776443083152,0.9111908176536333,GradientBoostingRegressor,"{'learning_rate': 0.05, 'max_depth': 4}"
rf,198.85842960667978,6633.2624104891875,115577.63840282029,0.15847289377104276,0.8545291450538917,RandomForestRegressor,"{'max_depth': 50, 'n_estimators': 700}"
eng,303.8041831234374,108605.0743258148,310614.0960269266,0.22922206671537074,0.6090480932837004,Calculation,
