model,r2,mse,mae,mape,class_name,params
rf,0.9604086127642046,35234.851104453446,121.26122152445942,0.10525597111486713,RandomForestRegressor,"{'max_depth': 50, 'n_estimators': 200}"
cb,0.9545804807671172,40421.67019496541,126.85181079890198,0.1102489165035554,CatBoostRegressor,"{'depth': 6, 'l2_leaf_reg': 1, 'learning_rate': 0.05}"
lasso,0.9404859852789607,52965.243042258466,145.44361807691834,0.12247688644850417,Lasso,{'alpha': 0.005}
gb,0.9404652491375046,52983.69743114696,144.22943071392248,0.1297100586618795,GradientBoostingRegressor,"{'learning_rate': 0.01, 'max_depth': 4}"
linear,0.9402246206933611,53197.84772980655,154.24709751188854,0.1441955452167716,LinearRegression,{}
ridge,0.9394652736511591,53873.638143748,145.27576661496582,0.12573401462052233,Ridge,{'alpha': 1000}
eng,0.6999647155290702,267020.16050747165,245.82138729567131,0.19524065961190543,Calculation,
