model,class_name,r2,corr,mse,mae,mape,params
gb,GradientBoostingRegressor,0.9899262563912015,0.9949921848793207,0.0050752198772878905,0.05144543831605979,0.007625812067159855,"{'learning_rate': 0.01, 'max_depth': 6}"
ridge,Ridge,0.965127248577357,0.982408984900286,0.017569127036480826,0.10005352499229737,0.014801486818842956,{'alpha': 1}
linear,LinearRegression,0.9650820470221634,0.9823859695150073,0.017591899884422148,0.10012331190578297,0.014811998242195182,{}
lasso,Lasso,0.9647182338372092,0.9822507026444673,0.01777519141730236,0.10135985772551818,0.014981860658045316,{'alpha': 0.005}
