model,class_name,mae_mean,te_mean,mse_mean,mape_mean,r2_mean,params,mae_sd,te_sd,mse_sd,mape_sd,r2_sd
linear,LinearRegression,136.97535407577456,-2874.324683237185,46141.34512303536,0.11720348699790245,0.9464707846168214,{},13.551603275905522,2633.542206192357,12547.746723919281,0.013080324189104969,0.011310374314866933
ridge,Ridge,136.97547207396232,-2874.655096001538,46141.81564887289,0.1172034467673533,0.9464703421403319,{'alpha': 0.005},13.551752861211831,2633.562085933495,12548.033752489973,0.013080326448060104,0.01131025534968993
lasso,Lasso,138.89103753505594,-4000.9599927396544,49332.298068081334,0.11724709657508094,0.9432382564518993,{'alpha': 0.005},14.581729959266806,2691.6877578100434,14381.247293043154,0.012877829883849229,0.011422705283357478
gb,GradientBoostingRegressor,139.2308365411501,-2743.178061903488,51521.55171404769,0.12229452801820506,0.9408870983198565,"{'learning_rate': 0.05, 'max_depth': 3}",15.951914864981534,3212.149155359927,23535.662918038328,0.01103368215324945,0.021189139266818452
cb,CatBoostRegressor,133.53508709784225,-3441.3746984052077,54197.75073071021,0.1152487774336571,0.939614339010438,"{'depth': 6, 'l2_leaf_reg': 1, 'learning_rate': 0.01}",16.274306300143483,2802.0559289197054,30020.652207858166,0.01167078948186164,0.02430229934447991
rf,RandomForestRegressor,141.5325004443787,-3363.0916674119803,58947.820414503636,0.12112763211952185,0.9342031300592327,"{'max_depth': 10, 'n_estimators': 200}",14.94794394466958,3214.7100147083734,29826.784665808882,0.011462040341700603,0.022948839777952833
