model,class_name,mae,te,mse,mape,r2,params
gb,GradientBoostingRegressor,0.009005294821483375,0.9026472228691224,0.00014995943635102006,0.11672544622385711,0.4175157354316408,"{'learning_rate': 0.005, 'max_depth': 5}"
linear,LinearRegression,0.010563194737154814,0.9707415900522142,0.00019962245342104983,0.14097904052590013,0.2246107293967512,{}
lasso,Lasso,0.009816344097441707,1.5369931477440777,0.00015090295130423012,0.13249007102457103,0.4138508602693778,{'alpha': 0.005}
ridge,Ridge,0.009688970709082872,0.33443356736675,0.00015869174221089062,0.12435698418610318,0.3835970246086251,{'alpha': 100}
rf,RandomForestRegressor,0.00805645809846518,0.6321889323523432,0.00010645841467869743,0.10474242219525101,0.5864858331683594,"{'max_depth': 10, 'n_estimators': 1000}"
cb,CatBoostRegressor,0.008526089739136263,0.8423116265298798,0.00011935947646770285,0.112901030235576,0.5363745119259289,"{'learning_rate': 0.01, 'depth': 8, 'l2_leaf_reg': 1}"
