model,r2,mse,mae,mape,class_name,params
gb,0.8646825627074815,130035.54226756773,216.46908002906866,0.16883180690920416,GradientBoostingRegressor,"{'learning_rate': 0.01, 'max_depth': 3}"
linear,0.8591608375654609,135341.73589243632,212.1486647759806,0.16668308706364302,LinearRegression,{}
ridge,0.8591586503353001,135343.83774764213,212.14998428429826,0.1666838514440448,Ridge,{'alpha': 0.005}
lasso,0.8510234674276436,143161.47708525512,218.64171653093507,0.17041469615822535,Lasso,{'alpha': 0.005}
eng,0.514774542636733,466285.4746049015,309.6549941966246,0.22778769011231972,Calculation,
