model,class_name,r2,mse,mae,mape,params
gb,GradientBoostingRegressor,0.9966573224511632,2794.0396851552446,34.70617431408332,0.02818881413653362,"{'learning_rate': 0.1, 'loss': 'squared_error', 'max_depth': 3, 'max_features': 'sqrt', 'min_samples_leaf': 20, 'min_samples_split': 20, 'n_estimators': 2000, 'warm_start': True}"
cb,CatBoostRegressor,0.9924256756487959,6331.140983929635,54.98325680118933,0.045790585783070194,{'verbose': 0}
rf,RandomForestRegressor,0.9854110320971681,12194.462280740687,66.67100121113903,0.05395938302185278,"{'max_depth': 10, 'n_estimators': 200}"
ridge,Ridge,0.9641273758684369,29984.80528554856,113.63598885832104,0.09652912464283742,{'alpha': 0.01}
linear,LinearRegression,0.9641143077933872,29995.728481029993,113.64692661986543,0.0965398385427958,{}
lasso,Lasso,0.9566849750623454,36205.67550148894,121.45975147865198,0.10187250156096375,{'alpha': 0.01}
