r2,mse,mae,mape,class_name,params
0.9028400701206586,81212.94857897701,186.69702985698333,0.15907727834999416,GradientBoostingRegressor,"{'learning_rate': 0.01, 'max_depth': 3}"
0.8155635204998428,154164.68851238483,243.4830754696975,0.19822855237914272,LinearRegression,{}
0.8155600760248366,154167.56764138278,243.48304387837337,0.19822821331414966,Ridge,{'alpha': 0.005}
0.8082061465942345,160314.4873997914,244.83239981277646,0.19895852359912133,Lasso,{'alpha': 0.005}
0.2083145593570258,661745.1151056599,347.1932236190591,0.27194801871631485,Calculation,
