model,r2,mse,mae,mape,class_name,params
ridge,0.7664479253449935,0.0002754560906744603,0.012145848747021409,0.13419592646779047,Ridge,{'alpha': 100}
gb,0.7625411201001343,0.0002800638566357134,0.01184915423698258,0.12612177475484782,GradientBoostingRegressor,"{'learning_rate': 0.005, 'max_depth': 6}"
rf,0.7552650530498572,0.00028864539883830415,0.010443691062135397,0.10600360876727542,RandomForestRegressor,"{'max_depth': 50, 'n_estimators': 200}"
lasso,0.6771535948489741,0.00038077164924596923,0.012313361451534423,0.12172294595860922,Lasso,{'alpha': 0.005}
linear,0.647371633912645,0.00041589710272035493,0.014524948587505918,0.15806565798265973,LinearRegression,{}
eng,0.25923577054280555,0.0008736724735122521,0.01880210831131136,0.19414355343031642,Calculation,
cb,-0.8206562206036285,0.0021473191609640997,0.01184433000479589,0.11097741198942494,CatBoostRegressor,"{'depth': 6, 'l2_leaf_reg': 1, 'learning_rate': 0.05}"
