,report_fc,cal_fc
count,1948.0,1948.0
mean,1342.613932238193,1406.6889346123237
std,938.4509516788687,1215.4992007617452
