model,r2,mse,mae,mape,class_name,params
cb,0.9544914048895374,37529.04078662054,122.76072776241443,0.10974981312436739,CatBoostRegressor,"{'depth': 6, 'l2_leaf_reg': 15, 'learning_rate': 0.05}"
rf,0.9530409355165154,38725.18239740325,124.94815490815814,0.11044022015423272,RandomForestRegressor,"{'max_depth': 30, 'n_estimators': 200}"
gb,0.9528501519305215,38882.51366554732,124.36335666707863,0.11052488631712787,GradientBoostingRegressor,"{'learning_rate': 0.005, 'max_depth': 6}"
linear,0.946224699543316,44346.247983552676,141.06306665737958,0.12698228567462036,LinearRegression,{}
ridge,0.9451951997292964,45195.233552462814,140.36729193314176,0.12623675403504242,Ridge,{'alpha': 100}
lasso,0.9249062189911058,61926.70996465072,169.27351071047357,0.14593047127614509,Lasso,{'alpha': 0.005}
eng,0.8406635462586949,131398.12944649984,223.3554688886563,0.18245412082952348,Calculation,
