,cb,gb,lasso,linear,rf,ridge,mean,sd
rel_power_ship_sum,1,1,1,1,2,1,1.1666666666666667,0.3726779962499649
ME_W_ref_first,3,2,2,2,3,2,2.3333333333333335,0.4714045207910317
cal_fc,2,3,3,3,1,3,2.5,0.7637626158259734
