model,class_name,r2_mean,mse_mean,mae_mean,mape_mean,params,r2_sd,mse_sd,mae_sd,mape_sd
gb,GradientBoostingRegressor,0.7645992002864375,193185.04411931435,266.4333482307616,0.2226937797952603,"{'learning_rate': 0.005, 'max_depth': 3}",0.044607145106699754,49804.18962040774,23.482827391596633,0.023678819807644913
ridge,Ridge,0.6910830428546546,254341.9782380226,289.0020659379508,0.23548414603555956,{'alpha': 100},0.09507185752245571,94047.27444478185,28.775370443902112,0.02116665288786033
lasso,Lasso,0.6744825742570779,266598.1738796368,285.3118343967755,0.2291913281809174,{'alpha': 0.01},0.13482672610721944,120489.74819508712,30.321645132943864,0.023320010315558685
linear,LinearRegression,0.669668736539546,269719.74095142545,284.9735162062269,0.2288819262187127,{},0.14739111562636517,128870.00759798965,30.593123628059818,0.02362037220945739
