model,mae,te,mse,mape,r2,class_name,params
ridge,165.53204526146428,4114.107168024741,58066.03875400316,0.11321167379223984,0.961331478417604,Ridge,{'alpha': 0.1}
linear,165.54876205961725,4169.192061791417,58092.29328977915,0.11322271566126779,0.9613139944613177,LinearRegression,{}
lasso,166.3381597860485,-7408.434266584181,62612.08780852178,0.11039167940101281,0.9583040806520354,Lasso,{'alpha': 0.005}
gb,191.77938144147126,4961.895173075347,90194.228458357,0.12470948841491818,0.9399360186334549,GradientBoostingRegressor,"{'learning_rate': 0.05, 'max_depth': 3}"
rf,194.84417357341488,-14453.584841595995,149828.9137129674,0.1158906869698972,0.9002228719592585,RandomForestRegressor,"{'max_depth': 30, 'n_estimators': 200}"
cb,200.77807103005537,-4392.346819179619,156071.75154678102,0.11875959726070184,0.8960655139804421,CatBoostRegressor,"{'learning_rate': 0.05, 'depth': 6, 'l2_leaf_reg': 7}"
eng,310.819081961299,-36484.38547335662,205986.92553401043,0.19245713276919676,0.862824982612506,Calculation,
