model,class_name,mae_mean,te_mean,mse_mean,mape_mean,r2_mean,params,mae_sd,te_sd,mse_sd,mape_sd,r2_sd
linear,LinearRegression,0.00017511180110545445,-1.3253214385920986e-05,5.223577339409547e-07,0.26930179143276506,0.7367845175223697,{},5.994686675418404e-05,0.008755411471282575,1.3978181880248427e-06,0.03198957395205794,0.22181148784767196
linearstruct,LinearRegression,0.00017951406004159965,-0.008403632339783373,5.2974127962678e-07,0.21408759089408344,0.7135870626581732,{'fit_intercept': False},6.091379344638833e-05,0.008832799386747409,1.397926979865998e-06,0.020268306871902644,0.21902539972519813
