model,class_name,mae,te,mse,mape,r2,params
linear,LinearRegression,0.00015892676739467056,-0.05675658747621205,5.658069273674252e-08,0.27615604128999877,0.8252225469072686,{}
linearstruct,LinearRegression,0.0001752903106746186,-0.21666368803192848,6.345458894886376e-08,0.2174914183376999,0.8039891187771433,{'fit_intercept': False}
