model,mae,te,mse,mape,r2,class_name,params
lasso,117.40440792085472,-15450.736393379608,33358.80175461721,0.11867409888838912,0.9357038701059963,Lasso,{'alpha': 0.005}
ridge,125.15044968595666,-34858.971852139664,36965.235502856856,0.12318233102029764,0.9287527891158394,Ridge,{'alpha': 1}
linear,125.92202792481041,-37100.211595836394,37805.7360680518,0.12386652985089268,0.9271327988681897,LinearRegression,{}
rf,160.78308041953557,27958.016591388296,63314.06011797796,0.17785931065514854,0.8779677680449413,RandomForestRegressor,"{'max_depth': 30, 'n_estimators': 1000}"
cb,193.5808549671478,46725.94337042993,105124.56742539021,0.1962706078402156,0.7973817257600296,CatBoostRegressor,"{'depth': 6, 'l2_leaf_reg': 1, 'learning_rate': 0.05}"
gb,208.96380596425476,71211.6534862616,114729.04971010616,0.21830364218052023,0.7788699385236286,GradientBoostingRegressor,"{'learning_rate': 0.01, 'max_depth': 5}"
eng,341.81525130625437,104999.28719350879,910301.3556092082,0.2980186077823141,-0.7545250765740188,Calculation,
