model,r2,mse,mae,mape,class_name,params
lasso,0.9445454605129898,49352.462197238885,149.40517901042534,0.13042029703676036,Lasso,{'alpha': 0.005}
ridge,0.9303085802559875,62022.75215348154,149.49398701218567,0.13236717206977286,Ridge,{'alpha': 1000}
gb,0.9223967353432478,69063.99765977345,163.46696906007486,0.146314075472515,GradientBoostingRegressor,"{'learning_rate': 0.005, 'max_depth': 6}"
eng,0.6999647155290702,267020.16050747165,245.82138729567131,0.19524065961190543,Calculation,
linear,0.46725043796909127,474127.1474607562,447.1086133889104,0.34810104228962957,LinearRegression,{}
