model,class_name,mae_mean,te_mean,mse_mean,mape_mean,r2_mean,params,mae_sd,te_sd,mse_sd,mape_sd,r2_sd
cb,CatBoostRegressor,188.42430615609132,-4284.240352576603,97133.73909149648,0.16368886556455614,0.8905536274832263,"{'depth': 6, 'l2_leaf_reg': 7, 'learning_rate': 0.05}",19.970862307441532,3925.2865691645156,45624.1427603032,0.01579583946392858,0.03826379634733872
gb,GradientBoostingRegressor,190.81156965997542,-4989.974603416164,97398.29461169279,0.1637980153798072,0.889748351274993,"{'learning_rate': 0.01, 'max_depth': 4}",21.37202913223817,4244.397888611573,41172.458010592076,0.013576683550902136,0.034527638809258396
rf,RandomForestRegressor,196.8753521186581,-4131.526380259757,102158.24072935752,0.17082169066463976,0.8841092882401486,"{'max_depth': 10, 'n_estimators': 700}",18.2242068423612,4208.969465682964,42220.374566215534,0.015634632098454053,0.03502245866864661
linear,LinearRegression,211.85261341297746,-9608.256346418906,118861.81474169508,0.18229131446249053,0.8648475109312285,{},17.86588831978539,4558.220043819557,33166.602502109316,0.017076985935186084,0.018001388440420964
ridge,Ridge,211.85320601166904,-9608.49086640994,118862.91099320064,0.18229175886257057,0.8648463463147209,{'alpha': 0.005},17.86616507346933,4558.236121296633,33167.180317207036,0.017077048754690634,0.018001644000398952
lasso,Lasso,213.53073668297992,-10500.416794169783,123431.55358824578,0.183157332323296,0.8601965607923427,{'alpha': 0.005},19.250921314881435,4676.981095264675,36413.62171037665,0.017399729950878257,0.020447363712627932
