r2,mse,mae,mape,class_name,params
0.9814364198634568,15516.716417385562,79.67197562714381,0.06616380295701131,GradientBoostingRegressor,"{'learning_rate': 0.1, 'max_depth': 3}"
0.9110665134035904,74336.7217624871,167.4437815515414,0.13585097042120728,LinearRegression,{}
0.9110569237809816,74344.73742829487,167.4492306456077,0.13585034481068436,Ridge,{'alpha': 0.005}
0.8819296754834528,98691.29388600253,187.86535385701427,0.14801994839778404,Lasso,{'alpha': 0.005}
0.2083145593570258,661745.1151056599,347.1932236190591,0.27194801871631485,Calculation,
