model,class_name,mae,te,mse,mape,r2,params
gb,GradientBoostingRegressor,0.014033595809527455,0.07068370111005409,0.0003767203728948162,0.11221320530806296,0.6736999069406555,"{'learning_rate': 0.005, 'max_depth': 5}"
linear,LinearRegression,0.014473993392846256,0.5681846452725798,0.0003645059562942185,0.12148758018234627,0.6842795452087282,{}
lasso,Lasso,0.016153289892973145,-2.6230735753841348,0.000462614983424375,0.123373209138064,0.5993014368135389,{'alpha': 0.005}
ridge,Ridge,0.014136706896406335,0.14417246611284273,0.00034657573831447646,0.1177803624238646,0.6998099816181169,{'alpha': 100}
rf,RandomForestRegressor,0.013670897662989403,-0.12280793876670609,0.0003244447463552617,0.1099870334271234,0.7189789601373744,"{'max_depth': 10, 'n_estimators': 200}"
cb,CatBoostRegressor,0.01384765101629466,-0.4896983805892568,0.00034315172004458205,0.11011069948902061,0.7027757290543868,"{'learning_rate': 0.01, 'depth': 8, 'l2_leaf_reg': 1}"
