model,mae,te,mse,mape,r2,class_name,params
cb,124.75662124352394,8932.975320046467,34753.499719784806,0.1014510868744712,0.9562577901186544,CatBoostRegressor,"{'depth': 8, 'l2_leaf_reg': 1, 'learning_rate': 0.01}"
rf,124.94026224976133,9695.759808263763,36178.503385686985,0.10311934097014112,0.9544642208396418,RandomForestRegressor,"{'max_depth': 10, 'n_estimators': 1000}"
gb,131.06138981684984,8793.929998521204,39956.53978078033,0.1065449942333029,0.9497090260458508,GradientBoostingRegressor,"{'learning_rate': 0.005, 'max_depth': 4}"
ridge,153.07974035384206,12241.56338825846,53150.662244630366,0.12152905816469381,0.9331023510730467,Ridge,{'alpha': 100}
lasso,160.92552136478747,35792.481437667615,54866.938962790715,0.1281459686621403,0.9309421733348174,Lasso,{'alpha': 0.005}
linear,159.22195348839807,9947.074858554328,55938.516571310145,0.12657542924624804,0.9295934408896266,LinearRegression,{}
eng,303.8041831234374,108605.0743258148,310614.0960269266,0.22922206671537074,0.6090480932837004,Calculation,
