model,mae,te,mse,mape,r2,class_name,params
rf,101.81452674539733,7149.889997885028,22745.950696596607,0.09889578693663198,0.962283928335478,RandomForestRegressor,"{'max_depth': 10, 'n_estimators': 200}"
cb,106.53203332322417,6070.334382947129,22946.15947020917,0.10339755725167171,0.9619519532708101,CatBoostRegressor,"{'learning_rate': 0.05, 'depth': 8, 'l2_leaf_reg': 15}"
gb,106.14421454326539,7273.119595792179,23809.981415729897,0.10548430010161479,0.9605196117152857,GradientBoostingRegressor,"{'learning_rate': 0.005, 'max_depth': 4}"
linearstruct,122.95420329868215,-2603.5333761502143,30573.34477254231,0.12835090686667644,0.9493049783741122,LinearRegression,{'fit_intercept': False}
ridge,120.70896658469455,10769.136024624417,31937.314504745664,0.1161336455363764,0.9470433195472636,Ridge,{'alpha': 1000}
linear,126.78876172725829,-3189.9844538823295,32756.286643514642,0.1306509157679109,0.945685345449409,LinearRegression,{}
lasso,140.489865949671,18571.70040049905,39416.86807174057,0.1362502666797684,0.9346411393915834,Lasso,{'alpha': 0.005}
eng,639.7133524231299,125360.21122580743,2284124.959106804,0.5153681328696372,-2.7874090996462715,Calculation,
