model,class_name,mae_mean,te_mean,mse_mean,mape_mean,r2_mean,params,mae_sd,te_sd,mse_sd,mape_sd,r2_sd
linear,LinearRegression,154.7511341335813,-3950.560621221295,60760.05147179853,0.12288074598527302,0.9364456978790744,{},12.137665422527265,3109.060670159336,13393.701263753004,0.008112659899271785,0.011472875914415533
ridge,Ridge,154.6269640532769,-3998.681163998225,60799.36844206508,0.12278811690518453,0.9364240917360863,{'alpha': 0.1},12.155653992576156,3104.607787396157,13416.704658774583,0.008092072149959174,0.011379166178338404
cb,CatBoostRegressor,160.25848926464417,-2952.1715230405825,71653.18033162608,0.129965760187308,0.9260637795906281,"{'depth': 6, 'l2_leaf_reg': 7, 'learning_rate': 0.1}",14.667896219882978,2939.811432547705,23648.13830943205,0.009470740135205116,0.019303060656607425
lasso,Lasso,166.26587239019725,-5943.6775727902905,74583.82623691292,0.12991892301041635,0.922758756942734,{'alpha': 0.005},14.915219916268248,3058.1834615070543,17791.14450869657,0.008935297155036081,0.011239676901495813
gb,GradientBoostingRegressor,170.01503155763476,-3071.8504133408233,77194.0716999692,0.13721835247488665,0.9194641762988106,"{'learning_rate': 0.05, 'max_depth': 3}",15.476401360189618,3321.630560626471,23022.532658866134,0.009917289606800137,0.020442038347591365
rf,RandomForestRegressor,192.18026456265423,-3985.0434917694975,107116.78833407396,0.153079197938714,0.8897130023795656,"{'max_depth': 30, 'n_estimators': 700}",19.53131245650701,3671.3668910154934,31533.96201174537,0.01231176951782322,0.02253305597647705
