r2,mse,mae,mape,class_name,params
0.988286981227746,9790.546292457857,65.0057630659117,0.055252085137740665,GradientBoostingRegressor,"{'learning_rate': 0.05, 'max_depth': 3}"
0.9491010525433243,42544.83929389875,133.19673330097532,0.11052314575458377,LinearRegression,{}
0.9490984745027028,42546.99419747567,133.19882468363178,0.110521001307333,Ridge,{'alpha': 0.005}
0.9329821569823744,56018.12028501304,147.0804250533075,0.11988266373894689,Lasso,{'alpha': 0.005}
0.2083145593570258,661745.1151056599,347.1932236190591,0.27194801871631485,Calculation,
