model,class_name,r2_mean,mse_mean,mae_mean,mape_mean,params,r2_sd,mse_sd,mae_sd,mape_sd
gb,GradientBoostingRegressor,0.9001965854373204,81828.43833347308,180.45140687392762,0.15753381122956955,"{'learning_rate': 0.005, 'max_depth': 3}",0.02745063563816389,25808.701410473812,17.11187490014218,0.013804174452414338
ridge,Ridge,0.8611330359046098,114287.44704044309,205.6434918619334,0.169497376212471,{'alpha': 10},0.03740366219654145,39885.33194496319,21.724370487773395,0.013674806504342968
linear,LinearRegression,0.8609370407812892,114342.81541209917,205.6308055540331,0.16922724690836508,{},0.03836939537872268,40208.11783493326,21.968975496530284,0.01381363789415158
lasso,Lasso,0.8600521778860574,115222.37957475458,206.29197324798406,0.16982422079908502,{'alpha': 0.005},0.03617440544205074,39380.60438957542,21.12295754112818,0.013522289663379457
