model,class_name,r2_mean,mse_mean,mae_mean,mape_mean,params,r2_sd,mse_sd,mae_sd,mape_sd
gb,GradientBoostingRegressor,0.9261285089112528,60465.137585469005,154.7749828811274,0.13301975339154656,"{'learning_rate': 0.05, 'max_depth': 3}",0.018701383599051834,18263.767862365603,14.027445202027677,0.00819631014549942
linear,LinearRegression,0.9163915278167502,69202.34112197199,160.05387616226625,0.12903169535049466,{},0.019551741915834094,22906.188201458866,19.312000239070926,0.009550380196036483
ridge,Ridge,0.9163905142379304,69203.31336558216,160.05390743375494,0.12903151149406383,{'alpha': 0.005},0.01955209187504779,22907.211112412482,19.31188524199925,0.00955025402763328
lasso,Lasso,0.908090368942464,76407.05758389433,164.90464456563345,0.13173901971651147,{'alpha': 0.005},0.020545534391984085,26435.165380858205,18.238956405227043,0.009546828441666147
