model,class_name,r2_mean,mse_mean,mae_mean,mape_mean,params,r2_sd,mse_sd,mae_sd,mape_sd
linear,LinearRegression,0.9096992568472488,75408.87736586262,167.65105088603977,0.13609919020909708,{},0.019745311619328826,27264.456993885462,19.624013190375276,0.009271838811094633
ridge,Ridge,0.9096868754178835,75420.22482614694,167.65521117620943,0.13609717302304947,{'alpha': 0.005},0.019740167732171646,27267.550965540144,19.62388656622228,0.009271745787405892
cb,CatBoostRegressor,0.8993421089922186,83087.23596315288,170.86217792151277,0.13974428691332505,"{'depth': 6, 'l2_leaf_reg': 1, 'learning_rate': 0.05}",0.022110869986054573,24913.314676491085,16.854001109167072,0.008746442168587288
gb,GradientBoostingRegressor,0.8929296805126757,86859.37457165937,175.81472910803402,0.14554403331805113,"{'learning_rate': 0.05, 'max_depth': 3}",0.025055026872117248,22771.514545391306,16.36670489884667,0.011886115150091976
lasso,Lasso,0.8858444344215568,95911.58321646326,181.3072225212282,0.14309147259718574,{'alpha': 0.005},0.020385362837221786,33535.51074876227,20.395383621842242,0.009851990715524861
rf,RandomForestRegressor,0.8776955870398696,101354.2365257238,188.89569964137985,0.15444408604657003,"{'max_depth': 50, 'n_estimators': 700}",0.02925175131563293,34684.653588891306,18.81180033350211,0.01173111796122694
