model,class_name,r2,mse,mae,mape,params
gb,GradientBoostingRegressor,0.954692275799575,37871.31053191462,122.35173382025653,0.10342849130347559,"{'learning_rate': 0.01, 'max_depth': 3}"
linear,LinearRegression,0.9116781429565995,73825.47973607146,163.2294508338334,0.13053820816972345,{}
ridge,Ridge,0.9116779469285521,73825.64358978927,163.2295451350808,0.13053839908398615,{'alpha': 0.005}
lasso,Lasso,0.9092184155946249,75881.48895730516,164.62513386499418,0.13133319726869788,{'alpha': 0.005}
