,cb,gb,lasso,linear,rf,ridge,mean,sd
distance_sum,1,1,1,1,1,1,1.0,0.0
ME_W_ref_first,2,2,2,2,2,2,2.0,0.0
Draught..m.,3,4,3,3,3,3,3.1666666666666665,0.372677996249965
speed_mean,4,3,5,4,7,4,4.5,1.2583057392117916
draught_mean,5,6,4,5,4,5,4.833333333333333,0.6871842709362769
ME_SFC_base_first,7,5,6,6,5,6,5.833333333333333,0.6871842709362769
Speed..knots.,6,7,7,7,6,7,6.666666666666667,0.4714045207910317
