,cb,gb,lasso,linear,rf,ridge,mean,sd
rel_power_ship_sum,1,1,1,2,2,2,1.5,0.5
rel_power_ship_squared_sum,3,3,2,1,4,1,2.3333333333333335,1.1055415967851332
cal_fc,2,2,3,7,1,7,3.6666666666666665,2.4267032964268394
rel_power_ship_cubed_sum,4,4,5,3,3,3,3.6666666666666665,0.7453559924999298
Draught..m.,6,5,4,4,6,4,4.833333333333333,0.8975274678557508
Speed..knots.,5,6,6,6,5,6,5.666666666666667,0.4714045207910317
ME_W_ref_first,8,8,7,5,8,5,6.833333333333333,1.3437096247164249
ME_SFC_base_first,7,7,8,8,7,8,7.5,0.5
