model,mae,te,mse,mape,r2,class_name,params
ridge,148.6912251215847,9989.140626566772,47850.17419978684,0.10352438020042451,0.9681346354345843,Ridge,{'alpha': 0.1}
linear,149.5996502339223,10115.862979993384,48555.113753242586,0.10390985150562011,0.9676651877002111,LinearRegression,{}
lasso,152.63215787802912,-4522.397520021748,50390.66391602601,0.10367486153469715,0.9664428206745241,Lasso,{'alpha': 0.005}
cb,180.44200647201288,-18364.304407758853,97702.48224119518,0.10964281629281711,0.9349359690403048,CatBoostRegressor,"{'learning_rate': 0.05, 'depth': 6, 'l2_leaf_reg': 1}"
gb,190.23567237513635,-28746.605781934282,115705.30818869437,0.10947298775603491,0.922947159770153,GradientBoostingRegressor,"{'learning_rate': 0.01, 'max_depth': 6}"
rf,247.6895533249773,-53925.21105315263,198057.06606456437,0.1330863308132688,0.8681057964689274,RandomForestRegressor,"{'max_depth': 30, 'n_estimators': 1000}"
eng,310.819081961299,-36484.38547335662,205986.92553401043,0.19245713276919676,0.862824982612506,Calculation,
