model,mae,te,mse,mape,r2,class_name,params
lasso,148.22462182141587,-2063.9620065243544,52852.445798079505,0.1313784992856808,0.955116812027105,Lasso,{'alpha': 0.005}
ridge,152.3417983829769,4085.2283341351804,54749.11616338818,0.1345204134896915,0.9535061275782907,Ridge,{'alpha': 1}
linear,156.23238054247824,7337.049224807121,58494.21435718941,0.13831015896388446,0.9503257270562123,LinearRegression,{}
linearstruct,156.84616068040197,-10043.992512447629,63871.78158738072,0.13370393743030176,0.9457590063078164,LinearRegression,{'fit_intercept': False}
rf,195.6806970958761,-7166.555717625147,137726.55309920668,0.17209791206367406,0.8830402892757856,RandomForestRegressor,"{'max_depth': 10, 'n_estimators': 1000}"
gb,195.90664675942662,-95.78907395120314,113631.89949395428,0.18838019844779264,0.9035018753117081,GradientBoostingRegressor,"{'learning_rate': 0.01, 'max_depth': 4}"
cb,205.86521753737105,-3928.5388587686116,189694.43794305422,0.19322215144297308,0.8389082853773978,CatBoostRegressor,"{'learning_rate': 0.05, 'depth': 6, 'l2_leaf_reg': 7}"
eng,318.3693747832371,-37058.50430957249,217584.4860484148,0.26132289149468124,0.8152235863481719,Calculation,
