model,r2,mse,mae,mape,class_name,params
linear,0.8944880964052293,101393.4188686258,207.5095762479626,0.17857158901707004,LinearRegression,{}
ridge,0.8944870501335278,101394.42430082134,207.50922714893025,0.17857098385238532,Ridge,{'alpha': 0.005}
lasso,0.8909646444434158,104779.33864123943,207.9300569454031,0.17880320569012037,Lasso,{'alpha': 0.005}
gb,0.8741156707479601,120970.64018358472,205.52255415739612,0.16235540173747165,GradientBoostingRegressor,"{'learning_rate': 0.01, 'max_depth': 3}"
eng,0.514774542636733,466285.4746049015,309.6549941966246,0.22778769011231972,Calculation,
