r2,mse,mae,mape,class_name,params
0.9901489629749148,8209.85130626459,56.769626658324825,0.04650336458418585,GradientBoostingRegressor,"{'learning_rate': 0.01, 'max_depth': 6}"
0.9619512031308445,31709.85591492403,117.44330027581118,0.09871447591850314,LinearRegression,{}
0.9610532566467503,32458.20424582801,117.65420328625643,0.09954869264388827,Ridge,{'alpha': 10}
0.9595462935484711,33714.10684058993,120.45439710776586,0.10088486081470703,Lasso,{'alpha': 0.005}
0.8319371938209255,140063.49233387833,230.9793072618494,0.18644163563131916,Calculation,
