r2,mse,mae,mape,class_name,params
0.99593901497454,3394.450453620632,40.42291954368959,0.03365016813116962,CatBoostRegressor,"{'depth': 6, 'l2_leaf_reg': 1, 'learning_rate': 0.05}"
0.9913251675319605,7251.02132157805,56.56921600326973,0.04746175786468351,GradientBoostingRegressor,"{'learning_rate': 0.05, 'max_depth': 3}"
0.9874763839368319,10468.099232100969,55.960129501808346,0.04550586457228225,RandomForestRegressor,"{'max_depth': 50, 'n_estimators': 700}"
0.9629677879786791,30954.068558799692,116.34269240950057,0.09888876416841234,Ridge,{'alpha': 0.005}
0.9629676680222401,30954.168826637797,116.34269083006014,0.09889070408943648,LinearRegression,{}
0.9565549598567741,36314.35114810231,123.22021856561432,0.10406639026290111,Lasso,{'alpha': 0.005}
0.2083145593570258,661745.1151056599,347.1932236190591,0.27194801871631485,Calculation,
