model,mae,te,mse,mape,r2,class_name,params
lasso,187.9958863508665,-38258.95067761573,75365.28242480042,0.10795122150142113,0.9440314760143523,Lasso,{'alpha': 0.005}
ridge,189.1015570484185,-47971.5890477996,75042.43530472709,0.10899178199964743,0.9442712319895463,Ridge,{'alpha': 0.1}
linear,189.41029971435918,-48153.52350723411,75124.01388995924,0.10923283754004093,0.9442106492801424,LinearRegression,{}
eng,429.1513128096241,88465.77382325288,643704.1380094945,0.2436238132411277,0.5219659592758379,Calculation,
gb,441.89892667729714,-205692.83266471163,443499.77802846255,0.21602929867347992,0.6706437345473646,GradientBoostingRegressor,"{'learning_rate': 0.01, 'max_depth': 4}"
cb,451.66234916013104,-208278.42617795223,477278.3097887088,0.2181608125233927,0.6455587815796678,CatBoostRegressor,"{'depth': 6, 'l2_leaf_reg': 15, 'learning_rate': 0.05}"
rf,458.88125147928264,-220265.03593988027,464192.3037361246,0.22721589984842133,0.6552768430008691,RandomForestRegressor,"{'max_depth': 50, 'n_estimators': 1000}"
