r2,mse,mae,mape,class_name,params
0.8498348315478397,125518.37078313653,213.49990704151344,0.1648730831641234,GradientBoostingRegressor,"{'learning_rate': 0.005, 'max_depth': 3}"
0.7965956799874039,170019.31354251748,241.99557536469126,0.18432982552796778,LinearRegression,{}
0.79655275336267,170055.19456642837,242.00069648143082,0.1843415910889365,Ridge,{'alpha': 1}
0.7956191749921353,170835.54354665955,242.25161518055555,0.1846521730812958,Lasso,{'alpha': 0.005}
0.2083145593570258,661745.1151056599,347.1932236190591,0.27194801871631485,Calculation,
