model,class_name,mae_mean,te_mean,mse_mean,mape_mean,r2_mean,params,mae_sd,te_sd,mse_sd,mape_sd,r2_sd
ridge,Ridge,122.57646219444626,-1724.337353929139,37107.263110040585,0.10250960879787675,0.95151894468231,{'alpha': 0.1},13.877824068453084,2701.606437491905,15266.559852797214,0.012037870084115861,0.012936645304029678
linear,LinearRegression,122.62446153241841,-1713.553838135059,37172.31305365733,0.1025881439505646,0.9514361989800898,{},13.917626410404381,2695.056031870455,15331.39415062545,0.011988940661042023,0.012995379719737079
cb,CatBoostRegressor,117.27427158326154,-1835.9407958423292,38605.329350096705,0.10063290623534797,0.9501580621975592,"{'depth': 6, 'l2_leaf_reg': 1, 'learning_rate': 0.05}",13.910577414181017,3004.25791235678,18617.30850303221,0.011582312327465677,0.015449011334028033
lasso,Lasso,125.44153269935904,-2730.0443513135124,38331.11469669244,0.10378223278942532,0.9498351907530601,{'alpha': 0.005},14.282564196124115,2721.4127955620156,14300.852699013249,0.011917209723959463,0.011319571173499793
gb,GradientBoostingRegressor,125.84612377511715,-2357.0237426262174,43999.75433477146,0.11056999187362672,0.943099595785018,"{'learning_rate': 0.05, 'max_depth': 3}",13.804110734835975,3196.6355242715267,20842.793605147195,0.012412857020376486,0.0171280132056274
rf,RandomForestRegressor,127.48837718273792,-2796.5407297890024,45222.280327739245,0.10666613006166449,0.9416258473998429,"{'max_depth': 10, 'n_estimators': 200}",16.9728328346388,3230.913572639268,21915.371804344428,0.011546517498314951,0.017847362515290142
