model,mae,te,mse,mape,r2,class_name,params
gb,129.5716300538325,-10645.412710873858,41505.37794500712,0.1078068526226616,0.9522850182067171,GradientBoostingRegressor,"{'learning_rate': 0.05, 'max_depth': 3}"
cb,131.08714751726967,-9544.654778772294,42741.78294487739,0.10175085178847312,0.9508636351238766,CatBoostRegressor,"{'depth': 6, 'l2_leaf_reg': 7, 'learning_rate': 0.1}"
rf,133.65666572755643,-16217.58704004365,44607.333783099995,0.10300495411806053,0.9487189799324898,RandomForestRegressor,"{'max_depth': 50, 'n_estimators': 200}"
linear,134.13734760557435,-9786.775927584593,44135.43016245416,0.10053630471460194,0.9492614848747922,LinearRegression,{}
ridge,136.59700490360459,-13167.779050997953,44449.692443987784,0.10162522307707572,0.9489002059325414,Ridge,{'alpha': 10}
lasso,137.2320853340246,-15671.266958559232,44756.38006189962,0.10152538990011094,0.9485476348964632,Lasso,{'alpha': 0.005}
eng,265.39022007012505,43568.3326546733,324343.0829126224,0.18528640271209848,0.6271320715002742,Calculation,
