r2,mse,mae,mape,class_name,params
0.8592235716587958,117670.61637656833,206.88855805922142,0.16793903954716818,GradientBoostingRegressor,"{'learning_rate': 0.005, 'max_depth': 6}"
0.7199216555674715,234108.73405045868,279.43178502793603,0.22554207258329884,Ridge,{'alpha': 100}
0.711016278612309,241552.46030298038,275.8408315013246,0.2210225215169158,Lasso,{'alpha': 0.01}
0.7099313575074467,242459.31194450424,275.20549158941895,0.22022417310065565,LinearRegression,{}
0.2083145593570258,661745.1151056599,347.1932236190591,0.27194801871631485,Calculation,
