model,class_name,r2,mse,mae,mape,params
gb,GradientBoostingRegressor,0.9793412068523065,17268.039485937188,86.10038891169573,0.07384475159239304,"{'learning_rate': 0.01, 'max_depth': 3}"
ridge,Ridge,0.9643003000627605,29840.263356390125,113.88667952988946,0.09664867395693873,{'alpha': 1}
linear,LinearRegression,0.9641143077933872,29995.728481029993,113.64692661986543,0.0965398385427958,{}
lasso,Lasso,0.9597290802351209,33661.20313337762,118.78871656522482,0.1005804265063517,{'alpha': 0.005}
