model,r2,mse,mae,mape,class_name,params
rf,0.9597163857165185,35850.90723834013,123.47312414487115,0.10795861236417126,RandomForestRegressor,"{'max_depth': 50, 'n_estimators': 200}"
cb,0.9540164922510296,40923.598840976665,128.0221160298559,0.11114872956907874,CatBoostRegressor,"{'depth': 6, 'l2_leaf_reg': 1, 'learning_rate': 0.05}"
lasso,0.9404859852789607,52965.243042258466,145.44361807691834,0.12247688644850417,Lasso,{'alpha': 0.005}
gb,0.9400587570784468,53345.460131977445,143.68779161987476,0.1293813606066469,GradientBoostingRegressor,"{'learning_rate': 0.01, 'max_depth': 4}"
ridge,0.9392124460407907,54098.645243230836,145.74211744295292,0.1264639817887192,Ridge,{'alpha': 1000}
eng,0.6999647155290702,267020.16050747165,245.82138729567131,0.19524065961190543,Calculation,
linear,-113.6733468874013,102054981.78588268,6665.666950959609,5.060015425684739,LinearRegression,{}
