r2,mse,mae,mape,class_name,params
0.7755170596273097,187638.273473283,254.46665545711411,0.2042994904314343,GradientBoostingRegressor,"{'learning_rate': 0.005, 'max_depth': 3}"
0.6989449105845181,251642.5395376643,283.9413833568756,0.23090745911956295,Ridge,{'alpha': 100}
0.6889188042242675,260023.04847065307,280.6540067463135,0.22584234005461581,Lasso,{'alpha': 0.01}
0.6858621687815171,262577.9944997934,279.6984272698101,0.22481973206784084,LinearRegression,{}
0.2083145593570258,661745.1151056599,347.1932236190591,0.27194801871631485,Calculation,
