model,class_name,r2,mse,mae,mape,params
gb,GradientBoostingRegressor,0.8726836730740936,106419.73830918082,199.78535952163912,0.16372916840693064,"{'learning_rate': 0.005, 'max_depth': 5}"
ridge,Ridge,0.7413198808170187,216222.62638209216,274.45073778192716,0.227010627276663,{'alpha': 100}
lasso,Lasso,0.7318668141739876,224124.14932624737,271.3335146003055,0.22184609123730903,{'alpha': 0.01}
linear,LinearRegression,0.731822553066414,224161.14580265366,269.35593250271813,0.22031616291488765,{}
