model,mae,te,mse,mape,r2,class_name,params
cb,157.08927561120586,2067.968063289338,53022.54805790279,0.10731477592861031,0.9646901426732972,CatBoostRegressor,"{'learning_rate': 0.05, 'depth': 6, 'l2_leaf_reg': 15}"
rf,163.55426751601757,4732.116230575018,56124.44732819874,0.11038098569196696,0.9626244626053317,RandomForestRegressor,"{'max_depth': 10, 'n_estimators': 200}"
ridge,168.7002222463631,1430.455055314152,57348.475341873236,0.11651795350622414,0.9618093328895826,Ridge,{'alpha': 1000}
gb,177.65260531103127,10152.75972602301,71295.08290114897,0.11897955776271119,0.9525217233508678,GradientBoostingRegressor,"{'learning_rate': 0.005, 'max_depth': 6}"
lasso,178.16339502878373,-23106.40780999796,74113.42903222493,0.11356271658630061,0.9506448727763371,Lasso,{'alpha': 0.005}
linear,198.2982708757451,16174.11500592907,85026.08354573233,0.1317218361160762,0.9433776951690529,LinearRegression,{}
eng,310.819081961299,-36484.38547335662,205986.92553401043,0.19245713276919676,0.862824982612506,Calculation,
