model,r2,mse,mae,mape,class_name,params
lasso,0.9535642521821244,41326.07555634002,131.37378855713348,0.11081858049800075,Lasso,{'alpha': 0.005}
gb,0.9331877764452574,59460.37543186682,137.26392546034765,0.11504127575467353,GradientBoostingRegressor,"{'learning_rate': 0.05, 'max_depth': 3}"
eng,0.6999647155290702,267020.16050747165,245.82138729567131,0.19524065961190543,Calculation,
ridge,-0.23582459437463932,1099837.581206119,625.5020153431739,0.4480050484802334,Ridge,{'alpha': 0.005}
linear,-7.223020064882613,7318179.731603722,1347.6037141843235,0.9192898330565081,LinearRegression,{}
