model,mae,te,mse,mape,r2,class_name,params
cb,99.61941987601779,1724.7791747185975,22990.390595970683,0.10236736312992484,0.9601739777388199,CatBoostRegressor,"{'depth': 6, 'l2_leaf_reg': 7, 'learning_rate': 0.05}"
gb,100.7580688540303,4807.247041954573,23770.907243621863,0.10622377878055238,0.9588218966049732,GradientBoostingRegressor,"{'learning_rate': 0.005, 'max_depth': 6}"
rf,98.95418685909733,5596.328465979079,23957.644230707876,0.10421870354071651,0.9584984140015077,RandomForestRegressor,"{'max_depth': 10, 'n_estimators': 200}"
linear,120.01232005715946,-4219.4123182537105,31075.96224446507,0.12628479595967523,0.9461674233428392,LinearRegression,{}
ridge,116.30782064618191,13659.91886362434,31420.011409816278,0.11581795978838151,0.9455714304361064,Ridge,{'alpha': 1000}
lasso,141.72345972603233,36759.61838194504,42722.10769102334,0.14004215170406384,0.9259929227889921,Lasso,{'alpha': 0.005}
eng,489.77705754034855,232086.75863626137,1569399.7501911845,0.3922135089140644,-1.718655393299798,Calculation,
