model,class_name,r2,mse,mae,mape,params
gb,GradientBoostingRegressor,0.99742735784741,2150.391165471816,30.258589631853003,0.024408302032869922,"{'learning_rate': 0.1, 'max_depth': 3}"
ridge,Ridge,0.9645331880489989,29645.599567783738,113.52982723585752,0.09648358116093812,{'alpha': 1}
linear,LinearRegression,0.9643653456101442,29785.893816379838,113.42852859321077,0.09648905345125064,{}
lasso,Lasso,0.9599358091445982,33488.40489941415,118.60799972801402,0.10048667676337314,{'alpha': 0.005}
