r2,mse,mae,mape,class_name,params
0.9996620564052472,299.801062189752,10.820644652742605,0.008273592204299752,GradientBoostingRegressor,"{'learning_rate': 0.05, 'max_depth': 6}"
0.9979441833896292,1823.7836521428903,29.810803581579183,0.02327486327671533,CatBoostRegressor,"{'depth': 6, 'l2_leaf_reg': 1, 'learning_rate': 0.05}"
0.9862415951467941,12205.540963264508,58.623812219336315,0.04437415093569187,RandomForestRegressor,"{'max_depth': 30, 'n_estimators': 200}"
0.9591112468249611,36273.78007403663,119.29261387850086,0.09633003896693634,Ridge,{'alpha': 1}
0.9588550050213893,36501.10074553637,119.2387168637984,0.09585876890774671,LinearRegression,{}
0.9563815314110382,38695.40188689712,122.68968377209538,0.09862238207346426,Lasso,{'alpha': 0.005}
0.2745804455922818,643543.9414194401,310.64385760665516,0.22783015218003508,Calculation,
