model,class_name,mae_mean,te_mean,mse_mean,mape_mean,r2_mean,params,mae_sd,te_sd,mse_sd,mape_sd,r2_sd
gb,GradientBoostingRegressor,0.011012780034157553,-0.0792055651105171,0.0013970252118726356,0.10530318543922454,0.7424155733598294,"{'learning_rate': 0.005, 'max_depth': 6}",0.0028121852453627722,0.4956681298432055,0.0035627555229762087,0.009113972528543587,0.1854155344318653
rf,RandomForestRegressor,0.010982490941642106,-0.07025675212422186,0.0013944120273306493,0.10159770287466302,0.684873716227123,"{'max_depth': 50, 'n_estimators': 1000}",0.002790423637126638,0.5009932384071905,0.0032657215451509106,0.008213405009474917,0.30994969352354623
ridge,Ridge,0.012639340075324619,-0.0859586738793937,0.0016301105552584392,0.12453468038410807,0.675209797483701,{'alpha': 1000},0.0029597332789625596,0.5327614831075924,0.004029620426462712,0.009832111022145377,0.20379284461585712
linear,LinearRegression,0.01352567983523928,-0.08719390746184863,0.0016082625935009366,0.1348144912306708,0.6448685163839669,{},0.0024992230772240063,0.5655225831164793,0.0038632970523218304,0.01170431430915913,0.18339590679798284
lasso,Lasso,0.013367249696815742,-0.09310524080390178,0.0017083998375093336,0.13064008568821384,0.6405397865258237,{'alpha': 0.005},0.003084325855349346,0.5150405169014923,0.004139751319551205,0.009457541135248757,0.20698420178142393
cb,CatBoostRegressor,0.011239851130472735,-0.08613978231445248,0.0016343093370815606,0.10351804737152324,0.5088517294511666,"{'depth': 8, 'l2_leaf_reg': 1, 'learning_rate': 0.05}",0.003003516810479647,0.5349774846957267,0.0034065310828324514,0.008792861046729045,0.930395139440674
