model,class_name,mae_mean,te_mean,mse_mean,mape_mean,r2_mean,params,mae_sd,te_sd,mse_sd,mape_sd,r2_sd
linear,LinearRegression,513.4092781803473,12854.732961533224,4770024.532295692,0.400547736429742,-2.8045819228678934,{},263.3439783241266,29465.239189901593,9355268.20335792,0.10862395559195259,6.837897491466508
linearstruct,LinearRegression,422486690.18008995,45238391650.5798,8.440608595011702e+19,72522.17661077646,-56470535261275.164,{'fit_intercept': False},1128653504.9251738,120781769189.19781,2.675462703384927e+20,196167.15506961697,174632579471683.62
