model,class_name,r2,mse,mae,mape,params
cb,CatBoostRegressor,0.9993109528692257,575.9529599245433,16.53436744426587,0.013323489260302052,"{'depth': 6, 'l2_leaf_reg': 1, 'learning_rate': 0.1}"
gb,GradientBoostingRegressor,0.9919523612620815,6726.769685984744,53.13511121300928,0.04353287611004551,"{'learning_rate': 0.05, 'max_depth': 3}"
rf,RandomForestRegressor,0.9897003707914949,8609.138132681033,52.65530342940243,0.04326939919334031,"{'max_depth': 30, 'n_estimators': 200}"
ridge,Ridge,0.9643003000627605,29840.263356390125,113.88667952988946,0.09664867395693873,{'alpha': 1}
linear,LinearRegression,0.9641143077933872,29995.728481029993,113.64692661986543,0.0965398385427958,{}
lasso,Lasso,0.9597290802351209,33661.20313337762,118.78871656522482,0.1005804265063517,{'alpha': 0.005}
