model,class_name,r2_mean,mse_mean,mae_mean,mape_mean,params,r2_sd,mse_sd,mae_sd,mape_sd
gb,GradientBoostingRegressor,0.782866693680699,182714.18909799357,251.25879877335757,0.20496633298633807,"{'learning_rate': 0.01, 'max_depth': 3}",0.05045946571293325,73412.03634834706,24.07046419031978,0.01755550288177417
ridge,Ridge,0.7365667287186782,216503.97370456287,259.6565016998865,0.207739566438208,{'alpha': 10},0.11357013140193718,105996.1773305444,26.02055820230696,0.020071320690047887
linear,LinearRegression,0.7353661092606166,217228.70039489906,258.40417134820206,0.20755352625447226,{},0.12289161605684823,112732.46680529455,26.859296390388753,0.02067071222435785
lasso,Lasso,0.7314978799828984,221074.33806023587,263.8540764948711,0.20883829268741014,{'alpha': 0.01},0.09995191091236412,96912.07083870786,24.902868578348635,0.019173459773931974
