model,r2,mse,mae,mape,class_name,params
rf,0.9598121236740249,35765.70404357229,123.59372871837395,0.10643680454752813,RandomForestRegressor,"{'max_depth': 10, 'n_estimators': 700}"
cb,0.9560190095328351,39141.433496825266,129.05292984783316,0.11151757784150935,CatBoostRegressor,"{'depth': 6, 'l2_leaf_reg': 1, 'learning_rate': 0.01}"
lasso,0.9445473063325835,49350.81948696545,149.40249957861593,0.13041783115478145,Lasso,{'alpha': 0.005}
ridge,0.9309939986228402,61412.755490407406,148.12222596334857,0.13140455372561563,Ridge,{'alpha': 1000}
gb,0.9227288215843453,68768.45334885504,165.0201458317435,0.14736421180163292,GradientBoostingRegressor,"{'learning_rate': 0.005, 'max_depth': 5}"
linear,0.8096335975798773,169418.96490303005,214.00751844402402,0.1796212387658112,LinearRegression,{}
eng,0.6999647155290702,267020.16050747165,245.82138729567131,0.19524065961190543,Calculation,
