model,mae,te,mse,mape,r2,class_name,params
gb,109.36851893347703,634.6794727044137,23208.50664602885,0.1073873551479294,0.9591638451953933,GradientBoostingRegressor,"{'learning_rate': 0.005, 'max_depth': 6}"
cb,110.83793714848328,-1195.4415947991317,24423.63981488334,0.10827167003584211,0.9570257771607555,CatBoostRegressor,"{'learning_rate': 0.05, 'depth': 8, 'l2_leaf_reg': 15}"
rf,113.68654191350922,1891.751058201289,26263.274347793897,0.11600243564123203,0.9537888777895205,RandomForestRegressor,"{'max_depth': 50, 'n_estimators': 700}"
ridge,123.5585214421675,2366.6595767861368,32911.240955529596,0.11513359190721598,0.9420915550074102,Ridge,{'alpha': 1000}
linear,130.62923421976797,-128.35871106871252,36753.415450174725,0.1219091591947425,0.9353311186362709,LinearRegression,{}
lasso,145.1553743921231,4251.164948710858,44934.18035118505,0.12822291348882675,0.9209367852561474,Lasso,{'alpha': 0.005}
eng,501.8676891331509,103612.6042334548,1339585.4509771145,0.37663947265286646,-1.3570460471423935,Calculation,
