r2,mse,mae,mape,class_name,params
0.8277164524384041,144006.43255402968,224.83722543199988,0.1743053238657722,GradientBoostingRegressor,"{'learning_rate': 0.005, 'max_depth': 3}"
0.7605750105247833,200127.86529302807,257.21248141904806,0.19748184187374437,Lasso,{'alpha': 0.01}
0.760103331409091,200522.12712314737,257.2795155005743,0.19713928921124863,LinearRegression,{}
0.7573848133194667,202794.45142492335,261.5843739740142,0.2007506173855369,Ridge,{'alpha': 100}
0.2083145593570258,661745.1151056599,347.1932236190591,0.27194801871631485,Calculation,
