model,r2,mse,mae,mape,class_name,params
ridge,0.9535335881333455,40314.916770654185,130.9581955217813,0.10922628041059866,Ridge,{'alpha': 1}
linear,0.9534554436031886,40382.71607132749,131.62699779593,0.10941296745898856,LinearRegression,{}
lasso,0.9508128175410147,42675.49585510409,132.30834832897173,0.10937065662616931,Lasso,{'alpha': 0.005}
eng,0.5798127006386535,364560.44960930356,260.24568481368965,0.20372183714319292,Calculation,
