r2,mse,mae,mape,class_name,params
0.9995257048489182,389.89036551599025,12.575966122956023,0.010693253158633868,GradientBoostingRegressor,"{'learning_rate': 0.1, 'max_depth': 4}"
0.9611658149441191,31923.31730868498,113.5890783518451,0.10174374629422961,LinearRegression,{}
0.9603973199007355,32555.052237196654,116.81392740394777,0.10608892159661479,Ridge,{'alpha': 100}
0.9600256184956278,32860.60627115569,116.9469265130997,0.10460918821977713,Lasso,{'alpha': 0.005}
0.7745332244393924,185343.07874441554,228.2785647729296,0.19193855751216402,Calculation,
