r2,mse,mae,mape,class_name,params
0.9790395512663745,17520.183961743984,86.50116972143344,0.07397554723656978,GradientBoostingRegressor,"{'learning_rate': 0.01, 'max_depth': 3}"
0.9643003000627605,29840.263356390125,113.88667952988946,0.09664867395693873,Ridge,{'alpha': 1}
0.9641143077933872,29995.728481029993,113.64692661986543,0.0965398385427958,LinearRegression,{}
0.9597290802351209,33661.20313337762,118.78871656522482,0.1005804265063517,Lasso,{'alpha': 0.005}
0.2083145593570258,661745.1151056599,347.1932236190591,0.27194801871631485,Calculation,
