model,class_name,r2,mse,mae,mape,params
cb,CatBoostRegressor,0.9968638366504815,2621.4209207027943,35.84031739627222,0.029816537814372365,"{'depth': 6, 'l2_leaf_reg': 1, 'learning_rate': 0.05}"
rf,RandomForestRegressor,0.9890031067909295,9191.959317239447,53.27596986868394,0.04329458816891455,"{'max_depth': 50, 'n_estimators': 1000}"
gb,GradientBoostingRegressor,0.9807097838778496,16124.088726196795,82.52716766432398,0.07013858525246527,"{'learning_rate': 0.01, 'max_depth': 3}"
ridge,Ridge,0.9651760108670784,29108.28406606494,112.64557467053817,0.09612014298323027,{'alpha': 1}
linear,LinearRegression,0.9649515450175714,29295.9080538177,112.62444885902542,0.09616197094005863,{}
lasso,Lasso,0.9604765134201969,33036.4470955626,117.90122235325694,0.09999849971438811,{'alpha': 0.005}
