,cb,gb,lasso,linear,rf,ridge,mean,sd
rel_power_ship_sum,2,2,2,2,3,2,2.1666666666666665,0.3726779962499649
rel_power_ship_squared_sum,3,3,1,1,5,1,2.3333333333333335,1.4907119849998598
cal_fc,1,1,3,5,1,5,2.6666666666666665,1.7950549357115013
rel_power_ship_cubed_sum,4,4,4,3,2,3,3.3333333333333335,0.7453559924999298
ME_W_ref_first,5,5,5,4,4,4,4.5,0.5
ME_SFC_base_first,6,6,6,6,6,6,6.0,0.0
