model,r2,corr,mse,mae,mape,class_name,params
cb,0.9575340359183537,0.9788669621983237,0.023269586885368943,0.10487385366709831,0.015721832135133156,CatBoostRegressor,"{'depth': 6, 'l2_leaf_reg': 1, 'learning_rate': 0.01}"
ridge,0.9565546268679996,0.9791991812222343,0.023806262420385953,0.10734214655339315,0.016067391516611403,Ridge,{'alpha': 1}
lasso,0.9563989517053642,0.9788199813856434,0.023891565952312715,0.10709103914043115,0.01603188301211145,Lasso,{'alpha': 0.005}
linear,0.9560721235872771,0.9790349760389225,0.02407065420463139,0.10789433836944458,0.01614698032095888,LinearRegression,{}
gb,0.9527782046223481,0.9771737921111727,0.0258755851700609,0.11173755974130387,0.01684913297297995,GradientBoostingRegressor,"{'learning_rate': 0.01, 'max_depth': 5}"
rf,0.9493826652238712,0.9748730864274024,0.027736199917994996,0.11595562017454383,0.017455265098717018,RandomForestRegressor,"{'max_depth': 50, 'n_estimators': 1000}"
eng,0.8258874182382063,0.927103826486711,0.0877190913486793,0.20067751470272488,0.029284960851771392,,
