model,mae,te,mse,mape,r2,class_name,params
ridge,112.48440209718352,567.0538279672824,27910.5149206704,0.10544212528663598,0.9537203348858387,Ridge,{'alpha': 1}
lasso,112.52870557013128,5359.24721040668,27626.167193639685,0.10903391099863033,0.9541918244882469,Lasso,{'alpha': 0.005}
linear,114.60381787765188,-2368.686038429999,29547.697025730122,0.1055847512669676,0.951005650482186,LinearRegression,{}
linearstruct,118.90816969646188,-758.9894842360497,31861.159932464343,0.10912275086960288,0.9471695948278204,LinearRegression,{'fit_intercept': False}
cb,137.99251030466536,10446.891439701854,51728.515624432424,0.1299364933538018,0.9142266494632666,CatBoostRegressor,"{'learning_rate': 0.05, 'depth': 6, 'l2_leaf_reg': 1}"
gb,153.99827350590684,18597.88739525577,55582.859843770275,0.15026427383223856,0.907835590028761,GradientBoostingRegressor,"{'learning_rate': 0.01, 'max_depth': 5}"
rf,241.84582203196388,38527.33398228646,143100.0331373548,0.24195601708308392,0.7627194757873323,RandomForestRegressor,"{'max_depth': 30, 'n_estimators': 1000}"
eng,639.7133524231299,125360.21122580743,2284124.959106804,0.5153681328696372,-2.7874090996462715,Calculation,
