model,class_name,r2,mse,mae,mape,params
gb,GradientBoostingRegressor,0.7767949447644885,186570.12922838266,253.83175593218894,0.20410200577649623,"{'learning_rate': 0.005, 'max_depth': 3}"
ridge,Ridge,0.6989449105845181,251642.5395376643,283.9413833568756,0.23090745911956295,{'alpha': 100}
lasso,Lasso,0.6889188042242675,260023.04847065307,280.6540067463135,0.22584234005461581,{'alpha': 0.01}
linear,LinearRegression,0.6858621687815171,262577.9944997934,279.6984272698101,0.22481973206784084,{}
