model,class_name,r2,corr,mse,mae,mape,params
gb,GradientBoostingRegressor,0.9911944680882726,0.9956153079827494,0.004436286282833261,0.04828425203076431,0.007164240458612805,"{'learning_rate': 0.01, 'max_depth': 6}"
ridge,Ridge,0.966679743779438,0.9831989408599587,0.016786969497538305,0.09689369376841961,0.014316918418310697,{'alpha': 1}
linear,LinearRegression,0.9666581891322521,0.9831887743945819,0.016797828873962205,0.09711375408772596,0.014351431040728483,{}
lasso,Lasso,0.9657304132916944,0.9827621264080274,0.017265248591052614,0.09923274670006565,0.014662800980952058,{'alpha': 0.005}
