model,class_name,r2,mse,mae,mape,params
gb,GradientBoostingRegressor,0.9787109172626147,17794.878853782277,81.6814951421808,0.06914265583114558,"{'learning_rate': 0.05, 'max_depth': 3}"
linear,LinearRegression,0.9310584262586363,57626.106669325556,150.48922454511958,0.12271659181156504,{}
ridge,Ridge,0.9310524691416645,57631.086037208115,150.48854614444926,0.12271434940380359,{'alpha': 0.005}
lasso,Lasso,0.9135026814566937,72300.40503117486,162.45031527422032,0.1294756995864444,{'alpha': 0.005}
