model,r2,mse,mae,mape,class_name,params
gb,0.8043564064483606,188006.9656039046,254.3079964795014,0.1941087743276702,GradientBoostingRegressor,"{'learning_rate': 0.005, 'max_depth': 5}"
lasso,0.7929917119421399,198928.05783259528,261.7514160162643,0.20646709741643407,Lasso,{'alpha': 0.01}
linear,0.7862818038270786,205376.05564991568,261.55488135702586,0.20608670234076243,LinearRegression,{}
ridge,0.7818335594051719,209650.670120266,273.5893212067482,0.21805247322282678,Ridge,{'alpha': 100}
eng,0.514774542636733,466285.4746049015,309.6549941966246,0.22778769011231972,Calculation,
