model,mae,te,mse,mape,r2,class_name,params
lasso,107.75523595057544,-3751.715271313359,31047.624385239385,0.10780493234715598,0.9559275124891277,Lasso,{'alpha': 0.005}
ridge,118.47718947872939,18840.187210638684,38226.96123940114,0.11616014705834782,0.9457363548689711,Ridge,{'alpha': 0.1}
linear,119.17297207411097,19106.30496897074,39182.75816545127,0.11630043478170131,0.9443795892896277,LinearRegression,{}
cb,120.93079543581425,5890.345160474461,40717.69127743928,0.11831762171183922,0.9422007327185505,CatBoostRegressor,"{'depth': 6, 'l2_leaf_reg': 1, 'learning_rate': 0.05}"
gb,124.5630816609463,-8676.300861767795,43997.46543761276,0.11928902160554562,0.9375450526600966,GradientBoostingRegressor,"{'learning_rate': 0.01, 'max_depth': 6}"
rf,134.76665228104702,-8941.712062963237,51650.82360673282,0.13423265462329007,0.926681015909989,RandomForestRegressor,"{'max_depth': 30, 'n_estimators': 1000}"
eng,280.36831545588603,61370.60138610492,386275.95861115825,0.24234791026494437,0.45167649059378234,Calculation,
