model,mae,te,mse,mape,r2,class_name,params
linear,133.1601710559953,6452.799929335638,42408.517703911835,0.13063451261488168,0.9265361515677922,LinearRegression,{}
ridge,133.44901210023568,7313.18940366149,42626.29806209385,0.13113600098938752,0.9261588928449881,Ridge,{'alpha': 0.1}
cb,171.9138293865569,48535.237970756236,85424.26408055324,0.16660050157628759,0.8520204070167776,CatBoostRegressor,"{'depth': 6, 'l2_leaf_reg': 7, 'learning_rate': 0.1}"
lasso,175.2841983713951,53112.58254976963,78892.3589196477,0.17880752054832805,0.8633355605919297,Lasso,{'alpha': 0.005}
gb,184.4412175816972,55146.81187642826,99346.85640688783,0.17808943938492347,0.8279024404425553,GradientBoostingRegressor,"{'learning_rate': 0.05, 'max_depth': 3}"
rf,217.9664200935536,66245.32067356147,122251.40518784572,0.21422552853593682,0.7882251210936362,RandomForestRegressor,"{'max_depth': 30, 'n_estimators': 700}"
eng,489.77705754034855,232086.75863626137,1569399.7501911845,0.3922135089140644,-1.718655393299798,Calculation,
