model,class_name,mae,te,mse,mape,r2,params
gb,GradientBoostingRegressor,0.008543301356855526,0.5092872511603888,0.00015387365082658014,0.10375003269032053,0.7557772399589576,"{'learning_rate': 0.005, 'max_depth': 6}"
linear,LinearRegression,0.01007242717440468,-0.13144805841987922,0.00018280745056749068,0.12175603344523489,0.7098545469362004,{}
lasso,Lasso,0.011031036796132135,2.1017964757359007,0.0002100532362854405,0.1366644050575881,0.6666110094508657,{'alpha': 0.005}
ridge,Ridge,0.009135744851972752,0.6698179346792961,0.00015418633909826865,0.11218859735231825,0.755280952307797,{'alpha': 1000}
rf,RandomForestRegressor,0.008678008074689872,0.7219734783813969,0.0003518438085786316,0.10208310311543221,0.4415660798789448,"{'max_depth': 10, 'n_estimators': 200}"
cb,CatBoostRegressor,0.00846020572834002,0.18976795958786843,0.0001951169157109543,0.10057899621133419,0.6903174037293116,"{'depth': 6, 'l2_leaf_reg': 7, 'learning_rate': 0.05}"
