model,mae,te,mse,mape,r2,class_name,params
cb,99.27813339305783,232.54724550852552,22854.181419388067,0.10057899621133419,0.9604099315246467,CatBoostRegressor,"{'depth': 6, 'l2_leaf_reg': 7, 'learning_rate': 0.05}"
gb,99.90659555838691,3269.578615751542,23456.580106254973,0.10375003269032053,0.9593664023417422,GradientBoostingRegressor,"{'learning_rate': 0.005, 'max_depth': 6}"
rf,97.94894868581169,4123.790031225011,23848.152338706364,0.10208310311543223,0.9586880857041292,RandomForestRegressor,"{'max_depth': 10, 'n_estimators': 200}"
linear,118.42441531861472,-5868.472061375527,30487.808369101393,0.12175603344523489,0.947186276382132,LinearRegression,{}
ridge,114.62521361845089,12042.04735782094,30915.02889422138,0.11218859735231825,0.9464462065658826,Ridge,{'alpha': 1000}
lasso,139.7085329579906,35162.53969881541,42274.498733878114,0.1366644050575881,0.926768311280856,Lasso,{'alpha': 0.005}
eng,489.77705754034855,232086.75863626137,1569399.7501911845,0.3922135089140644,-1.718655393299798,Calculation,
