model,class_name,best_cv_mean_score,best_cv_std_score,best_params
cb,CatBoostRegressor,0.7381818593718398,0.034469979359751005,"{'depth': 6, 'l2_leaf_reg': 15, 'learning_rate': 0.01}"
gb,GradientBoostingRegressor,0.7307264638781995,0.03368866026342542,"{'learning_rate': 0.005, 'max_depth': 3}"
ridge,Ridge,0.678900550703984,0.042541348083956106,{'alpha': 100}
rf,RandomForestRegressor,0.6785314129969786,0.041607277242747605,"{'max_depth': 10, 'n_estimators': 700}"
lasso,Lasso,0.668745151962485,0.03946731758640381,{'alpha': 0.1}
linear,LinearRegression,0.6616979391641644,0.08335751870963813,{}
