model,class_name,r2,mse,mae,mape,params
cb,CatBoostRegressor,0.9903986942051535,8025.43141783079,61.545412224733504,0.05075677194642161,"{'depth': 6, 'l2_leaf_reg': 7, 'learning_rate': 0.1}"
gb,GradientBoostingRegressor,0.9869695821203678,10891.719030008911,64.78303395655428,0.05493283004439344,"{'learning_rate': 0.05, 'max_depth': 4}"
rf,RandomForestRegressor,0.9814122204224444,15536.943973755964,70.48267623497257,0.055412580009778334,"{'max_depth': 50, 'n_estimators': 200}"
linear,LinearRegression,0.9310584262586363,57626.106669325556,150.48922454511958,0.12271659181156504,{}
ridge,Ridge,0.9310524691416645,57631.086037208115,150.48854614444926,0.12271434940380359,{'alpha': 0.005}
lasso,Lasso,0.9135026814566937,72300.40503117486,162.45031527422032,0.1294756995864444,{'alpha': 0.005}
