model,mae,te,mse,mape,r2,class_name,params
gb,108.48148556565343,1721.4262491611626,25210.477205349147,0.10259677052984785,0.9556413100783544,GradientBoostingRegressor,"{'learning_rate': 0.005, 'max_depth': 6}"
cb,111.84180195547975,1236.933233255364,28029.322165574154,0.10456233636049017,0.9506814567400255,CatBoostRegressor,"{'learning_rate': 0.01, 'depth': 8, 'l2_leaf_reg': 1}"
rf,113.67137269500704,991.491512121454,29611.3413653442,0.11309907560248174,0.9478978402871883,RandomForestRegressor,"{'max_depth': 10, 'n_estimators': 700}"
linear,126.18022897303099,-3536.9052429660032,33657.76576805748,0.12119853837794248,0.9407780192735165,LinearRegression,{}
ridge,125.15770049709354,2375.8946980651176,34105.79000458304,0.11570117105086143,0.9399897054298895,Ridge,{'alpha': 1000}
lasso,144.97879782490602,4102.338220865742,44853.93445719544,0.12791358623949656,0.9210779806290068,Lasso,{'alpha': 0.005}
eng,501.8676891331509,103612.6042334548,1339585.4509771145,0.37663947265286646,-1.3570460471423935,Calculation,
