model,r2,corr,mse,mae,mape,class_name,params
lasso,0.9558040738146378,0.978482246265617,0.02421753436169177,0.10820757596731037,0.01617988328726877,Lasso,{'alpha': 0.005}
ridge,0.9549242513125661,0.9784112163590262,0.02469964059896685,0.10906678560416441,0.01632709332843937,Ridge,{'alpha': 0.01}
linear,0.9543030808871162,0.9780538152720726,0.025040016226795168,0.10933084364784962,0.016381486384500862,LinearRegression,{}
gb,0.9510707427367528,0.9761606793894092,0.026811203460132535,0.11179219524632827,0.016837162816617103,GradientBoostingRegressor,"{'learning_rate': 0.01, 'max_depth': 6}"
eng,0.8258874182382063,0.927103826486711,0.0877190913486793,0.20067751470272488,0.029284960851771392,,
