mae,te,mse,mape,r2,class_name,params
106.00272993251023,-30367.663057747195,25006.127362701503,0.09048806825168282,0.972422467430993,RandomForestRegressor,"{'max_depth': 10, 'n_estimators': 200}"
157.23704388489787,-37109.39932743067,62201.316061376114,0.13410965220813512,0.931402460099588,GradientBoostingRegressor,"{'learning_rate': 0.01, 'max_depth': 3}"
168.03705874748422,-41706.59405418992,63586.3259929205,0.1411090485069071,0.9298750282049344,CatBoostRegressor,"{'depth': 6, 'l2_leaf_reg': 1, 'learning_rate': 0.01}"
214.872286203811,-97902.2147428461,118604.2780679955,0.18212052151813599,0.8691995248283678,LinearRegression,{}
214.87294994387682,-97904.35864885867,118605.32922474861,0.18212097073940364,0.8691983655801094,Ridge,{'alpha': 0.005}
216.6015465200804,-106629.16376144037,123313.0112622595,0.18290555497107067,0.8640065878677543,Lasso,{'alpha': 0.005}
344.81961533094756,217270.66187780065,691069.4175615257,0.2663866918498734,0.23786721974894476,Calculation,
