model,r2,mse,mae,mape,class_name,params
lasso,0.9450479816897663,48905.23717996172,149.48008224004303,0.13227119638296117,Lasso,{'alpha': 0.005}
ridge,0.9307598339796479,61621.15324842649,149.55786780820964,0.1351851777150274,Ridge,{'alpha': 1000}
gb,0.921599442040851,69773.55882339779,165.41634567429782,0.15188369611811503,GradientBoostingRegressor,"{'learning_rate': 0.005, 'max_depth': 6}"
eng,0.6999647155290702,267020.16050747165,245.82138729567131,0.19524065961190543,Calculation,
linear,0.4658869767145126,475340.57688684954,449.24345170103675,0.3518351573878773,LinearRegression,{}
