model,class_name,r2,mse,mae,mape,params
gb,GradientBoostingRegressor,0.9983170065178347,1493.0397896154898,24.72029995158475,0.01905054066314191,"{'learning_rate': 0.1, 'loss': 'squared_error', 'max_depth': 3, 'max_features': 'sqrt', 'min_samples_leaf': 20, 'min_samples_split': 20, 'n_estimators': 2000, 'warm_start': True}"
ridge,Ridge,0.95890170837904,36459.66863541827,119.18629947377448,0.09584132720026761,{'alpha': 0.01}
linear,LinearRegression,0.9588550050213771,36501.10074554719,119.23871686383401,0.09585876890777212,{}
lasso,Lasso,0.954170409720519,40656.96186832957,126.19585996600021,0.10073937510631258,{'alpha': 0.01}
