model,class_name,mae,te,mse,mape,r2,params
gb,GradientBoostingRegressor,0.017087789625314178,0.08261679941492273,0.004602340613502428,0.14100378249207138,0.1995690161393755,"{'learning_rate': 0.005, 'max_depth': 6}"
linear,LinearRegression,0.016247398050371238,-1.0998645774411822,0.004609403074788476,0.13387365013003288,0.19834072529556346,{}
lasso,Lasso,0.018751100810767585,-4.399019727966252,0.004821310935367525,0.15078390568412428,0.16148608293522604,{'alpha': 0.005}
ridge,Ridge,0.01625484231418883,-1.121726037625765,0.004612414069335976,0.1339274173437834,0.19781705842028208,{'alpha': 10}
rf,RandomForestRegressor,0.016848994873435143,-0.5438708763608857,0.004543676529620301,0.1357747577836006,0.209771770416469,"{'max_depth': 10, 'n_estimators': 700}"
cb,CatBoostRegressor,0.01712566507370748,-0.14849182515618875,0.004685943814488602,0.14353284878482464,0.1850288944841174,"{'depth': 8, 'l2_leaf_reg': 1, 'learning_rate': 0.01}"
