model,mae,te,mse,mape,r2,class_name,params
cb,120.14716822344487,-3745.0675627480678,43839.346208635725,0.0931308236341329,0.9448219633020893,CatBoostRegressor,"{'depth': 6, 'l2_leaf_reg': 7, 'learning_rate': 0.05}"
ridge,124.13712645620268,-9741.614825106324,39272.85025546253,0.09864001689363623,0.9505695463085945,Ridge,{'alpha': 1}
linear,124.66007863981089,-9086.450331610098,39873.779284512326,0.09900053065681808,0.9498131918716476,LinearRegression,{}
lasso,126.78061695438075,-10395.74902380678,39664.35372968557,0.09991928552138386,0.9500767836436307,Lasso,{'alpha': 0.005}
gb,130.26011251580434,-8713.809761527496,48412.912155309685,0.10277229272246509,0.9390654817057424,GradientBoostingRegressor,"{'learning_rate': 0.05, 'max_depth': 3}"
rf,136.22799064174043,-4312.195386694841,51716.24883329522,0.10534810495474688,0.9349077638516488,RandomForestRegressor,"{'max_depth': 30, 'n_estimators': 700}"
eng,303.8041831234374,108605.0743258148,310614.0960269266,0.22922206671537074,0.6090480932837004,Calculation,
