model,r2,mse,mae,mape,class_name,params
lasso,0.9468009157233432,47345.19157455875,145.45814814958817,0.12465210463026197,Lasso,{'alpha': 0.005}
gb,0.94555314659679,48455.659341828235,141.08551365289028,0.1206311728827388,GradientBoostingRegressor,"{'learning_rate': 0.005, 'max_depth': 6}"
ridge,0.9440970185044149,49751.558781226064,142.76327584612275,0.12258767509613896,Ridge,{'alpha': 1000}
eng,0.6999647155290702,267020.16050747165,245.82138729567131,0.19524065961190543,Calculation,
linear,0.0015977628157169965,888540.5797990272,593.4011636828533,0.4491216927259268,LinearRegression,{}
