model,class_name,r2_mean,mse_mean,mae_mean,mape_mean,params,r2_sd,mse_sd,mae_sd,mape_sd
ridge,Ridge,0.9613797248947499,32797.89982782688,119.67795008433697,0.10338714449617578,{'alpha': 10},0.01024904150593512,9014.126244659143,11.649472545322576,0.017623200394897714
lasso,Lasso,0.9591275430135516,34856.94410463471,121.3542761402526,0.10327195686640579,{'alpha': 0.005},0.011235281160466931,10469.32952943969,12.99615340491164,0.017728207200234
linear,LinearRegression,0.9588032799084079,35243.156890910795,120.07057387451928,0.10104640790605064,{},0.012569975528879734,11692.026666154834,14.329648793737267,0.015747973631612688
gb,GradientBoostingRegressor,0.9464684921619997,45345.541076710666,132.42136426553878,0.11135604982235905,"{'learning_rate': 0.05, 'max_depth': 5}",0.02135551164338094,18680.586924978554,14.071204456492888,0.016021467123386184
