model,class_name,r2_mean,mse_mean,mae_mean,mape_mean,params,r2_sd,mse_sd,mae_sd,mape_sd
gb,GradientBoostingRegressor,0.8238998331217442,141974.57566308917,237.51562735797572,0.19901050572638201,"{'learning_rate': 0.01, 'max_depth': 3}",0.03768715615320121,27464.66415693085,17.10888340293918,0.016680582360019423
linear,LinearRegression,0.8104764552429061,156365.4263886653,244.92993571091594,0.1993934654148944,{},0.027812475112801105,41603.69428191856,18.220519928796385,0.01178681386787443
ridge,Ridge,0.8104721930512363,156368.91346669692,244.93006730289446,0.19939314466860822,{'alpha': 0.005},0.02781384642804434,41605.11595342944,18.220391388589995,0.011786868939320702
lasso,Lasso,0.803912969909905,162020.2971586399,246.02951229247347,0.1998461136893019,{'alpha': 0.005},0.030086261886342638,44963.67802105568,18.53801982606694,0.011936450962783389
