model,mae,te,mse,mape,r2,class_name,params
rf,112.99518766947804,7821.365966496829,30426.273980468304,0.09189333842086084,0.9617042176157213,RandomForestRegressor,"{'max_depth': 30, 'n_estimators': 1000}"
cb,116.42340407138477,8386.159723824938,30432.39461695548,0.09550917404148414,0.9616965139263667,CatBoostRegressor,"{'depth': 8, 'l2_leaf_reg': 7, 'learning_rate': 0.05}"
gb,115.62553120445727,6282.54507971471,31847.22689404794,0.09472912966458402,0.9599157467831875,GradientBoostingRegressor,"{'learning_rate': 0.005, 'max_depth': 6}"
ridge,138.0223544573529,8273.75224555302,45125.93528758803,0.11027770644562816,0.9432026084176505,Ridge,{'alpha': 1000}
lasso,159.1271553983746,32925.53684194626,51146.666217353275,0.12830787892829995,0.9356246643805792,Lasso,{'alpha': 0.005}
linear,159.18245378348198,4071.2081623999757,70455.17465042538,0.12043400956728016,0.9113221672166936,LinearRegression,{}
eng,303.8041831234374,108605.0743258148,310614.0960269266,0.22922206671537074,0.6090480932837004,Calculation,
