model,class_name,r2,mse,mae,mape,params
gb,GradientBoostingRegressor,0.9804736919234419,16321.43061165336,83.18222285535408,0.07072362844262793,"{'learning_rate': 0.01, 'max_depth': 3}"
ridge,Ridge,0.9651760108670784,29108.28406606494,112.64557467053817,0.09612014298323027,{'alpha': 1}
linear,LinearRegression,0.9649515450175714,29295.9080538177,112.62444885902542,0.09616197094005863,{}
lasso,Lasso,0.9604765134201969,33036.4470955626,117.90122235325694,0.09999849971438811,{'alpha': 0.005}
