model,class_name,r2,corr,mse,mae,mape,params
gb,GradientBoostingRegressor,0.9916303564752597,0.9958352694132453,0.004216682777738736,0.04716399543138508,0.0069896429496341785,"{'learning_rate': 0.01, 'max_depth': 6}"
linear,LinearRegression,0.9665704754328152,0.9831446823261125,0.016842019626494786,0.09714543047349833,0.014362792104765439,{}
ridge,Ridge,0.9663902772039106,0.983052300552635,0.01693280470786114,0.09753035493695261,0.014405379165288466,{'alpha': 10}
lasso,Lasso,0.965668128870306,0.9827304225085869,0.01729662790203689,0.09939089793477258,0.014686489227371742,{'alpha': 0.005}
