model,mae,te,mse,mape,r2,class_name,params
eng,279.1433792121064,-58384.42941313402,178781.22865791814,0.22150885741387183,0.8552384801159073,Calculation,
gb,284.1566377793812,-142147.07081090182,211481.3579783935,0.20137656159780115,0.8287607539229861,GradientBoostingRegressor,"{'learning_rate': 0.01, 'max_depth': 3}"
cb,293.01031018077845,-148409.6241459999,233407.6921317895,0.20277920826988233,0.8110067118383697,CatBoostRegressor,"{'depth': 6, 'l2_leaf_reg': 1, 'learning_rate': 0.01}"
rf,299.54540324012726,-147168.32280799001,246396.23117509042,0.2101230111032926,0.8004897203896769,RandomForestRegressor,"{'max_depth': 10, 'n_estimators': 1000}"
linear,317.49340297404956,-160850.0206881141,276995.70889864775,0.19980234715673872,0.7757129195131303,LinearRegression,{}
ridge,317.4939649304882,-160850.21232606913,276997.7135742946,0.19980219649413788,0.7757112963008072,Ridge,{'alpha': 0.005}
lasso,321.6733486299533,-162584.8798003783,291077.56546152075,0.20002667223635573,0.764310654442384,Lasso,{'alpha': 0.005}
