model,mae,te,mse,mape,r2,class_name,params
ridge,116.39815744074971,59.227867757191234,33447.74933580366,0.09273732317641996,0.9579012622238892,Ridge,{'alpha': 0.1}
linear,116.61218646564579,63.672695054982796,33704.32702058968,0.09285878560946542,0.957578322806873,LinearRegression,{}
lasso,119.03681072679872,-6720.386339433564,34731.87639096832,0.09464832506617464,0.9562850061456747,Lasso,{'alpha': 0.005}
cb,119.72227541480541,883.205840290334,35545.136037873744,0.09641524185909643,0.9552614035027813,CatBoostRegressor,"{'depth': 6, 'l2_leaf_reg': 15, 'learning_rate': 0.05}"
gb,123.31482636451506,-655.1622355084946,42618.15051670144,0.09895088572662283,0.9463590113315968,GradientBoostingRegressor,"{'learning_rate': 0.01, 'max_depth': 4}"
rf,145.47667933844332,3129.137736586563,59487.887141149135,0.11699360990471544,0.9251260544777717,RandomForestRegressor,"{'max_depth': 50, 'n_estimators': 700}"
eng,303.8041831234374,108605.0743258148,310614.0960269266,0.22922206671537074,0.6090480932837004,Calculation,
