model,r2,mse,mae,mape,class_name,params
linear,0.8925969139886115,103210.7820702372,207.0143412719718,0.17753261739355358,LinearRegression,{}
ridge,0.8914737583583877,104290.09715592948,207.71242091860032,0.17816615755361906,Ridge,{'alpha': 10}
lasso,0.8909649094262414,104779.0840015854,207.93054636828722,0.1788038084212536,Lasso,{'alpha': 0.005}
gb,0.86943529237747,125468.3276331957,204.89098665995544,0.16567650049563906,GradientBoostingRegressor,"{'learning_rate': 0.005, 'max_depth': 3}"
eng,0.514774542636733,466285.4746049015,309.6549941966246,0.22778769011231972,Calculation,
