model,class_name,mae_mean,te_mean,mse_mean,mape_mean,r2_mean,params,mae_sd,te_sd,mse_sd,mape_sd,r2_sd
ridge,Ridge,156.9269491883858,-5349.106428421462,64599.25851031401,0.13048611708025593,0.92773175013335,{'alpha': 0.1},14.229638555359946,3856.073241547045,18343.087534249385,0.012408041067817998,0.015489839555594617
linear,LinearRegression,157.0410976987792,-5271.000152257978,64628.07268391151,0.13056461019896018,0.9276785783653824,{},14.2633888211315,3842.310334287099,18339.13783483615,0.012398230150731859,0.015596408882242015
cb,CatBoostRegressor,154.6400067285329,-3297.6644989972474,68982.41307820573,0.13376409996345223,0.9240833091231014,"{'depth': 6, 'l2_leaf_reg': 1, 'learning_rate': 0.05}",13.825962271807546,4139.902366621288,26185.095603908103,0.012837813299179405,0.020177182961543118
gb,GradientBoostingRegressor,163.3742922651282,-3456.5542743154497,75131.79495900795,0.14337745216301448,0.9155451634774573,"{'learning_rate': 0.05, 'max_depth': 4}",13.628345245058146,4497.56905259022,24433.330391837673,0.013771644320152472,0.02622706137514956
lasso,Lasso,170.79627740477187,-7700.917793686896,80464.19232283015,0.13918550932508567,0.9110608366892409,{'alpha': 0.005},16.68785141819766,4350.122999743832,24433.75983498782,0.013884210691896758,0.016096427788739733
rf,RandomForestRegressor,188.72108008414247,-4570.5562838275855,100189.4320392289,0.15923095855410338,0.888091795113139,"{'max_depth': 50, 'n_estimators': 700}",16.91041649163018,5685.176342146079,31738.75150594853,0.01631828763028003,0.02843697098226903
