model,class_name,r2_mean,mse_mean,mae_mean,mape_mean,params,r2_sd,mse_sd,mae_sd,mape_sd
gb,GradientBoostingRegressor,0.8245183506129753,141525.5206011974,237.54525430545007,0.19965736812461976,"{'learning_rate': 0.01, 'max_depth': 3}",0.036236813112113714,26448.38825688224,17.495976787626144,0.015545118816349537
linear,LinearRegression,0.8102775611166061,156940.61693939567,243.99370256184372,0.19889091249299967,{},0.029419363640020905,44280.84627799633,19.555818890664977,0.011732438214816523
ridge,Ridge,0.8102736380348686,156943.78505564935,243.9937423622825,0.1988906735377957,{'alpha': 0.005},0.02942087253293618,44281.90011688948,19.555972574728493,0.011732765677693489
lasso,Lasso,0.8038275123971057,162386.157554806,245.43915028438443,0.19956146279544296,{'alpha': 0.005},0.031021256192672597,46625.32196668964,19.725968780937126,0.011958264317626073
