set,NT_count,NT_mean,NT_std,t_over_t_ref_without_m_sum_count,t_over_t_ref_without_m_sum_mean,t_over_t_ref_without_m_sum_std,LDT_count,LDT_mean,LDT_std,GT_count,GT_mean,GT_std,Depth.Moulded..m._count,Depth.Moulded..m._mean,Depth.Moulded..m._std,speed_mean_count,speed_mean_mean,speed_mean_std,Beam.Mld..m._count,Beam.Mld..m._mean,Beam.Mld..m._std,ME_W_ref_first_count,ME_W_ref_first_mean,ME_W_ref_first_std,HP.Total.Propulsion_count,HP.Total.Propulsion_mean,HP.Total.Propulsion_std,cubic_meter_count,cubic_meter_mean,cubic_meter_std,LOA..m._count,LOA..m._mean,LOA..m._std,Dwt_count,Dwt_mean,Dwt_std,Main.Bunker.Capacity..m3._count,Main.Bunker.Capacity..m3._mean,Main.Bunker.Capacity..m3._std
Test,625,22435.3712,13918.375035931314,627,1727.940155228391,1357.659946747259,115,11879.6,5573.678990372453,627,37720.98086124402,20541.727392427547,627,17.907081339712917,3.2318076126913833,627,6.785584016583866,1.6332317947295485,627,32.39658692185008,5.444266658651064,627,9555.915470494418,3380.491465800695,627,12983.397129186604,4595.51878198564,627,130028.8475161914,73027.33615674103,627,206.15004784688995,35.98608114174424,627,67417.40510366826,42061.531827918814,429,2503.217156177156,1253.2252318330925
Training,1149,22760.524804177545,14985.166659652017,1150,1732.203635592897,1282.8050297054176,237,11741.620253164558,6090.633081891581,1150,38451.556521739134,22754.77854288999,1150,17.944234782608696,3.448720083542439,1150,6.703129265364254,1.7746721137566972,1150,32.45410434782609,5.842805967434491,1150,9710.459130434783,3661.0733614654982,1150,13213.94347826087,4968.5858142253355,1150,132562.70254212,80720.86260112624,1150,206.5818347826087,38.62005220157982,1150,68787.8347826087,46392.63157649442,790,2474.4539493670886,1212.040918524219
