model,r2,mse,mae,mape,class_name,params
gb,0.9350787001703658,57777.52417163535,134.27042795679768,0.11114885319134728,GradientBoostingRegressor,"{'learning_rate': 0.01, 'max_depth': 6}"
eng,0.6999647155290702,267020.16050747165,245.82138729567131,0.19524065961190543,Calculation,
ridge,0.20382176712337974,708568.7935342435,319.242530454343,0.29650152062562585,Ridge,{'alpha': 1000}
lasso,0.011140976169239591,880047.4775097144,340.31727725097517,0.3441582346732807,Lasso,{'alpha': 0.1}
linear,-2.1492826616869807,2802743.561611106,699.4376292924557,0.46650621802566977,LinearRegression,{}
