model,class_name,mae,te,mse,mape,r2,params
gb,GradientBoostingRegressor,72.32544342792772,-10578.827100428587,12643.181228677337,0.060924467567657334,0.9848742026594994,"{'learning_rate': 0.01, 'max_depth': 4}"
linear,LinearRegression,112.62444885902542,-11505.414702552109,29295.9080538177,0.09616197094005863,0.9649515450175714,{}
ridge,Ridge,112.64557467053817,-12085.62697093032,29108.28406606494,0.09612014298323027,0.9651760108670784,{'alpha': 1}
lasso,Lasso,117.90122235325694,-22641.799681044657,33036.4470955626,0.09999849971438811,0.9604765134201969,{'alpha': 0.005}
