model,class_name,mae,te,mse,mape,r2,params
linear,LinearRegression,0.00040167302609045723,0.08588212857115414,3.337373458388052e-07,0.590523493153003,-0.006184213629236268,{}
linearstruct,LinearRegression,0.0004076968420510192,0.08647688291029204,3.826653671130207e-07,0.5334968481600108,-0.153697230149747,{'fit_intercept': False}
