model,class_name,mae_mean,te_mean,mse_mean,mape_mean,r2_mean,params,mae_sd,te_sd,mse_sd,mape_sd,r2_sd
linear,LinearRegression,123.87104681147454,-401.8223884245102,35928.07631547896,0.09656619182158387,0.9533157320753197,{},16.195301976144595,1352.943843551349,20897.202034299004,0.010454086640739596,0.0353528930789583
ridge,Ridge,123.8614733417033,-405.24443398110077,36016.235751002794,0.09604290228915088,0.9532117397543498,{'alpha': 0.1},15.889423101579158,1335.9839240534745,21185.070054388176,0.010045363048763516,0.03580942370283732
lasso,Lasso,126.59760838584398,-749.8393140158462,38790.108986926185,0.09784971858410435,0.9495903481831467,{'alpha': 0.005},17.149358901123946,1333.96385129916,23548.91884502982,0.010625433357409423,0.039525451140235236
gb,GradientBoostingRegressor,152.28192262095683,-1123.9827047796884,60221.8442062192,0.12295091204430257,0.9290691001884005,"{'learning_rate': 0.01, 'max_depth': 6}",21.03212884918775,1938.9234449601493,27684.76406835554,0.01922818302296997,0.026660447545848488
