model,mae,te,mse,mape,r2,class_name,params
ridge,139.95132870542588,-5707.238302715674,43727.98477325332,0.12456892566225773,0.9628654581520778,Ridge,{'alpha': 1}
linearstruct,140.12712981692334,-6014.7101872489575,44264.179393784485,0.1242734428858707,0.9624101126410054,LinearRegression,{'fit_intercept': False}
lasso,140.4772292744074,-3262.19324010451,46396.1301357887,0.1266462747155434,0.9605996241298795,Lasso,{'alpha': 0.005}
linear,142.31186639003354,-6271.342911913411,45164.598447008524,0.1257837382237876,0.9616454616014938,LinearRegression,{}
cb,206.4930821882403,-27164.652464235205,174989.9589428754,0.16012477289472052,0.8513955768365282,CatBoostRegressor,"{'learning_rate': 0.05, 'depth': 6, 'l2_leaf_reg': 1}"
gb,212.00587129316776,-33175.76626528889,157468.6699588524,0.16231825278463663,0.8662749508205019,GradientBoostingRegressor,"{'learning_rate': 0.01, 'max_depth': 6}"
rf,253.0982251150532,-40941.36660070563,209339.25604466675,0.19473203304601724,0.8222255746677253,RandomForestRegressor,"{'max_depth': 30, 'n_estimators': 700}"
eng,318.3693747832371,-37058.50430957249,217584.4860484148,0.26132289149468124,0.8152235863481719,Calculation,
