model,mae,te,mse,mape,r2,class_name,params
cb,120.13828005971992,1241.9061423800413,39211.98052885084,0.1194325257076887,0.9320734807471834,CatBoostRegressor,"{'depth': 6, 'l2_leaf_reg': 7, 'learning_rate': 0.05}"
gb,120.23825519814335,-351.1247261442413,35420.628414896164,0.12150416268421027,0.9386412018591855,GradientBoostingRegressor,"{'learning_rate': 0.05, 'max_depth': 3}"
ridge,120.54619355686314,-2642.423772412765,36339.12393879334,0.11595050534584672,0.9370501013065949,Ridge,{'alpha': 0.005}
linear,120.54632702412374,-2642.0437494363855,36339.07715621162,0.11595046976326613,0.9370501823475904,LinearRegression,{}
lasso,120.73152004996439,-3052.5468995387887,36781.14366060852,0.11594989492257038,0.936284394990845,Lasso,{'alpha': 0.005}
rf,123.18035190774715,2141.3026233114997,38453.4732567062,0.12007608021293306,0.9333874352613357,RandomForestRegressor,"{'max_depth': 30, 'n_estimators': 1000}"
eng,489.77705754034855,232086.75863626137,1569399.7501911845,0.3922135089140644,-1.718655393299798,Calculation,
