model,r2,mse,mae,mape,class_name,params
linear,0.9088041394083544,87636.17920842637,184.72419323834546,0.144250087495388,LinearRegression,{}
ridge,0.9087931878185371,87646.70332083247,184.72911014244863,0.14424961885787088,Ridge,{'alpha': 0.005}
gb,0.9011932148132967,94950.02379991424,184.2488437033262,0.1480751931800215,GradientBoostingRegressor,"{'learning_rate': 0.05, 'max_depth': 3}"
cb,0.8911531884635986,104598.15412876026,183.12536468216635,0.14777090017614727,CatBoostRegressor,"{'depth': 6, 'l2_leaf_reg': 1, 'learning_rate': 0.05}"
lasso,0.8901281829001597,105583.15027512478,193.56879888790334,0.14856856518007688,Lasso,{'alpha': 0.005}
rf,0.8772893652787144,117920.82563229294,197.680972830966,0.15514304442088142,RandomForestRegressor,"{'max_depth': 50, 'n_estimators': 700}"
eng,0.514774542636733,466285.4746049015,309.6549941966246,0.22778769011231972,Calculation,
