model,class_name,r2,mse,mae,mape,params
gb,GradientBoostingRegressor,0.9600133114860008,33423.62311463009,110.29928825123082,0.09146078588658653,"{'learning_rate': 0.01, 'max_depth': 5}"
linear,LinearRegression,0.9112663502347507,74169.6844013716,166.536532162676,0.1350892437743651,{}
ridge,Ridge,0.9112546736354034,74179.4445058051,166.53996741670613,0.13508733743775556,{'alpha': 0.005}
lasso,Lasso,0.8875607245054493,93984.47601121588,179.77885001724314,0.14178890572650063,{'alpha': 0.005}
