model,class_name,mae,te,mse,mape,r2,params
linear,LinearRegression,0.0001409794657049408,-0.04199844323161017,4.752377471549266e-08,0.22353935868041044,0.8316640822250465,{}
linearstruct,LinearRegression,0.00017156269648341868,-0.08232481234213618,5.79993930649918e-08,0.23163512319451277,0.7945579634522839,{'fit_intercept': False}
