model,mae,te,mse,mape,r2,class_name,params
linear,158.81447710321228,-14249.275838703476,66868.13201569143,0.13117498563088958,0.9458559911738647,LinearRegression,{}
ridge,160.58800709606385,-16453.031431187643,69449.84514317496,0.13170858412544753,0.9437655439885265,Ridge,{'alpha': 10}
lasso,165.16174802376187,-23921.1253221971,74779.06268499032,0.13259464714333621,0.9394504062252533,Lasso,{'alpha': 0.005}
gb,177.31440566761685,2779.62371246667,82544.37899950628,0.14478785332081182,0.9331627271411087,GradientBoostingRegressor,"{'learning_rate': 0.05, 'max_depth': 3}"
rf,183.37513400545774,-17545.73949339309,124849.68970335735,0.14450254151156783,0.8989075588405466,RandomForestRegressor,"{'max_depth': 10, 'n_estimators': 1000}"
cb,185.09905277503748,-1835.792675069405,127464.26952923578,0.14335764848478927,0.8967904990558382,CatBoostRegressor,"{'depth': 6, 'l2_leaf_reg': 7, 'learning_rate': 0.05}"
eng,279.1433792121064,-58384.42941313402,178781.22865791814,0.22150885741387183,0.8552384801159073,Calculation,
