model,mae,te,mse,mape,r2,class_name,params
gb,144.043579228947,2617.9449438291144,47416.74375456834,0.1250369669043729,0.9616060369122994,GradientBoostingRegressor,"{'learning_rate': 0.005, 'max_depth': 6}"
rf,143.41364038875022,3279.6973870595575,48569.81057627372,0.12225073243908395,0.9606723834919094,RandomForestRegressor,"{'max_depth': 30, 'n_estimators': 1000}"
cb,150.5951628199779,2948.9247088146226,53261.63988235352,0.1291095242119142,0.9568733473935256,CatBoostRegressor,"{'depth': 6, 'l2_leaf_reg': 7, 'learning_rate': 0.05}"
ridge,146.76124149710088,6826.340806590168,54682.16947774607,0.1250186211579605,0.9557231258360777,Ridge,{'alpha': 0.1}
linear,147.12157331939903,7445.109761212001,54986.47389180933,0.12520447419184158,0.9554767265366774,LinearRegression,{}
lasso,179.6573736085285,-21269.456694460183,81750.26355803337,0.14790923990837987,0.9338057328925179,Lasso,{'alpha': 0.005}
eng,279.1433792121064,-58384.42941313402,178781.22865791814,0.22150885741387183,0.8552384801159073,Calculation,
