,report_target,cal_target
count,2142.0,2142.0
mean,0.09883201213818861,0.10414708296852018
std,0.04519456723264371,0.04909496862827579
