model,r2,rmse,mae,mape,class_name,params
ridge,0.7561806874134038,0.00028756548095428496,0.011546960541988924,0.12276633153306334,Ridge,{'alpha': 1000}
lasso,0.7154626185196491,0.00033558920368873256,0.011818815316860652,0.11983581207061557,Lasso,{'alpha': 0.005}
gb,0.712451690488825,0.00033914035375193837,0.011930581664940652,0.1256869260090728,GradientBoostingRegressor,"{'learning_rate': 0.01, 'max_depth': 4}"
eng,0.25923577054280555,0.0008736724735122521,0.01880210831131136,0.19414355343031642,Calculation,
linear,-408.02110151732063,0.4824078475592661,0.5125451214682635,4.988406845410629,LinearRegression,{}
