model,class_name,r2,mse,mae,mape,params
gb,GradientBoostingRegressor,0.8271211806607581,144504.00162729385,224.7224533917129,0.1738444443809931,"{'learning_rate': 0.005, 'max_depth': 3}"
lasso,Lasso,0.7605750105247833,200127.86529302807,257.21248141904806,0.19748184187374437,{'alpha': 0.01}
linear,LinearRegression,0.760103331409091,200522.12712314737,257.2795155005743,0.19713928921124863,{}
ridge,Ridge,0.7573848133194667,202794.45142492335,261.5843739740142,0.2007506173855369,{'alpha': 100}
