model,class_name,mae_mean,te_mean,mse_mean,mape_mean,r2_mean,params,mae_sd,te_sd,mse_sd,mape_sd,r2_sd
linear,LinearRegression,143.99695341409884,-2794.824409555135,52681.05860784169,0.11684347764231677,0.9433494039224487,{},9.550949715217566,2757.0137227654914,14095.726403872546,0.012321821618759617,0.01684706255847027
ridge,Ridge,143.99695618549745,-2795.1803739534253,52681.35886764787,0.11684345500100966,0.9433491842581435,{'alpha': 0.005},9.551155207153565,2757.0452295800637,14095.727978519277,0.012321871351788957,0.016846705020561736
lasso,Lasso,145.25469506383695,-3937.321346017627,54635.574323472734,0.11690552516076377,0.9415968374929571,{'alpha': 0.005},10.098998966850184,2906.8255489767266,14028.304530517877,0.01205304011150819,0.015503067714417161
cb,CatBoostRegressor,138.49334448953655,-2865.596147569103,58557.51642239819,0.11562912168835475,0.9395566598849858,"{'depth': 6, 'l2_leaf_reg': 7, 'learning_rate': 0.05}",13.619747050231853,2968.4168343514966,30236.471148913646,0.01500031326712139,0.024156865854467805
gb,GradientBoostingRegressor,145.2318944263441,-4065.853703427271,57675.77491773789,0.12295387891512398,0.9391994849892544,"{'learning_rate': 0.01, 'max_depth': 3}",13.863105671152478,3090.407328368638,20510.228296034613,0.014766458140367448,0.018824600152419876
rf,RandomForestRegressor,149.48772001387945,-3514.525463369832,64579.489582092334,0.12108742639564635,0.9335506056892064,"{'max_depth': 10, 'n_estimators': 700}",13.530300487120748,3230.032601645225,28401.355047152752,0.011779020749352408,0.018814624621788716
