model,class_name,mae_mean,te_mean,mse_mean,mape_mean,r2_mean,params,mae_sd,te_sd,mse_sd,mape_sd,r2_sd
ridge,Ridge,120.22014447687245,-1478.771478999466,36008.040618165345,0.10445007210048124,0.9588140693823145,{'alpha': 0.1},11.093480659059775,2755.8775167722815,12366.212222691742,0.0133622142603042,0.013878471168760668
linear,LinearRegression,120.43291425005484,-1464.1417698050293,36184.71911657419,0.1045819502536584,0.9586163877838919,{},11.062378324339319,2753.0078612204866,12446.268112846421,0.013364155977516915,0.013924054573181714
lasso,Lasso,123.80173927737955,-2764.9775954521947,37453.68658859054,0.10651780383526391,0.9571533947847501,{'alpha': 0.005},11.0695534326932,2808.1937334107624,11290.562504754716,0.013155181458344638,0.013272775414720949
gb,GradientBoostingRegressor,126.41345379613998,-2644.4463125812254,42618.02577972397,0.11036720137440933,0.9521689596101832,"{'learning_rate': 0.01, 'max_depth': 4}",12.87004722837849,3505.445870364942,16189.666895185817,0.01266665576134814,0.01617398267543958
cb,CatBoostRegressor,125.87445216635882,-2525.2145850872434,45147.49380348743,0.11031770229387766,0.9499609650753572,"{'depth': 6, 'l2_leaf_reg': 15, 'learning_rate': 0.05}",9.793026290668355,3171.4086387416532,19454.484561864763,0.011863013712470352,0.017790620733444347
rf,RandomForestRegressor,151.44639670663645,-3690.701696779533,64717.434125994645,0.12684715367778712,0.9282283251514636,"{'max_depth': 50, 'n_estimators': 700}",15.588373269331486,4123.725855611348,26481.205641785946,0.01254984281604647,0.022960864602638676
