model,class_name,r2,mse,mae,mape,params
cb,CatBoostRegressor,0.9981754935514948,0.0009191986369005956,0.02358469305955449,0.0034142240825304035,"{'depth': 6, 'l2_leaf_reg': 1, 'learning_rate': 0.05}"
rf,RandomForestRegressor,0.9931135036171789,0.0034694632585684382,0.043946337665835444,0.00652467066930585,"{'max_depth': 50, 'n_estimators': 1000}"
gb,GradientBoostingRegressor,0.9916979530700898,0.004182627157996776,0.04689310519248252,0.00695789105408247,"{'learning_rate': 0.01, 'max_depth': 6}"
linear,LinearRegression,0.9686441131254351,0.015797306990897615,0.09465946673329749,0.013980600959952523,{}
ridge,Ridge,0.9677917394516635,0.016226738588523755,0.09565976717650557,0.01412462903252993,{'alpha': 10}
lasso,Lasso,0.9670562747758744,0.016597270645578283,0.09762622243939245,0.014418923201887208,{'alpha': 0.005}
