model,class_name,mae_mean,te_mean,mse_mean,mape_mean,r2_mean,params,mae_sd,te_sd,mse_sd,mape_sd,r2_sd
ridge,Ridge,109.10535956468185,-1780.3211615914834,29971.04760143011,0.10544125200828937,0.9516044505607748,{'alpha': 0.01},8.112068071824945,2012.8582124921131,8499.175161789157,0.00993405558687212,0.009226984190599197
linear,LinearRegression,109.32699410803475,-1781.9717500536922,30130.53101340751,0.1054200990615375,0.9513225511916913,{},8.393495994594161,1991.0043232551611,8772.986877745327,0.010104928395840136,0.010086820338320064
lasso,Lasso,110.41837765262885,-2607.3993577066576,30746.64903621682,0.106493392954065,0.9503759550114156,{'alpha': 0.005},8.027739238277997,2033.2381264519045,8681.344990995582,0.009405534028980908,0.009089689289805634
cb,CatBoostRegressor,107.61925702672738,-2641.1350513198295,34335.72206267751,0.10441277368138553,0.945673103758321,"{'depth': 6, 'l2_leaf_reg': 1, 'learning_rate': 0.01}",8.927750163484571,2174.497578720985,15861.668418364072,0.009305621466899268,0.017521648586685996
gb,GradientBoostingRegressor,115.56878579105746,-2605.6193174421587,36589.64955912,0.11690640801805335,0.9414909234159455,"{'learning_rate': 0.05, 'max_depth': 3}",10.07096027449294,2468.06715276245,15100.958209106098,0.010707868280117048,0.017493714558933077
rf,RandomForestRegressor,115.34514324360059,-1954.3993312239134,37423.84877678273,0.11141688761275509,0.9404230934034239,"{'max_depth': 30, 'n_estimators': 1000}",9.28891945826519,2238.5054636919367,14677.034890372515,0.00987259393668076,0.01504075166443462
