model,class_name,mae_mean,te_mean,mse_mean,mape_mean,r2_mean,params,mae_sd,te_sd,mse_sd,mape_sd,r2_sd
gb,GradientBoostingRegressor,0.011043303717573337,-0.06582498679634324,0.0014145159311801114,0.10773959314595333,0.72397372452107,"{'learning_rate': 0.005, 'max_depth': 6}",0.0028294244881116853,0.49456071523995604,0.0035688586239502034,0.011853821498992516,0.18584672580221023
ridge,Ridge,0.012485738084649856,-0.07960545254584679,0.0016290238225397922,0.12643684803081695,0.6671910673860107,{'alpha': 1000},0.0028057585809402245,0.5134798109066286,0.004026212837522441,0.012974723026125212,0.20368610411735327
lasso,Lasso,0.013167553387519388,-0.09388402788713372,0.001702028671086708,0.13120264683641675,0.6363216739137301,{'alpha': 0.005},0.0030530900536022794,0.5203414046734568,0.004135358263293681,0.01258933630869838,0.20611509815729953
linear,LinearRegression,0.013265059945710162,-0.07489978759044481,0.0016165210209441762,0.13573170566439388,0.63238340229138,{},0.002426324846451182,0.5085840256482599,0.0038725425935320548,0.01569095324266389,0.18939137075369705
rf,RandomForestRegressor,0.011179222941226708,-0.06210379265267964,0.0015401673199604102,0.10617321923065588,0.587226849677617,"{'max_depth': 30, 'n_estimators': 1000}",0.0029076365112375513,0.529044712387173,0.003425075309171604,0.013342219711019133,0.5176737061196733
cb,CatBoostRegressor,0.011146621160071589,-0.07199062978989476,0.0015720663773908347,0.10569152514073377,0.539578988587088,"{'depth': 8, 'l2_leaf_reg': 7, 'learning_rate': 0.05}",0.0030069079622811806,0.5281379191171076,0.003316614006516679,0.012963502950169027,0.6975503564228601
