model,class_name,r2,corr,mse,mae,mape,params
gb,GradientBoostingRegressor,0.9892901584362523,0.9946568962832261,0.005395690311143346,0.05414624623490532,0.008004605605529012,"{'learning_rate': 0.01, 'max_depth': 5}"
ridge,Ridge,0.9666797437794381,0.9831989408599591,0.01678696949753829,0.09689369376841954,0.01431691841831069,{'alpha': 1}
linear,LinearRegression,0.9666581891322649,0.9831887743945878,0.016797828873955804,0.09711375408772285,0.014351431040728379,{}
lasso,Lasso,0.9657410447802649,0.9827677680823753,0.017259892375507215,0.09924330817904436,0.01466400977498011,{'alpha': 0.005}
cb,CatBoostRegressor,0.9611281142173623,0.9804955670961646,0.01958391786141933,0.0998087781862713,0.014875176049568882,"{'depth': 6, 'l2_leaf_reg': 1, 'learning_rate': 0.01}"
rf,RandomForestRegressor,0.951383114562773,0.9755325757099123,0.024493514320469388,0.11377115321664773,0.01689409451725595,"{'max_depth': 50, 'n_estimators': 1000}"
