model,class_name,r2_mean,mse_mean,mae_mean,mape_mean,params,r2_sd,mse_sd,mae_sd,mape_sd
ridge,Ridge,0.9563138489215197,38698.104098172735,121.84782040887399,0.09838122606213649,{'alpha': 1},0.019103739633875565,20144.22433246098,13.023076321621812,0.006590756325734727
linear,LinearRegression,0.9557783737422205,39329.73785285126,122.19528733022045,0.09817066504232876,{},0.019772776501225112,21497.011026058797,13.647557351525498,0.006970530039369164
lasso,Lasso,0.9548584795359933,40018.57035501111,124.80739889556511,0.10052684894492894,{'alpha': 0.005},0.018589899018853558,20057.22456666532,13.045107612903298,0.006898807013306761
gb,GradientBoostingRegressor,0.942840947928768,52649.29283281437,127.5357103020115,0.10289554335887434,"{'learning_rate': 0.01, 'max_depth': 6}",0.03805760275077705,43672.23950485142,15.92570940149395,0.010206207470383522
