model,class_name,r2,corr,mse,mae,mape,params
gb,GradientBoostingRegressor,0.990570768011656,0.9953045744999678,0.00475051058208442,0.04849828687881429,0.007239107133310252,"{'learning_rate': 0.01, 'max_depth': 6}"
ridge,Ridge,0.9668103080649065,0.9832658045034591,0.016721190331162164,0.09771838798339869,0.014411880158599217,{'alpha': 0.01}
linear,LinearRegression,0.9667585797416505,0.9832399126678416,0.016747251408811496,0.09788029043229272,0.014444347404536647,{}
lasso,Lasso,0.9653701813858456,0.9825788780498004,0.01744673585139946,0.10018815970337734,0.014779267826924831,{'alpha': 0.005}
