model,r2,mse,mae,mape,class_name,params
gb,0.8268937617360079,166349.31914869734,252.13592930988028,0.1868308127242676,GradientBoostingRegressor,"{'learning_rate': 0.005, 'max_depth': 3}"
linear,0.8091061804113956,183442.5913052954,256.52362319533535,0.19471609981577234,LinearRegression,{}
lasso,0.8061487722836317,186284.561839876,258.42763011129716,0.19572725653666967,Lasso,{'alpha': 0.01}
ridge,0.7958859778378498,196146.7648762294,267.73982157864697,0.2041251157037509,Ridge,{'alpha': 100}
eng,0.514774542636733,466285.4746049015,309.6549941966246,0.22778769011231972,Calculation,
