,cb,gb,lasso,linear,rf,ridge,mean,sd
rel_power_ship_sum,2,1,1,1,3,2,1.6666666666666667,0.7453559924999299
rel_power_ship_squared_sum,3,3,2,2,4,1,2.5,0.9574271077563381
cal_fc,1,2,3,4,1,6,2.8333333333333335,1.7716909687891083
rel_power_ship_cubed_sum,4,4,6,3,2,3,3.6666666666666665,1.247219128924647
ME_W_ref_first,5,5,8,5,5,4,5.333333333333333,1.247219128924647
Draught..m.,7,7,4,6,7,5,6.0,1.1547005383792515
Speed..knots.,6,6,5,7,6,7,6.166666666666667,0.6871842709362768
ME_SFC_base_first,8,8,7,8,8,8,7.833333333333333,0.3726779962499649
