r2,mse,mae,mape,class_name,params
0.9968638366504815,2621.4209207027943,35.84031739627222,0.029816537814372365,CatBoostRegressor,"{'depth': 6, 'l2_leaf_reg': 1, 'learning_rate': 0.05}"
0.9889409385013227,9243.92384740486,53.26622022369597,0.043201262585440624,RandomForestRegressor,"{'max_depth': 50, 'n_estimators': 1000}"
0.9806637105857056,16162.599951044302,83.29961024984621,0.07080915804646398,GradientBoostingRegressor,"{'learning_rate': 0.01, 'max_depth': 3}"
0.9651760108670784,29108.28406606494,112.64557467053817,0.09612014298323027,Ridge,{'alpha': 1}
0.9649515450175714,29295.9080538177,112.62444885902542,0.09616197094005863,LinearRegression,{}
0.9604765134201969,33036.4470955626,117.90122235325694,0.09999849971438811,Lasso,{'alpha': 0.005}
0.2083145593570258,661745.1151056599,347.1932236190591,0.27194801871631485,Calculation,
