model,class_name,r2,mse,mae,mape,params
gb,GradientBoostingRegressor,0.9947006772762822,4605.618910098666,44.10809142188813,0.03433840005063627,"{'learning_rate': 0.05, 'max_depth': 3}"
lasso,Lasso,0.5414160090269358,398553.4021623688,299.95494691974096,0.31271129480524884,{'alpha': 0.1}
ridge,Ridge,0.5172261357234635,419576.7184855543,285.5685540547889,0.2766861719319255,{'alpha': 1000}
linear,LinearRegression,0.49713113490200156,437041.19849685,283.09346483130827,0.23152660214418125,{}
