model,class_name,r2,corr,mse,mae,mape,params
gb,GradientBoostingRegressor,0.9986880310561659,0.9993474268904514,0.000660978790081168,0.019165452556623608,0.002787459434766955,"{'learning_rate': 0.1, 'loss': 'squared_error', 'max_depth': 3, 'max_features': 'sqrt', 'min_samples_leaf': 20, 'min_samples_split': 20, 'n_estimators': 2000, 'warm_start': True}"
linear,LinearRegression,0.9687264976067044,0.9842390449513295,0.015755801134370452,0.09447800668210034,0.013953999006554385,{}
ridge,Ridge,0.9687249151408085,0.9842382415210242,0.015756598391346795,0.09446047679243469,0.013951243853141034,{'alpha': 0.01}
lasso,Lasso,0.9659098707970479,0.9830005751528709,0.017174836691200124,0.09961065455238531,0.014705238047304304,{'alpha': 0.01}
