model,r2,rmse,mae,mape,class_name,params
gb,0.8026463279623094,0.000232762954728848,0.010892624458900192,0.1120795885602962,GradientBoostingRegressor,"{'learning_rate': 0.005, 'max_depth': 6}"
ridge,0.7358006676619346,0.00031160209281868597,0.011452366865962236,0.11757444288431353,Ridge,{'alpha': 1000}
lasso,0.7127745673502606,0.00033875954618192776,0.011895890813008996,0.12098629290941768,Lasso,{'alpha': 0.005}
eng,0.25923577054280555,0.0008736724735122521,0.01880210831131136,0.19414355343031642,Calculation,
linear,-103.3415376942451,0.12306254230742492,0.27582362107100333,2.7947160250768786,LinearRegression,{}
