year,report_fc_count,report_fc_mean,report_fc_std,cal_fc_count,cal_fc_mean,cal_fc_std
2019,506,1336.769209486166,918.8005849128557,506,1303.7503836948615,936.9051833341293
2020,627,1281.258102073365,908.8320240241092,627,1279.971065631914,919.852536265633
2021,644,1332.1578881987577,944.1115439490866,644,1365.6789342991156,1097.5765209133308
