,gb,lasso,linear,ridge,mean,sd
cal_fc,1,1,1,1,1.0,0.0
LOA..m.,5,5,4,4,4.5,0.5
age,4,4,8,3,4.75,1.920286436967152
TPC,10,2,7,2,5.25,3.418698582794336
Beam.Mld..m.,6,3,9,5,5.75,2.165063509461097
GT,2,10,5,6,5.75,2.8613807855648994
LBP..m.,3,10,3,7,5.75,2.947456530637899
Dwt,9,10,2,12,8.25,3.766629793329841
Main.Bunker.Capacity..m3.,8,6,11,8,8.25,1.7853571071357126
NT,7,10,6,11,8.5,2.0615528128088303
LDT,11,7,12,9,9.75,1.920286436967152
Size.Category,12,10,10,10,10.5,0.8660254037844386
