r2,mse,mae,mape,class_name,params
0.8186158037188739,151613.3803710195,237.61429077071404,0.19734645870456738,GradientBoostingRegressor,"{'learning_rate': 0.005, 'max_depth': 3}"
0.6998129182390247,250916.9990694986,287.17387552343655,0.23363820768955817,Ridge,{'alpha': 100}
0.6859416016955311,262511.5990097049,284.3952686723193,0.22849795411362972,Lasso,{'alpha': 0.01}
0.6843315870440627,263857.3599346405,283.63123690032404,0.22791989380580097,LinearRegression,{}
0.2083145593570258,661745.1151056599,347.1932236190591,0.27194801871631485,Calculation,
