,cb,gb,lasso,linear,rf,ridge,mean,sd
rel_power_ship_sum,1,1,2,2,3,2,1.8333333333333333,0.6871842709362768
rel_power_ship_squared_sum,3,4,1,1,5,1,2.5,1.6072751268321592
cal_fc,2,2,4,4,1,8,3.5,2.29128784747792
Draught..m.,4,3,3,5,4,4,3.8333333333333335,0.6871842709362768
rel_power_ship_cubed_sum,5,5,8,3,2,3,4.333333333333333,1.9720265943665387
ME_W_ref_first,6,6,6,6,7,5,6.0,0.5773502691896257
Speed..knots.,7,7,5,7,6,6,6.333333333333333,0.74535599249993
ME_SFC_base_first,8,8,7,8,8,7,7.666666666666667,0.4714045207910317
