model,mae,te,mse,mape,r2,class_name,params
rf,130.04530801461837,-5637.733196677754,44406.96437230226,0.09987706256093887,0.9489493265348219,RandomForestRegressor,"{'max_depth': 10, 'n_estimators': 1000}"
cb,131.65740140536136,-6864.390922711592,44444.55005279445,0.10474121172189639,0.9489061176749303,CatBoostRegressor,"{'depth': 8, 'l2_leaf_reg': 1, 'learning_rate': 0.01}"
gb,133.74137011868973,-6859.387824242705,47329.09089831514,0.10770105874770083,0.9455900217678321,GradientBoostingRegressor,"{'learning_rate': 0.005, 'max_depth': 6}"
lasso,149.06073053774242,9989.798045183346,56720.779326995675,0.11182022642504329,0.9347932463963027,Lasso,{'alpha': 0.005}
ridge,157.64377314646867,-3587.5557145408666,61310.879930561015,0.12251510345513883,0.9295164225828044,Ridge,{'alpha': 100}
linear,167.73022428847904,-13692.120164990418,67752.25059497936,0.12744092213203,0.9221113608969734,LinearRegression,{}
eng,265.39022007012505,43568.3326546733,324343.0829126224,0.18528640271209848,0.6271320715002742,Calculation,
