model,class_name,r2,mse,mae,mape,params
rf,RandomForestRegressor,0.9446951828719022,46227.568043448366,144.6416273831309,0.11630019095760188,"{'max_depth': 10, 'n_estimators': 1000}"
cb,CatBoostRegressor,0.9034582935259625,80696.19495752403,188.69641629368664,0.15695371108089762,"{'depth': 8, 'l2_leaf_reg': 1, 'learning_rate': 0.01}"
gb,GradientBoostingRegressor,0.9003781485136111,83270.79190108436,188.39293974562707,0.16078611480813065,"{'learning_rate': 0.01, 'max_depth': 3}"
linear,LinearRegression,0.8141079211375833,155381.37852343745,242.9168750746998,0.19800437169822235,{}
ridge,Ridge,0.814104750389161,155384.02885293958,242.91701640570838,0.19800409231003213,{'alpha': 0.005}
lasso,Lasso,0.8072238944030696,161135.52130535018,244.63429467729375,0.19895619462722205,{'alpha': 0.005}
