model,class_name,mae,te,mse,mape,r2,params
gb,GradientBoostingRegressor,0.009932231581406343,-0.6844448547529324,0.0002053063966003424,0.0989367240800894,0.7618152996938046,"{'learning_rate': 0.005, 'max_depth': 6}"
linear,LinearRegression,0.011488487357678306,-0.1720212549185354,0.00025704364665878705,0.11870117516512603,0.7017927109976236,{}
lasso,Lasso,0.01130483492415755,-0.8288871092158465,0.0002687740632561905,0.11475607807776396,0.6881837547839589,{'alpha': 0.005}
ridge,Ridge,0.010607407349524804,-0.49227290966959186,0.00023443828026702086,0.10842953951441532,0.7280181599290361,{'alpha': 1000}
rf,RandomForestRegressor,0.009794161073724227,-0.863134903655292,0.00021054889010325436,0.09676944352068761,0.7557332595600088,"{'max_depth': 10, 'n_estimators': 1000}"
cb,CatBoostRegressor,0.009749767824376272,-0.6943159498019853,0.00020588830611965262,0.09666701454945494,0.7611402016610236,"{'depth': 10, 'l2_leaf_reg': 15, 'learning_rate': 0.05}"
