model,class_name,best_cv_mean_score,best_cv_std_score,best_params
gb,GradientBoostingRegressor,-0.011130552645780233,0.00242681069888411,"{'learning_rate': 0.005, 'max_depth': 5}"
ridge,Ridge,-0.012386254755839108,0.002166445110720234,{'alpha': 1000}
linear,LinearRegression,-0.013342626724576501,0.002723882142281431,{}
lasso,Lasso,-0.01340809915366648,0.002592541426694627,{'alpha': 0.005}
