,cb,gb,lasso,linear,rf,ridge,mean,sd
rel_power_ship_sum,1,1,2,2,2,2,1.6666666666666667,0.4714045207910317
rel_power_ship_squared_sum,4,3,1,1,8,1,3.0,2.516611478423583
cal_fc,2,2,3,6,1,5,3.1666666666666665,1.7716909687891083
Draught..m.,3,4,4,4,4,4,3.8333333333333335,0.372677996249965
rel_power_ship_cubed_sum,5,5,8,3,3,3,4.5,1.8027756377319946
ME_W_ref_first,6,7,7,5,5,6,6.0,0.816496580927726
Speed..knots.,7,6,5,7,6,7,6.333333333333333,0.74535599249993
ME_SFC_base_first,8,8,6,8,7,8,7.5,0.7637626158259734
