model,class_name,mae,te,mse,mape,r2,params
gb,GradientBoostingRegressor,0.015543674125841761,-1.1275324830826126,0.004319602057940644,0.12503696690437294,0.2487424083780313,"{'learning_rate': 0.005, 'max_depth': 6}"
linear,LinearRegression,0.01583197509788187,-1.1310055394008771,0.004385194286190376,0.12520447419184158,0.2373347234193144,{}
lasso,Lasso,0.017846709052515376,-3.7075049743033204,0.004699618810986409,0.14790923990837987,0.18265056314790185,{'alpha': 0.005}
ridge,Ridge,0.015813564114131446,-1.1620663751498077,0.004387457668554672,0.1250186211579605,0.2369410799398659,{'alpha': 0.1}
rf,RandomForestRegressor,0.01554427725073441,-1.2780982900745816,0.004416200329031809,0.12225073243908392,0.23194220698878754,"{'max_depth': 30, 'n_estimators': 1000}"
cb,CatBoostRegressor,0.016038170484649023,-1.1086516974851612,0.004461948272573183,0.1291095242119142,0.22398580511992294,"{'depth': 6, 'l2_leaf_reg': 7, 'learning_rate': 0.05}"
