model,class_name,r2,mse,mae,mape,params
gb,GradientBoostingRegressor,0.9874373893742662,10500.693568145112,66.70759090714549,0.056376100794019855,"{'learning_rate': 0.05, 'max_depth': 3}"
linear,LinearRegression,0.9491010525433243,42544.83929389875,133.19673330097532,0.11052314575458377,{}
ridge,Ridge,0.9490984745027028,42546.99419747567,133.19882468363178,0.110521001307333,{'alpha': 0.005}
lasso,Lasso,0.9329821569823744,56018.12028501304,147.0804250533075,0.11988266373894689,{'alpha': 0.005}
