model,class_name,mae_mean,te_mean,mse_mean,mape_mean,r2_mean,params,mae_sd,te_sd,mse_sd,mape_sd,r2_sd
linear,LinearRegression,0.00017176872409329619,-9.32129612202746e-05,5.231251805284756e-07,0.26844069903590834,0.722400732263461,{},4.974405189290129e-05,0.01034267361891585,1.3899144402273863e-06,0.030275637204965674,0.21396285089615952
linearstruct,LinearRegression,0.00017743068901277868,-0.008373944277281019,5.300341541978939e-07,0.2127974227241614,0.6980303968547987,{'fit_intercept': False},5.127879980522037e-05,0.01050954927527335,1.3882128779842247e-06,0.011991659051988434,0.2101532333040702
