,cb,gb,lasso,linear,rf,ridge,mean,sd
distance_sum,1,1,1,1,1,1,1.0,0.0
Draught..m.,2,3,2,2,4,2,2.5,0.7637626158259734
ME_W_ref_first,4,4,3,3,2,3,3.1666666666666665,0.6871842709362768
draught_mean,3,2,4,4,3,4,3.3333333333333335,0.7453559924999298
speed_mean,6,5,6,6,5,6,5.666666666666667,0.4714045207910317
Speed..knots.,7,6,5,5,7,5,5.833333333333333,0.8975274678557508
ME_SFC_base_first,5,7,7,7,6,7,6.5,0.7637626158259734
