model,class_name,r2_mean,mse_mean,mae_mean,mape_mean,params,r2_sd,mse_sd,mae_sd,mape_sd
gb,GradientBoostingRegressor,0.9226264422107723,63542.41294640178,157.55131865434095,0.13258198567003215,"{'learning_rate': 0.01, 'max_depth': 3}",0.01651247984476804,17497.18361815401,14.808612634748883,0.009131059747751647
linear,LinearRegression,0.9169105941978215,68783.1137668777,160.1676915941628,0.12956448716091964,{},0.019810080357749938,23141.194726016216,19.274657001677216,0.00955599824662631
ridge,Ridge,0.9169103940534697,68783.51231439454,160.16555927838894,0.12956163304296284,{'alpha': 0.005},0.01980922429530934,23141.4340187848,19.27436103187955,0.00955533433196074
lasso,Lasso,0.9119247672047158,73215.59534311767,161.85061090594647,0.12984960577266647,{'alpha': 0.005},0.019284040245437842,24798.620570483887,18.763524805466606,0.009426220731785256
