model,r2,mse,mae,mape,class_name,params
ridge,0.9485974135055271,49396.170534290024,134.62972452221805,0.11272153715872928,Ridge,{'alpha': 0.1}
lasso,0.9482190878615409,49759.728855034235,142.20413104405952,0.11497331540442768,Lasso,{'alpha': 0.005}
linear,0.9481398836861189,49835.84142490633,134.8426256348475,0.11311477773894454,LinearRegression,{}
gb,0.9402748684206418,57393.8586727364,144.14234559809236,0.1183871271925747,GradientBoostingRegressor,"{'learning_rate': 0.05, 'max_depth': 3}"
eng,0.514774542636733,466285.4746049015,309.6549941966246,0.22778769011231972,Calculation,
