r2,mse,mae,mape,class_name,params
0.9992876775198859,595.4080969489796,16.979995944152154,0.013951310887256872,CatBoostRegressor,"{'depth': 6, 'l2_leaf_reg': 1, 'learning_rate': 0.1}"
0.9916157514911178,7008.131272540086,55.07078921821178,0.04556246169531368,GradientBoostingRegressor,"{'learning_rate': 0.05, 'max_depth': 3}"
0.9874251362427344,10510.935577811655,56.02176664881777,0.04534036300858417,RandomForestRegressor,"{'max_depth': 50, 'n_estimators': 700}"
0.9631790628307471,30777.470513511544,115.11570062441915,0.09764412604651719,Ridge,{'alpha': 0.1}
0.9631033425478134,30840.76273132104,115.14665922828831,0.0976870312194611,LinearRegression,{}
0.9565502092940267,36318.32199502043,123.21926854402945,0.10406471570850338,Lasso,{'alpha': 0.005}
0.2083145593570258,661745.1151056599,347.1932236190591,0.27194801871631485,Calculation,
