model,class_name,mae_mean,te_mean,mse_mean,mape_mean,r2_mean,params,mae_sd,te_sd,mse_sd,mape_sd,r2_sd
ridge,Ridge,128.9948532105846,-3100.16611204001,42344.73627435828,0.11082233391196282,0.9510257194023898,{'alpha': 10},14.00257395994671,2505.5510690222213,14533.218202676122,0.012637556759866938,0.014009192395335903
linear,LinearRegression,128.29264867655277,-2485.8153772068713,42853.03563201152,0.1103680552065119,0.9502496960871326,{},13.374666967984265,2513.2583275919346,16347.181127105769,0.012492084762917263,0.016585709203497924
lasso,Lasso,130.0143561160431,-3566.437924416225,43334.202672950894,0.11096699807631007,0.9500806048447725,{'alpha': 0.005},14.552142034930563,2546.909489688378,14200.449623616783,0.012490085053328933,0.012803860062518204
gb,GradientBoostingRegressor,133.66175578655935,-3014.8735709704256,49825.241315399246,0.11954757056556661,0.9435636052190817,"{'learning_rate': 0.05, 'max_depth': 3}",14.66774476781448,3065.8418807171856,25209.993232307956,0.011690728492527015,0.022038176870151863
rf,RandomForestRegressor,134.51217122342968,-3210.80266949886,55005.92279264575,0.11569462311002447,0.9389453724947409,"{'max_depth': 50, 'n_estimators': 200}",16.20799891764816,3137.223608039904,29776.479431665735,0.010304652610736376,0.02408027970712504
cb,CatBoostRegressor,130.28361180689896,-2603.5396487297626,55313.747429159404,0.11315132186557587,0.9389243051349038,"{'depth': 6, 'l2_leaf_reg': 7, 'learning_rate': 0.1}",16.190310763667963,3162.2859688984627,34684.01151494858,0.011785268752857287,0.027961240022315037
