r2,mse,mae,mape,class_name,params
0.9010123852870539,82740.6532057141,187.82279215532412,0.16047412555326337,GradientBoostingRegressor,"{'learning_rate': 0.01, 'max_depth': 3}"
0.8141079211375833,155381.37852343745,242.9168750746998,0.19800437169822235,LinearRegression,{}
0.814104750389161,155384.02885293958,242.91701640570838,0.19800409231003213,Ridge,{'alpha': 0.005}
0.8072238944030696,161135.52130535018,244.63429467729375,0.19895619462722205,Lasso,{'alpha': 0.005}
0.2083145593570258,661745.1151056599,347.1932236190591,0.27194801871631485,Calculation,
