model,r2,corr,mse,mae,mape,class_name,params
ridge,0.9564834226060805,0.9792196056486953,0.023845279402460104,0.10756262177749844,0.01609724990766366,Ridge,{'alpha': 1}
lasso,0.9563494927910015,0.97884419427559,0.023918667385893922,0.1072063343444658,0.016045901510014653,Lasso,{'alpha': 0.005}
linear,0.9560150792075196,0.979047870787528,0.024101912158613948,0.10805488791944898,0.016168362712023536,LinearRegression,{}
gb,0.9544955059539048,0.9780510811437784,0.02493457527172939,0.11024076221952916,0.01656125527058599,GradientBoostingRegressor,"{'learning_rate': 0.01, 'max_depth': 5}"
eng,0.8258874182382063,0.927103826486711,0.0877190913486793,0.20067751470272488,0.029284960851771392,,
