model,r2,rmse,mae,mape,class_name,params
gb,0.9470493817556284,47124.06611613666,142.92945246141193,0.130669857700273,GradientBoostingRegressor,"{'learning_rate': 0.005, 'max_depth': 5}"
lasso,0.9346147720222507,58190.40283952951,151.4731509401514,0.12359258379555631,Lasso,{'alpha': 0.005}
ridge,0.9315059918011284,60957.100746711694,158.2293593328912,0.13846563864526204,Ridge,{'alpha': 100}
linear,0.898184186953371,90612.25845436766,181.83397275339524,0.16133616209648027,LinearRegression,{}
eng,0.6999647155290702,267020.16050747165,245.82138729567131,0.19524065961190543,Calculation,
