model,mae,te,mse,mape,r2,class_name,params
ridge,96.49495481315684,-1126.5375821826183,20162.302013488283,0.09033009063868208,0.9675525968944653,Ridge,{'alpha': 0.1}
linear,96.73336243636915,-639.6784375351417,20323.0261779519,0.09064914400280093,0.9672939418187868,LinearRegression,{}
cb,100.05197177390941,9412.316243329533,20006.03888775833,0.09988243803850702,0.9678040727739406,CatBoostRegressor,"{'depth': 6, 'l2_leaf_reg': 1, 'learning_rate': 0.05}"
lasso,100.89091628113316,-168.7322848973081,20961.83562697805,0.09590752087003668,0.9662658991039068,Lasso,{'alpha': 0.005}
gb,105.85304695711254,13619.19838250309,22810.086822229478,0.10695489815255475,0.9632914891614067,GradientBoostingRegressor,"{'learning_rate': 0.01, 'max_depth': 4}"
rf,126.09696519882068,4294.118292996971,34509.510564123244,0.11829562583736906,0.9444634844027371,RandomForestRegressor,"{'max_depth': 30, 'n_estimators': 700}"
eng,287.0417611672977,71040.07380074885,443593.6886141657,0.24437383143358396,0.2861200462176453,Calculation,
