model,class_name,mae,te,mse,mape,r2,params
gb,GradientBoostingRegressor,0.016175413636426404,-0.0155199249132007,0.004401803354248147,0.13046754767787427,0.23444610351850004,"{'learning_rate': 0.005, 'max_depth': 6}"
linear,LinearRegression,0.015990154597603327,-0.8037214141722474,0.004382847814546081,0.1283019432355444,0.237742817640184,{}
lasso,Lasso,0.01783005615518051,-3.7044679011846733,0.004693601756652705,0.14772433597324636,0.18369703865346065,{'alpha': 0.005}
ridge,Ridge,0.015989966772041075,-0.8039115575087559,0.0043828957427726285,0.12830128527326193,0.23773448204733005,{'alpha': 0.005}
rf,RandomForestRegressor,0.016112389056883253,-0.3414041365690327,0.004477699029199876,0.1282753773275618,0.22124646123340896,"{'max_depth': 10, 'n_estimators': 1000}"
cb,CatBoostRegressor,0.015951279271768627,-0.4496816688243412,0.004609178876650721,0.12612775647210636,0.19837971744131133,"{'depth': 10, 'l2_leaf_reg': 1, 'learning_rate': 0.01}"
