model,class_name,r2,mse,mae,mape,params
gb,GradientBoostingRegressor,0.9914186620853973,7172.872146603255,56.203364503116866,0.046558690062836354,"{'learning_rate': 0.05, 'max_depth': 3}"
ridge,Ridge,0.9629677879786791,30954.068558799692,116.34269240950057,0.09888876416841234,{'alpha': 0.005}
linear,LinearRegression,0.9629676680222401,30954.168826637797,116.34269083006014,0.09889070408943648,{}
lasso,Lasso,0.9565549598567741,36314.35114810231,123.22021856561432,0.10406639026290111,{'alpha': 0.005}
