model,class_name,r2,mse,mae,mape,params
gb,GradientBoostingRegressor,0.9964352569001842,2979.657338391751,36.13911129284583,0.029279947304063622,"{'learning_rate': 0.1, 'loss': 'squared_error', 'max_depth': 3, 'max_features': 'sqrt', 'min_samples_leaf': 20, 'min_samples_split': 20, 'n_estimators': 2000, 'warm_start': True}"
cb,CatBoostRegressor,0.9923668685139527,6380.2960298836,55.11310360951636,0.04543095551351341,{'verbose': 0}
rf,RandomForestRegressor,0.9816306734633311,15354.345904793883,72.83785613882712,0.057802857606702014,"{'max_depth': 10, 'n_estimators': 200}"
ridge,Ridge,0.9631135477980712,30832.232481603314,115.13928362949191,0.09767982532768041,{'alpha': 0.01}
linear,LinearRegression,0.9631033425478134,30840.76273132104,115.14665922828831,0.0976870312194611,{}
lasso,Lasso,0.9529550111522167,39323.435751119694,126.2080653792677,0.10568574498441174,{'alpha': 0.01}
