class_name,mae,te,mse,mape,r2,params
GradientBoostingRegressor,0.00823270065137406,-0.5828984951692766,0.0010300970613827895,0.08095558564604646,0.5858081476699828,"{'learning_rate': 0.005, 'max_depth': 5}"
LinearRegression,0.012290123085449472,-0.49579359911372056,0.0011732064597920343,0.12694494940674578,0.5282652723089077,{}
Lasso,0.012956868356908758,-0.8652502836274649,0.0017821286146744463,0.12654232842176502,0.2834236892089933,{'alpha': 0.005}
Ridge,0.01193863911525385,-0.7180876231433999,0.0015819803926374685,0.11750695209176314,0.363901312079572,{'alpha': 1000}
