model,mae,te,mse,mape,r2,class_name,params
eng,318.369374783237,-37058.5043095725,217584.4860484148,0.26132289149468124,0.8152235863481719,Calculation,
linear,299.44136264319854,-38783.398769174826,269199.9972584022,0.2740180148873588,0.7713908240800705,LinearRegression,{}
linearstruct,396.34109612690804,-80598.91840481295,340806.8786127098,0.2968828672858679,0.7105810532653589,LinearRegression,{'fit_intercept': False}
