model,mae,te,mse,mape,r2,class_name,params
cb,126.33223298539929,2926.2384959210576,40365.03074185943,0.09671774978438784,0.9535959723223092,CatBoostRegressor,"{'depth': 10, 'l2_leaf_reg': 15, 'learning_rate': 0.05}"
rf,127.39615409369546,1241.5381413159416,41094.19343230127,0.09692867512520935,0.952757719878376,RandomForestRegressor,"{'max_depth': 10, 'n_estimators': 1000}"
gb,128.6549429722572,1369.2965963048255,41605.378494385666,0.09867009567472414,0.9521700566130837,GradientBoostingRegressor,"{'learning_rate': 0.005, 'max_depth': 6}"
ridge,138.99119286975824,7964.299426665588,47310.28689376775,0.10725009593726266,0.9456116390323661,Ridge,{'alpha': 1000}
lasso,150.55330021545166,8601.433258436216,54135.98235765891,0.11358014552019151,0.9377647538596161,Lasso,{'alpha': 0.005}
linear,155.28578391332994,7998.203800961086,57135.69592870188,0.11857191512167474,0.9343162542792239,LinearRegression,{}
eng,265.39022007012505,43568.3326546733,324343.0829126224,0.18528640271209848,0.6271320715002742,Calculation,
