model,class_name,r2_mean,mse_mean,mae_mean,mape_mean,params,r2_sd,mse_sd,mae_sd,mape_sd
ridge,Ridge,0.9599563225282128,32487.99603527613,118.85614851173885,0.1014403495376421,{'alpha': 0.005},0.008749828989474776,7818.624955214945,12.351134189762707,0.007322510938104572
linear,LinearRegression,0.9599526773346612,32490.987725601997,118.8598014904403,0.10144622144105743,{},0.00875381049761613,7821.727099362634,12.35091389699384,0.007321672049517923
lasso,Lasso,0.9550133692264183,36792.96011183842,124.11021154593601,0.10507661449147636,{'alpha': 0.005},0.00904621862046571,9560.394662209303,12.118448266993159,0.007907240081401942
gb,GradientBoostingRegressor,0.9494694379598383,41399.12015610293,128.84757904644388,0.11266320544962737,"{'learning_rate': 0.05, 'max_depth': 3}",0.008860980436021229,10460.533540890197,14.15718415287185,0.0069628764032488985
