model,class_name,mae_mean,te_mean,mse_mean,mape_mean,r2_mean,params,mae_sd,te_sd,mse_sd,mape_sd,r2_sd
ridge,Ridge,130.74663486801194,-2379.1931028768317,44032.75778597279,0.1109756935278805,0.9495229353194651,{'alpha': 1},12.673704045458186,2823.2646688184695,15766.884243640183,0.013699121476375333,0.018711026010988292
linear,LinearRegression,130.76118391276947,-2321.467003832363,44491.97587210523,0.11095051533199586,0.9490009983562897,{},12.940425474392125,2806.3714297569927,16518.950643742803,0.013852369044971669,0.01937721971858022
lasso,Lasso,133.05968969286124,-3483.8767958602793,45274.8767560858,0.11196671926383733,0.9484099284884207,{'alpha': 0.005},12.09386808938176,2950.1099003909326,14277.161395248486,0.013131454101976487,0.016464033679222476
gb,GradientBoostingRegressor,136.67052017890094,-2807.864819533827,49045.4853676482,0.12244745335760183,0.9448244742438272,"{'learning_rate': 0.05, 'max_depth': 3}",10.632165017815932,2836.259682693846,15384.92030181013,0.012320896418333406,0.01605912611393049
cb,CatBoostRegressor,129.78313577853797,-2472.7777022955497,50053.89488981105,0.11357417744177338,0.9446255819383336,"{'depth': 6, 'l2_leaf_reg': 7, 'learning_rate': 0.05}",11.230338857012317,3445.631326495627,24391.196718465933,0.011968907545570607,0.021776812604206348
rf,RandomForestRegressor,139.63840925961279,-2942.98942095894,56970.04874623136,0.1181946721026677,0.9367178087078613,"{'max_depth': 30, 'n_estimators': 700}",14.326898347609308,4022.8647015235138,25196.0401657275,0.010823217059014748,0.022660489549474437
