model,class_name,r2_mean,mse_mean,mae_mean,mape_mean,params,r2_sd,mse_sd,mae_sd,mape_sd
cb,CatBoostRegressor,0.9549992780547776,53124.92489345111,146.57414387919897,0.10037653539696907,"{'depth': 6, 'l2_leaf_reg': 7, 'learning_rate': 0.05}",0.009312234054867627,12717.800969450353,11.417437413815676,0.010803993404659462
ridge,Ridge,0.9533957901513386,54386.761270783376,150.90084808432272,0.09996513523138663,{'alpha': 0.01},0.0109155174791322,11572.402731665617,10.477388154561487,0.005628909935489017
linear,LinearRegression,0.9533831100895985,54404.634158318964,150.928773799819,0.09998308469775083,{},0.010895304672524772,11574.405691534144,10.515868015929275,0.005642409868640655
gb,GradientBoostingRegressor,0.9533013175048289,55092.40526651739,148.46493785768746,0.10096583747992985,"{'learning_rate': 0.05, 'max_depth': 3}",0.00961676765915225,13078.877318543597,11.058131836181825,0.005866869409084831
lasso,Lasso,0.9514883894122624,56466.80160185101,153.3717717307325,0.10229660571628739,{'alpha': 0.005},0.012105958689909331,12599.934442188664,10.231720448126172,0.005652881993837267
rf,RandomForestRegressor,0.9301193733146192,82278.58677654181,179.85158791905343,0.11848017797742817,"{'max_depth': 30, 'n_estimators': 700}",0.016065601669147042,20326.94025283733,16.279999339000025,0.009369457936631536
