model,class_name,r2_mean,mse_mean,mae_mean,mape_mean,params,r2_sd,mse_sd,mae_sd,mape_sd
ridge,Ridge,0.9599650415787317,32481.04627331477,117.9222876217319,0.10052505346467332,{'alpha': 0.1},0.0086673662560611,7795.736096865399,12.08016684937496,0.006798380054084903
linear,LinearRegression,0.9597600033164876,32643.979796816184,118.07038139800606,0.10071569942158096,{},0.008781348367326653,7872.497635655233,12.008365790294478,0.006649187300414559
lasso,Lasso,0.9549470127833922,36843.921182215076,124.21220232554181,0.10516372255548283,{'alpha': 0.005},0.009035446025147425,9553.116760841249,12.060693505484045,0.007887878551606817
gb,GradientBoostingRegressor,0.9488788805796649,42077.756950202864,128.75579278525598,0.11227851923861126,"{'learning_rate': 0.05, 'max_depth': 3}",0.009266916602314434,11327.984420133222,13.86506055596756,0.007427683288449705
cb,CatBoostRegressor,0.9456546157840082,44962.79544552277,128.34139043320417,0.10974010781185628,"{'depth': 6, 'l2_leaf_reg': 1, 'learning_rate': 0.1}",0.01160327551199242,13498.336261388753,13.002776987404031,0.007225323172488707
rf,RandomForestRegressor,0.91777106186855,69282.41849601876,151.74404651766284,0.12627388806576795,"{'max_depth': 50, 'n_estimators': 700}",0.02325479712768487,30490.626042976124,17.184897533184486,0.01059186523827411
