model,class_name,r2,corr,mse,mae,mape,params
gb,GradientBoostingRegressor,0.8441153520935198,0.9198037457733634,0.07853573550631134,0.21242584844690002,0.03165415464053539,"{'learning_rate': 0.01, 'max_depth': 3}"
lasso,Lasso,0.7294541458731167,0.8541757761818394,0.13630282344920214,0.2801358865392445,0.04214733678478538,{'alpha': 0.005}
ridge,Ridge,0.7289057736093524,0.8537734866381625,0.13657909708900168,0.28065882288032584,0.042197744428972624,{'alpha': 10}
linear,LinearRegression,0.727921810381673,0.8531903715654728,0.1370748243901489,0.2817346634722212,0.042328564557976796,{}
