model,class_name,r2,mse,mae,mape,params
gb,GradientBoostingRegressor,0.9982949002818877,1512.6509706552538,25.244723545666556,0.01976371546110747,"{'learning_rate': 0.1, 'loss': 'squared_error', 'max_depth': 3, 'max_features': 'sqrt', 'min_samples_leaf': 20, 'min_samples_split': 20, 'n_estimators': 2000, 'warm_start': True}"
cb,CatBoostRegressor,0.9948770787695119,4544.7147105668955,46.512446566017566,0.03654353436949466,{'verbose': 0}
rf,RandomForestRegressor,0.9849374151503236,13362.522643933806,68.40394866156666,0.05239908893185203,"{'max_depth': 10, 'n_estimators': 200}"
ridge,Ridge,0.9589017083790403,36459.66863541798,119.18629947377379,0.09584132720026767,{'alpha': 0.01}
linear,LinearRegression,0.9588550050213893,36501.10074553637,119.2387168637984,0.09585876890774671,{}
lasso,Lasso,0.9540822814579067,40735.14339669804,126.20571443293669,0.10071657134681805,{'alpha': 0.01}
