model,class_name,mae_mean,te_mean,mse_mean,mape_mean,r2_mean,params,mae_sd,te_sd,mse_sd,mape_sd,r2_sd
gb,GradientBoostingRegressor,0.011793685759598504,-0.06837632082854611,0.0014417150860139233,0.10652000291432777,0.6829989423809809,"{'learning_rate': 0.005, 'max_depth': 4}",0.002530315470061844,0.49010289543779695,0.0036014767320292932,0.011743062024259962,0.18058879160759173
ridge,Ridge,0.013516295853180059,-0.06999227475954814,0.0016311822198561167,0.12384374215150339,0.5916573195178336,{'alpha': 100},0.0024341416685366474,0.5315793415957206,0.003892450024339261,0.01534477638593143,0.18416861977837987
lasso,Lasso,0.01371847098829745,-0.09508826582629884,0.0017441108224444649,0.12293813706582471,0.5797111141527062,{'alpha': 0.005},0.002808339159595801,0.527545277634593,0.004171788674408304,0.013328090776765451,0.19496928276048434
linear,LinearRegression,0.013848014242830555,-0.06506938931663316,0.0016292305324411068,0.12790866814778312,0.578555847015053,{},0.002366506644508725,0.5332756424306082,0.0038497346543671608,0.015327368452814457,0.18165880196307183
