model,class_name,r2,corr,mse,mae,mape,params
gb,GradientBoostingRegressor,0.9806876011341459,0.9903870611983161,0.009729716618605269,0.07352436850212503,0.010892786624938151,"{'learning_rate': 0.01, 'max_depth': 5}"
ridge,Ridge,0.9355457932025592,0.967248393967604,0.032472463486909436,0.13811019733941482,0.020437985794317954,{'alpha': 10}
linear,LinearRegression,0.9355326400898144,0.967230088448369,0.03247909011369711,0.13798281024631034,0.020399649077986203,{}
lasso,Lasso,0.9349428623586968,0.9669830294777575,0.03277622410681714,0.1387653194353223,0.020529138965803898,{'alpha': 0.005}
