model,class_name,mae_mean,te_mean,mse_mean,mape_mean,r2_mean,params,mae_sd,te_sd,mse_sd,mape_sd,r2_sd
cb,CatBoostRegressor,122.22899413536543,-1938.4703544224576,41271.076247344296,0.10313514779217044,0.9464221271914764,"{'depth': 6, 'l2_leaf_reg': 7, 'learning_rate': 0.05}",14.078721722670403,3189.67111424581,16735.693043414252,0.012086414378160118,0.013046847942867994
linear,LinearRegression,131.23411487880787,-2035.6079106246773,42838.3554610226,0.10804215298127265,0.9438071654077095,{},13.407407663654208,2876.8886287330806,15657.33878851979,0.011622106163357479,0.012912935656291279
ridge,Ridge,131.11479151356505,-2650.183917278014,43109.89038123364,0.10807629142940806,0.943525880654043,{'alpha': 10},13.780852437143134,2878.463086886802,15844.583253073955,0.011732340310708607,0.012932269237397548
lasso,Lasso,131.77444157759678,-2987.307409845918,43416.503560930876,0.10841516032666518,0.9430186017338434,{'alpha': 0.005},13.839698904025598,2880.4725436265394,15222.925983183553,0.011681255235922781,0.0121479104016584
rf,RandomForestRegressor,131.18001186813538,-2612.5797950458523,44805.82500256254,0.11002044908069274,0.9417064568600723,"{'max_depth': 10, 'n_estimators': 1000}",15.590904352363625,3372.177121503952,17966.81307874701,0.010879173601825177,0.013290010542202342
gb,GradientBoostingRegressor,131.18029099301614,-2351.4243214001563,47209.13139984351,0.11305073413447578,0.9384751175657676,"{'learning_rate': 0.05, 'max_depth': 3}",14.043070950531535,3170.9041924047174,18601.30168378189,0.011753010307065942,0.014590011729853698
