model,class_name,mae_mean,te_mean,mse_mean,mape_mean,r2_mean,params,mae_sd,te_sd,mse_sd,mape_sd,r2_sd
linear,LinearRegression,0.0002443697329394879,-6.050367621309961e-05,1.5229649666867945e-06,0.34762195076660796,0.5450002941622769,{},0.0001426173990550599,0.009410491192646541,4.272713521389345e-06,0.07768091742210764,0.3120738455789615
linearstruct,LinearRegression,0.0002430506033488804,-0.003539699047042393,1.5313678105658589e-06,0.26218906267497305,0.5390912765150117,{'fit_intercept': False},0.00014763412199636646,0.00899017158199462,4.290909385868205e-06,0.0421492394807476,0.3146611172858083
