model,r2,mse,mae,mape,class_name,params
lasso,0.9575449515016111,35010.90822132819,123.01467405246387,0.10766385542149809,Lasso,{'alpha': 0.005}
ridge,0.9556598332227393,36565.486660931965,122.53037132206806,0.10531928400195585,Ridge,{'alpha': 10}
linear,0.9555928554137724,36620.720467170475,124.47376094766564,0.10687302403125769,LinearRegression,{}
gb,0.9523876315139024,39263.93496712366,126.90875721185341,0.11124421313913516,GradientBoostingRegressor,"{'learning_rate': 0.05, 'max_depth': 5}"
eng,0.8406635462586949,131398.12944649984,223.3554688886563,0.18245412082952348,Calculation,
