model,class_name,r2,mse,mae,mape,params
gb,GradientBoostingRegressor,0.9804514648452426,16340.009531596028,80.61794879566311,0.06683086891832622,"{'learning_rate': 0.1, 'max_depth': 3}"
linear,LinearRegression,0.9110665134035904,74336.7217624871,167.4437815515414,0.13585097042120728,{}
ridge,Ridge,0.9110569237809816,74344.73742829487,167.4492306456077,0.13585034481068436,{'alpha': 0.005}
lasso,Lasso,0.8819296754834528,98691.29388600253,187.86535385701427,0.14801994839778404,{'alpha': 0.005}
