model,class_name,r2_mean,mse_mean,mae_mean,mape_mean,params,r2_sd,mse_sd,mae_sd,mape_sd
gb,GradientBoostingRegressor,0.949417088225728,40227.811928310926,127.8592880055275,0.10942918929056313,"{'learning_rate': 0.05, 'max_depth': 3}",0.018095667903417687,13464.079008163211,14.357582212496544,0.010796538292956515
ridge,Ridge,0.745507591108354,210240.23271079297,252.11909131687656,0.26110877505395497,{'alpha': 1000},0.15338046949612053,135528.45338733355,33.48599930339577,0.046530690289564136
lasso,Lasso,0.6605825356665542,283455.8707410616,283.87003121983963,0.29756174474755065,{'alpha': 0.1},0.2231608091083475,202252.5801592913,35.07778855457956,0.06195965957090752
linear,LinearRegression,0.31789077700817636,605030.8913065504,280.4991662580056,0.2228635198501187,{},0.5556832115453567,569115.9326770577,54.88447584300939,0.02885287920038773
