model,class_name,r2,mse,mae,mape,params
gb,GradientBoostingRegressor,0.9952984569181584,1.3717273862012714e-05,0.0027512987059161776,0.02997825879133983,"{'learning_rate': 0.1, 'loss': 'squared_error', 'max_depth': 3, 'max_features': 'sqrt', 'min_samples_leaf': 20, 'min_samples_split': 20, 'n_estimators': 2000, 'warm_start': True}"
cb,CatBoostRegressor,0.9923767680951413,2.2241625341359552e-05,0.0036853188732273137,0.04045663435375321,{'verbose': 0}
rf,RandomForestRegressor,0.9033664617357774,0.000281939075225156,0.005982878851424845,0.05850587680712809,"{'max_depth': 10, 'n_estimators': 200}"
linear,LinearRegression,0.373571434270245,0.0018276748806770884,0.015574663289239095,0.15885401319074327,{}
ridge,Ridge,0.3735689929332566,0.001827682003548766,0.01555950315261421,0.15866287573227314,{'alpha': 0.01}
lasso,Lasso,0.23041911258720105,0.0022453376706009706,0.014495211547832527,0.14572390038693286,{'alpha': 0.01}
