model,r2,mse,mae,mape,class_name,params
linear,0.9155361918100864,81166.90147047657,180.3255211751131,0.14234553778979617,LinearRegression,{}
ridge,0.9155352673618178,81167.78983441778,180.32649990128573,0.14234633951568568,Ridge,{'alpha': 0.005}
lasso,0.9116527508163954,84898.7586914131,183.13608473465365,0.1438352262345443,Lasso,{'alpha': 0.005}
gb,0.9061141251841491,90221.19312349064,175.62715571092488,0.13590221546447864,GradientBoostingRegressor,"{'learning_rate': 0.01, 'max_depth': 3}"
eng,0.514774542636733,466285.4746049015,309.6549941966246,0.22778769011231972,Calculation,
