model,r2,mse,mae,mape,class_name,params
gb,0.802607559403758,0.0002328086791592365,0.01091867115599433,0.11223282370470895,GradientBoostingRegressor,"{'learning_rate': 0.005, 'max_depth': 6}"
ridge,0.7358006676619346,0.00031160209281868597,0.011452366865962238,0.11757444288431354,Ridge,{'alpha': 1000}
lasso,0.7127600225098447,0.0003387767006640122,0.011896410056620885,0.12099288122362722,Lasso,{'alpha': 0.005}
eng,0.25923577054280555,0.0008736724735122521,0.01880210831131136,0.19414355343031642,Calculation,
rf,0.24336443386930562,0.0008923914523965904,0.011724420679710485,0.11326431990689298,RandomForestRegressor,"{'max_depth': 30, 'n_estimators': 200}"
cb,-0.44713554564746016,0.0017067812421231103,0.011916465460370177,0.1130097830081231,CatBoostRegressor,"{'depth': 6, 'l2_leaf_reg': 1, 'learning_rate': 0.01}"
linear,-103.34153769424238,0.1230625423074217,0.27582362107099956,2.7947160250768412,LinearRegression,{}
