model,class_name,r2,mse,mae,mape,params
gb,GradientBoostingRegressor,0.772558369404748,190111.35015421952,257.86298049512266,0.20976184456275546,"{'learning_rate': 0.005, 'max_depth': 3}"
ridge,Ridge,0.6889847811750072,259967.90039968936,288.878541038788,0.23362054286595635,{'alpha': 100}
linear,LinearRegression,0.680332451632338,267200.1122292963,284.04776679312647,0.22780316918410784,{}
lasso,Lasso,0.672941344980552,273378.1072648903,302.9514762887829,0.24919623942143238,{'alpha': 0.1}
