model,r2,mse,mae,mape,class_name,params
linear,0.9303162476297566,66963.76097572235,161.7867152032153,0.12827761121010725,LinearRegression,{}
ridge,0.9303147958616746,66965.1560764098,161.78207306033005,0.12827574112246387,Ridge,{'alpha': 0.005}
lasso,0.9193817056818555,77471.49094823933,169.63519039009245,0.1329667099534589,Lasso,{'alpha': 0.005}
gb,0.9058828890637842,90443.40331979,170.63376107112452,0.13646733852575435,GradientBoostingRegressor,"{'learning_rate': 0.05, 'max_depth': 3}"
eng,0.514774542636733,466285.4746049015,309.6549941966246,0.22778769011231972,Calculation,
