model,class_name,mae_mean,te_mean,mse_mean,mape_mean,r2_mean,params,mae_sd,te_sd,mse_sd,mape_sd,r2_sd
ridge,Ridge,135.5533048596224,-2287.6312354990164,46157.36702634938,0.1076598279363689,0.9516826462418486,{'alpha': 1},11.334105806357705,2858.823602176402,14572.542722854947,0.013007013319409427,0.014260588133376008
linear,LinearRegression,136.0356053983117,-2192.5095846596246,46580.12714205481,0.10796457024061293,0.9511831915612273,{},11.119994344879533,2900.8251258096043,14987.708757736813,0.012790761022573715,0.01485870469217133
lasso,Lasso,136.69133061092685,-3363.279208736757,47036.728174866555,0.10744418326164178,0.9510773305189725,{'alpha': 0.005},12.207297976491818,2818.8939620469996,13750.925712359798,0.012681337203532055,0.01197937868268751
cb,CatBoostRegressor,130.14479270667164,-2248.9563024454596,48751.059195762035,0.10469407085034606,0.9501785462594798,"{'depth': 6, 'l2_leaf_reg': 1, 'learning_rate': 0.05}",15.008309702240703,3109.5149301377905,20854.02484607065,0.015952155573551213,0.016517342031319847
gb,GradientBoostingRegressor,138.44472126486602,-2861.1659569066996,50372.32306741122,0.11332232512519427,0.947950722089095,"{'learning_rate': 0.05, 'max_depth': 3}",15.300827428298412,3336.1570011346384,16835.852710795563,0.015745049156274095,0.015401416068734918
rf,RandomForestRegressor,138.58616579587826,-2754.806054531793,54582.55415372522,0.10754679212659646,0.9449303999096413,"{'max_depth': 30, 'n_estimators': 700}",14.656244507408456,3249.632547738831,23405.322809452864,0.01158545277276331,0.015372970831240054
