model,class_name,mae_mean,te_mean,mse_mean,mape_mean,r2_mean,params,mae_sd,te_sd,mse_sd,mape_sd,r2_sd
gb,GradientBoostingRegressor,0.010641251955764881,-0.05912813239067249,0.0013645236644484534,0.10686146662453015,0.7284568255205952,"{'learning_rate': 0.005, 'max_depth': 6}",0.002245045641565659,0.4675328986941438,0.0034434747665952176,0.01187091980420999,0.18382478308414046
ridge,Ridge,0.012032677255683346,-0.07622082197328932,0.0015944907014540737,0.12345668411886236,0.6763409108940303,{'alpha': 1000},0.002625997586019982,0.5020763249202798,0.003951293438628008,0.014720382566941675,0.20658993136069323
lasso,Lasso,0.012802186185650679,-0.09228185260256283,0.0016787844977760235,0.12953038372329928,0.6411107673586433,{'alpha': 0.005},0.0026898544517808183,0.5127473209750433,0.004075594238243231,0.012361926616250109,0.21310036096789964
linear,LinearRegression,0.013093976898737694,-0.09649629919710132,0.0016647663623162918,0.13584537460798765,0.5514416466738944,{},0.0022272841516789124,0.4953473457472231,0.003771688299971074,0.01774291630733693,0.33000642148699905
rf,RandomForestRegressor,0.010832213190066008,-0.0066842592339190765,0.0015530636195606239,0.10422388560018504,0.4949115231093092,"{'max_depth': 30, 'n_estimators': 700}",0.0025026919569645987,0.5147062544919098,0.0031152252957663204,0.013250087415975307,0.6846160458446853
cb,CatBoostRegressor,0.011101686930033196,-0.027935596390194068,0.001851262251721007,0.10541785760785428,0.3044294255187737,"{'depth': 8, 'l2_leaf_reg': 1, 'learning_rate': 0.01}",0.002761467176887186,0.5621796506103904,0.0033134870213039577,0.011826417506617124,1.256316214771971
