model,class_name,mae_mean,te_mean,mse_mean,mape_mean,r2_mean,params,mae_sd,te_sd,mse_sd,mape_sd,r2_sd
linear,LinearRegression,156.8180168590359,-5166.403434975041,62462.64111814738,0.13161979333073753,0.9287533327668512,{},15.771533752730827,3203.7649961823276,18197.802659614772,0.01229575356787094,0.01052771996843841
ridge,Ridge,156.6783159590426,-5240.229660065893,62503.628315254275,0.13152943465449013,0.9287201448799893,{'alpha': 0.1},15.808902894569409,3218.354258702479,18214.561442098056,0.012308178098676006,0.010458600031953452
cb,CatBoostRegressor,156.9725309488295,-3846.9293377115223,75731.88509862577,0.1355430320531766,0.9130740880727782,"{'depth': 6, 'l2_leaf_reg': 7, 'learning_rate': 0.1}",18.279153566373996,3682.411939837304,30409.41676875163,0.015865400176975852,0.02820959721287942
lasso,Lasso,168.83408599533828,-7592.656553616275,79407.22842212091,0.13862556079527455,0.9100510279685408,{'alpha': 0.005},18.76624644441769,3790.021858719063,24621.671301396753,0.013688992089922884,0.012536929774144211
gb,GradientBoostingRegressor,170.4445210370199,-4020.3533227107246,85567.33179246394,0.14684806625260155,0.9022805589135914,"{'learning_rate': 0.05, 'max_depth': 5}",18.670991567443735,3919.449824284878,32495.242697623904,0.017168290941660214,0.027217316502655395
rf,RandomForestRegressor,192.45978136308975,-5395.039430950059,114144.71805188405,0.1600525288682423,0.8720639792372216,"{'max_depth': 30, 'n_estimators': 1000}",20.895166200349482,4380.622434611047,49452.78533805597,0.016972346188415453,0.03677596490735469
