model,mae,te,mse,mape,r2,class_name,params
cb,30.172834353265472,-1636.4216902184885,1899.8289102613182,0.023375333081946496,0.9984616834628909,CatBoostRegressor,"{'learning_rate': 0.1, 'depth': 6, 'l2_leaf_reg': 7}"
rf,66.9099196919499,-9657.436712891802,17260.671540627813,0.05294640781092868,0.9860238064969203,RandomForestRegressor,"{'max_depth': 30, 'n_estimators': 1000}"
gb,69.01266835780581,-4242.05460303958,14654.655765757572,0.0514737202317708,0.9881339318565239,GradientBoostingRegressor,"{'learning_rate': 0.05, 'max_depth': 3}"
linear,146.7547018669407,-11546.056434468102,57177.05641506023,0.12179700344026183,0.9537029829626017,LinearRegression,{}
ridge,147.61348119386648,-12113.881883078076,56900.02012846489,0.12250691206835401,0.9539273028993851,Ridge,{'alpha': 1}
lasso,150.004167332651,-16360.103261221153,59175.79620117607,0.12303709171445415,0.9520845769841723,Lasso,{'alpha': 0.005}
eng,279.1433792121064,-58384.42941313401,178781.22865791814,0.22150885741387186,0.8552384801159073,Calculation,
