model,r2,mse,mae,mape,class_name,params
ridge,0.7377917410925,0.00030925378011694923,0.011434251819947791,0.12258767509613896,Ridge,{'alpha': 1000}
lasso,0.7284737157767724,0.00032024364963563115,0.011792585882691225,0.12465216394410354,Lasso,{'alpha': 0.005}
gb,0.7212777808570967,0.0003287306823654823,0.011865181721588604,0.11978310430739174,GradientBoostingRegressor,"{'learning_rate': 0.005, 'max_depth': 6}"
eng,0.25923577054280555,0.0008736724735122521,0.01880210831131136,0.19414355343031642,Calculation,
rf,0.16222401663440433,0.0009880901190011835,0.012049933975155289,0.11992213120931662,RandomForestRegressor,"{'max_depth': 30, 'n_estimators': 200}"
cb,-0.6208746314981244,0.0019116926712186193,0.011988187601070899,0.11349232996239778,CatBoostRegressor,"{'depth': 8, 'l2_leaf_reg': 1, 'learning_rate': 0.01}"
linear,-2.746530216717641,0.0044187343170263614,0.04722457386287963,0.44912169272591795,LinearRegression,{}
