model,mae,te,mse,mape,r2,class_name,params
linear,153.8065157321528,-26155.994653181802,58016.77654514409,0.11572121160415005,0.9333033555260152,LinearRegression,{}
ridge,153.83713002646056,-26533.470573666826,58009.75498389951,0.11565348735039731,0.9333114275803738,Ridge,{'alpha': 0.1}
gb,154.77913633356084,-17345.106330747178,56831.77320816042,0.13121810393272013,0.934665646762685,GradientBoostingRegressor,"{'learning_rate': 0.05, 'max_depth': 5}"
cb,155.538706037148,-16059.391016895665,59122.16045294907,0.12531365065344355,0.9320325955511178,CatBoostRegressor,"{'depth': 6, 'l2_leaf_reg': 7, 'learning_rate': 0.1}"
lasso,165.25908741754483,-41711.36015551019,66823.55648548304,0.11986187282923351,0.9231789965798687,Lasso,{'alpha': 0.005}
rf,179.79971935622723,-30716.069927657973,89579.25952496976,0.13662264273946512,0.897018821441575,RandomForestRegressor,"{'max_depth': 30, 'n_estimators': 1000}"
eng,265.39022007012505,43568.3326546733,324343.0829126224,0.18528640271209848,0.6271320715002742,Calculation,
