model,class_name,best_cv_mean_score,best_cv_std_score,best_params
ridge,Ridge,0.9621577865104773,0.006581224006038892,{'alpha': 1}
linear,LinearRegression,0.9614555576909861,0.006926497839723105,{}
lasso,Lasso,0.958821086553546,0.005601320322140008,{'alpha': 0.005}
cb,CatBoostRegressor,0.9492764780175575,0.008109521754149559,"{'depth': 6, 'l2_leaf_reg': 1, 'learning_rate': 0.05}"
gb,GradientBoostingRegressor,0.9477941880964955,0.008891030266459208,"{'learning_rate': 0.01, 'max_depth': 3}"
rf,RandomForestRegressor,0.9199715321422192,0.018802779312162975,"{'max_depth': 50, 'n_estimators': 1000}"
