,cb,gb,lasso,linear,rf,ridge,mean,sd
rel_power_ship_sum,1,1,2,2,3,2,1.8333333333333333,0.6871842709362768
rel_power_ship_squared_sum,4,3,1,1,7,1,2.8333333333333335,2.1921577396609844
cal_fc,2,2,3,6,1,6,3.3333333333333335,1.9720265943665387
Draught..m.,3,4,4,4,4,4,3.8333333333333335,0.372677996249965
rel_power_ship_cubed_sum,5,5,6,3,2,3,4.0,1.4142135623730951
ME_W_ref_first,6,6,8,5,5,5,5.833333333333333,1.0671873729054748
Speed..knots.,7,7,5,7,6,7,6.5,0.7637626158259734
ME_SFC_base_first,8,8,7,8,8,8,7.833333333333333,0.3726779962499649
