model,class_name,r2_mean,mse_mean,mae_mean,mape_mean,params,r2_sd,mse_sd,mae_sd,mape_sd
gb,GradientBoostingRegressor,0.7586100864966069,197284.51349127915,268.18305247604275,0.2253285503223065,"{'learning_rate': 0.005, 'max_depth': 5}",0.05310393118794084,51795.442472403556,22.15399283673446,0.02340578171956394
ridge,Ridge,0.7285661866846821,221096.34152824612,277.35306228426174,0.2299003339238285,{'alpha': 100},0.08962437081728733,76622.95995166127,26.68648014160865,0.020252944867851473
lasso,Lasso,0.7165913785695435,229748.23127702324,273.36416373107403,0.22354140448663967,{'alpha': 0.01},0.12190611157712375,99034.33060150892,28.433492187245463,0.022362128922413203
linear,LinearRegression,0.7105986283796425,233905.78087356538,273.2373460430534,0.22351605871622152,{},0.13780016828370492,110607.76364728958,29.641682146464277,0.02280301761682722
