model,class_name,mae_mean,te_mean,mse_mean,mape_mean,r2_mean,params,mae_sd,te_sd,mse_sd,mape_sd,r2_sd
ridge,Ridge,126.96359226193826,-1643.0521730994546,40619.90145539309,0.10581709935004184,0.9560905106474967,{'alpha': 0.1},10.864551940530642,2637.5417729089736,11807.299922146001,0.012305257287844148,0.013860456540063114
linear,LinearRegression,127.32745730788706,-1627.4664557298668,40906.52430770775,0.10605030944868098,0.9557887925702209,{},10.846267838294647,2666.683474603079,11838.69341372445,0.012451631427530275,0.013836814757492044
lasso,Lasso,130.3090835131594,-2939.3700894650115,42587.2519590051,0.10682082159733394,0.9543071022154483,{'alpha': 0.005},10.845812096950407,2598.388580923434,12165.419015206522,0.01247411923171071,0.01385624995204046
cb,CatBoostRegressor,131.0725191154389,-2313.5660018833164,46977.92003459314,0.11132148242314824,0.9507464460128507,"{'depth': 6, 'l2_leaf_reg': 1, 'learning_rate': 0.05}",14.058794748449504,2606.694824117093,18254.109609876967,0.014782232045843618,0.01494982231830865
gb,GradientBoostingRegressor,133.0650725864935,-2958.5719655863163,49376.20439371064,0.1108633387974727,0.9479535298407876,"{'learning_rate': 0.01, 'max_depth': 4}",13.272973882420692,2432.099003429354,20940.441001303003,0.012456010363939084,0.018765443899939463
rf,RandomForestRegressor,163.20042156624868,-4079.3871113862956,78375.64628519477,0.1313808169205169,0.9182494815060749,"{'max_depth': 30, 'n_estimators': 700}",14.318493361048906,3305.1707273319576,30404.924753445182,0.013348309120849727,0.021837507433547305
