model,mae,te,mse,mape,r2,class_name,params
gb,140.46825656269482,81695.07885194675,47975.97949876706,0.12657303355613436,0.9367398972611931,GradientBoostingRegressor,"{'learning_rate': 0.005, 'max_depth': 6}"
ridge,145.9531060408752,56461.9208614401,48209.41918065359,0.12972842515789332,0.9364320886783618,Ridge,{'alpha': 1000}
lasso,163.21260842009315,122322.9188498622,60674.439106934085,0.1405649554758523,0.9199959794125147,Lasso,{'alpha': 0.005}
linear,292.6534246588238,165743.3163433873,267032.9518317249,0.22382080007776617,0.6478960483140126,LinearRegression,{}
eng,353.0756591221561,384260.16561674944,735305.3280418017,0.2689841045589257,0.030442086179565897,Calculation,
