model,r2,mse,mae,mape,class_name,params
linear,0.9303162476297566,66963.76097572235,161.7867152032153,0.12827761121010725,LinearRegression,{}
ridge,0.9303147958616746,66965.1560764098,161.78207306033005,0.12827574112246387,Ridge,{'alpha': 0.005}
lasso,0.9193817056818555,77471.49094823933,169.63519039009245,0.1329667099534589,Lasso,{'alpha': 0.005}
gb,0.9020790870966959,94098.73009337878,173.10613819342527,0.13676791629684706,GradientBoostingRegressor,"{'learning_rate': 0.05, 'max_depth': 4}"
cb,0.895201281831869,100708.07146960625,166.49235332326538,0.13124541593275788,CatBoostRegressor,"{'depth': 6, 'l2_leaf_reg': 7, 'learning_rate': 0.1}"
rf,0.8839187916045755,111550.16812905694,193.0722371659735,0.15272390862041527,RandomForestRegressor,"{'max_depth': 50, 'n_estimators': 200}"
eng,0.514774542636733,466285.4746049015,309.6549941966246,0.22778769011231972,Calculation,
