model,class_name,r2,mse,mae,mape,params
gb,GradientBoostingRegressor,0.8494673946355941,125825.49981356376,213.8415284660639,0.16520153757354064,"{'learning_rate': 0.005, 'max_depth': 3}"
linear,LinearRegression,0.7965956799874039,170019.31354251748,241.99557536469126,0.18432982552796778,{}
ridge,Ridge,0.79655275336267,170055.19456642837,242.00069648143082,0.1843415910889365,{'alpha': 1}
lasso,Lasso,0.7956191749921353,170835.54354665955,242.25161518055555,0.1846521730812958,{'alpha': 0.005}
