model,mae,te,mse,mape,r2,class_name,params
cb,35.75597657038001,-2396.247629507759,2695.2543677483172,0.03044350713894474,0.9978176169742292,CatBoostRegressor,"{'learning_rate': 0.1, 'depth': 6, 'l2_leaf_reg': 7}"
rf,76.72725385732706,-6962.540359290371,17544.568538114156,0.06257693983379674,0.9857939313520008,RandomForestRegressor,"{'max_depth': 30, 'n_estimators': 700}"
gb,86.01787630235519,-6275.737919369407,21304.87600337546,0.06993334147042556,0.9827491607796702,GradientBoostingRegressor,"{'learning_rate': 0.05, 'max_depth': 3}"
linear,173.3975611966959,-19753.361366646608,79926.07475543534,0.14065197285156605,0.9352828026363718,LinearRegression,{}
ridge,173.42761418159012,-20190.46691457853,80116.47788363651,0.14047239625090033,0.9351286307110751,Ridge,{'alpha': 0.1}
lasso,181.41102708859393,-27337.84855869005,90229.99122099404,0.14408375235610643,0.9269395855127941,Lasso,{'alpha': 0.005}
eng,279.1433792121064,-58384.42941313401,178781.22865791814,0.22150885741387186,0.8552384801159073,Calculation,
