model,class_name,mae_mean,te_mean,mse_mean,mape_mean,r2_mean,params,mae_sd,te_sd,mse_sd,mape_sd,r2_sd
gb,GradientBoostingRegressor,0.01091362610188636,-0.05836889452590938,0.001365207416748561,0.10793286648162673,0.7217505437444157,"{'learning_rate': 0.005, 'max_depth': 6}",0.0024009732838204665,0.47160858660551497,0.003413942326704569,0.012173436792465948,0.1783472263509662
ridge,Ridge,0.011614370939443713,-0.07973759753049343,0.0016089783926370724,0.11705035198509788,0.6846639673915801,{'alpha': 1000},0.002751296567340612,0.5001060456276747,0.004016855427183159,0.011922810196688937,0.2189277136789154
lasso,Lasso,0.012717306877826849,-0.09391334719662332,0.001672621285063081,0.1281982832692541,0.6448246090971517,{'alpha': 0.005},0.0027300315529959385,0.5111174782012389,0.004069301467476869,0.0119484559655253,0.21368291134697223
linear,LinearRegression,0.012725625426931866,-0.09799621872749421,0.0016806599052487613,0.1263117379221003,0.5588297125450719,{},0.0024048018817560235,0.4997003249772594,0.0038403779349342956,0.0132467233786124,0.35596402267138544
rf,RandomForestRegressor,0.010931169452888013,-0.028068815339243117,0.0015006611160646036,0.10562978405180362,0.5573602827260749,"{'max_depth': 10, 'n_estimators': 1000}",0.00244296352354216,0.4857587932010643,0.0031138007122878332,0.013354727256038517,0.45206625521964633
cb,CatBoostRegressor,0.011075329514137262,-0.050359771947886954,0.0015991654599837462,0.10711503190494556,0.4714518840005983,"{'depth': 10, 'l2_leaf_reg': 15, 'learning_rate': 0.05}",0.0026400629430679235,0.492592344436162,0.0031340635338267765,0.011786155677456975,0.9908121359499608
