model,mae,te,mse,mape,r2,class_name,params
eng,272.27322035033234,-14816.096758460699,251494.1997375323,0.20341454063940992,0.7610818794126981,Calculation,
linear,486.3044941358565,-510056.51672295795,473585.390015729,0.32706517989383804,0.5500964577383993,LinearRegression,{}
linearstruct,587.3225453610919,-627240.4295433222,572712.5988737479,0.4299784299516824,0.4559261489832095,LinearRegression,{'fit_intercept': False}
