model,class_name,r2,corr,mse,mae,mape,params
gb,GradientBoostingRegressor,0.9917354575602697,0.9958868540226459,0.004163732143249486,0.04709177081429969,0.0069807902157881015,"{'learning_rate': 0.01, 'max_depth': 6}"
linear,LinearRegression,0.9665704754328318,0.9831446823261211,0.016842019626486397,0.09714543047347879,0.014362792104762604,{}
ridge,Ridge,0.9663902772039106,0.9830523005526349,0.016932804707861147,0.09753035493695256,0.01440537916528846,{'alpha': 10}
lasso,Lasso,0.9657171911258046,0.9827556316593866,0.017271910007279873,0.0993169370609736,0.014674932808671303,{'alpha': 0.005}
cb,CatBoostRegressor,0.9608175190185191,0.9802946668130272,0.019740397814471018,0.10044173602837417,0.01505409890939427,"{'depth': 6, 'l2_leaf_reg': 7, 'learning_rate': 0.05}"
rf,RandomForestRegressor,0.948192955616571,0.9739100273766215,0.026100737883448598,0.11992153932228512,0.017802290101555863,"{'max_depth': 50, 'n_estimators': 200}"
