r2,mse,mae,mape,class_name,params
0.9911722264259566,7378.8600117966125,57.29073321753601,0.04768720832307369,GradientBoostingRegressor,"{'learning_rate': 0.05, 'max_depth': 3}"
0.9629677879786791,30954.068558799692,116.34269240950057,0.09888876416841234,Ridge,{'alpha': 0.005}
0.9629676680222401,30954.168826637797,116.34269083006014,0.09889070408943648,LinearRegression,{}
0.9565549598567741,36314.35114810231,123.22021856561432,0.10406639026290111,Lasso,{'alpha': 0.005}
0.2083145593570258,661745.1151056599,347.1932236190591,0.27194801871631485,Calculation,
