model,mae,te,mse,mape,r2,class_name,params
rf,238.14860024171537,107636.13923105753,98430.62286871223,0.25874046844281423,0.8294896225800443,RandomForestRegressor,"{'max_depth': 10, 'n_estimators': 200}"
gb,259.8031660843463,123774.88131098851,114711.1445134214,0.28047798744516744,0.8012870387770772,GradientBoostingRegressor,"{'learning_rate': 0.01, 'max_depth': 3}"
cb,261.76152803969126,125250.55929213617,112483.26056000918,0.282203707754547,0.8051463797288343,CatBoostRegressor,"{'depth': 6, 'l2_leaf_reg': 1, 'learning_rate': 0.01}"
lasso,264.4420215464636,129519.64105515384,114540.72717452428,0.29365181018210024,0.801582251018221,Lasso,{'alpha': 0.005}
ridge,279.35925462721633,138380.31408433238,132050.05477035124,0.3013557818231545,0.7712510190324575,Ridge,{'alpha': 0.005}
linear,279.361564921055,138381.80514023663,132052.89341723052,0.30135659232110884,0.7712461016730359,LinearRegression,{}
eng,489.77705754034855,232086.75863626137,1569399.7501911845,0.3922135089140644,-1.718655393299798,Calculation,
