model,mae,te,mse,mape,r2,class_name,params
gb,134.26983835559827,-4048.113870242379,40331.496207929,0.1197397987558498,0.9290353641547116,GradientBoostingRegressor,"{'learning_rate': 0.05, 'max_depth': 3}"
ridge,140.10968739637218,4137.963002227015,46236.214705792125,0.1269640797168116,0.9186458116370091,Ridge,{'alpha': 0.005}
linear,140.1098384911957,4138.210761117483,46236.42568943293,0.12696407479058291,0.9186454404041353,LinearRegression,{}
lasso,141.21549520396294,3288.9987462346808,46708.717511532115,0.12719255061079787,0.9178144269204008,Lasso,{'alpha': 0.005}
eng,501.8676891331509,103612.6042334548,1339585.4509771145,0.3766394726528665,-1.3570460471423935,Calculation,
