model,r2,mse,mae,mape,class_name,params
lasso,0.9451917175048372,48777.31769049714,148.08875230253597,0.1279291628366333,Lasso,{'alpha': 0.005}
ridge,0.9325661076854063,60013.63733348164,146.83556452473795,0.12765321190736964,Ridge,{'alpha': 1000}
gb,0.9286039169432649,63539.83862608426,162.00249757675095,0.14771322137906856,GradientBoostingRegressor,"{'learning_rate': 0.005, 'max_depth': 6}"
linear,0.8090869720894494,169905.441106817,211.2903871815066,0.17701407910487063,LinearRegression,{}
eng,0.6999647155290702,267020.16050747165,245.82138729567131,0.19524065961190543,Calculation,
