model,mae,te,mse,mape,r2,class_name,params
linear,271.30959867748146,-109794.26329187995,191361.76707890318,0.27615604128999877,0.802107899044999,LinearRegression,{}
linearstruct,302.3847706182414,-390482.38486320525,215669.9414685457,0.2174914183376999,0.7769701937772405,LinearRegression,{'fit_intercept': False}
eng,282.7769968656568,93788.97756735413,271188.5612038001,0.2120116928502686,0.7195569681928364,Calculation,
