,report_fe,cal_fc
count,1777.0,1777.0
mean,0.09952120990433314,1317.8034811420596
std,0.047868291656524946,992.6645753477521
