model,r2,mse,mae,mape,class_name,params
gb,0.9315165530089975,60947.70166744899,139.98782726512957,0.11537647702576309,GradientBoostingRegressor,"{'learning_rate': 0.05, 'max_depth': 3}"
eng,0.6999647155290702,267020.16050747165,245.82138729567131,0.19524065961190543,Calculation,
linear,0.5267904841780051,421138.7373697196,312.9918117672179,0.25354140171089534,LinearRegression,{}
ridge,0.47930333137541414,463400.5239650866,301.9653982171011,0.29660638132469913,Ridge,{'alpha': 1000}
lasso,0.023407317901900093,869130.8930017619,340.43079481352885,0.34240789741603567,Lasso,{'alpha': 0.1}
