r2,mse,mae,mape,class_name,params
0.9903986942051535,8025.43141783079,61.545412224733504,0.05075677194642161,CatBoostRegressor,"{'depth': 6, 'l2_leaf_reg': 7, 'learning_rate': 0.1}"
0.9866993734123267,11117.578043482657,65.94224519996325,0.05601054964721368,GradientBoostingRegressor,"{'learning_rate': 0.05, 'max_depth': 4}"
0.9805075737602156,16293.109843296666,70.53587908743043,0.055500389637143155,RandomForestRegressor,"{'max_depth': 50, 'n_estimators': 200}"
0.9310584262586363,57626.106669325556,150.48922454511958,0.12271659181156504,LinearRegression,{}
0.9310524691416645,57631.086037208115,150.48854614444926,0.12271434940380359,Ridge,{'alpha': 0.005}
0.9135026814566937,72300.40503117486,162.45031527422032,0.1294756995864444,Lasso,{'alpha': 0.005}
0.2083145593570258,661745.1151056599,347.1932236190591,0.27194801871631485,Calculation,
