model,class_name,r2,corr,mse,mae,mape,params
gb,GradientBoostingRegressor,0.9975510315556153,0.9987812387497239,0.0012338067962079247,0.0262863401757086,0.0038574562858172154,"{'learning_rate': 0.1, 'loss': 'squared_error', 'max_depth': 3, 'max_features': 'sqrt', 'min_samples_leaf': 20, 'min_samples_split': 20, 'n_estimators': 2000, 'warm_start': True}"
linear,LinearRegression,0.9665667692922,0.9831412763647956,0.016843886805097755,0.0980659025749574,0.014505228226010133,{}
ridge,Ridge,0.9665667673956804,0.9831412754291309,0.016843887760577114,0.09806557506471686,0.014505153700654966,{'alpha': 0.01}
lasso,Lasso,0.9647510105011373,0.9824146207157727,0.017758678313262874,0.10179890039468337,0.0150324013743898,{'alpha': 0.01}
