r2,mse,mae,mape,class_name,params
0.9965791249129844,2859.402563195707,36.92139830016178,0.0301426934157188,CatBoostRegressor,"{'depth': 6, 'l2_leaf_reg': 1, 'learning_rate': 0.05}"
0.9925462682652596,6230.341385041239,52.07679326546872,0.042558598010903635,GradientBoostingRegressor,"{'learning_rate': 0.05, 'max_depth': 3}"
0.988824271132903,9341.442454139864,53.32032692597006,0.04329763987919606,RandomForestRegressor,"{'max_depth': 30, 'n_estimators': 1000}"
0.9645331880489989,29645.599567783738,113.52982723585752,0.09648358116093812,Ridge,{'alpha': 1}
0.9643653456101442,29785.893816379838,113.42852859321077,0.09648905345125064,LinearRegression,{}
0.9599358091445982,33488.40489941415,118.60799972801402,0.10048667676337314,Lasso,{'alpha': 0.005}
0.2083145593570258,661745.1151056599,347.1932236190591,0.27194801871631485,Calculation,
