,cb,gb,lasso,linear,rf,ridge,mean,sd
rel_power_ship_sum,2,1,1,2,2,2,1.6666666666666667,0.4714045207910317
cal_fc,1,2,3,4,1,4,2.5,1.2583057392117916
rel_power_ship_squared_sum,3,4,2,1,5,1,2.6666666666666665,1.4907119849998596
rel_power_ship_cubed_sum,4,3,8,3,3,3,4.0,1.8257418583505538
Draught..m.,5,5,4,6,6,6,5.333333333333333,0.74535599249993
ME_W_ref_first,6,6,6,5,4,5,5.333333333333333,0.7453559924999299
Speed..knots.,7,7,5,7,7,7,6.666666666666667,0.74535599249993
ME_SFC_base_first,8,8,7,8,8,8,7.833333333333333,0.3726779962499649
