model,class_name,r2,mse,mae,mape,params
gb,GradientBoostingRegressor,0.9934276664539495,5493.608187882964,49.659095704008905,0.0408106272910708,"{'learning_rate': 0.05, 'max_depth': 3}"
ridge,Ridge,0.965176010867078,29108.284066065156,112.64557467053832,0.09612014298323017,{'alpha': 1}
linear,LinearRegression,0.9649515450175714,29295.90805381776,112.62444885902558,0.09616197094005899,{}
lasso,Lasso,0.9604233206845059,33080.90924074758,117.9620972540511,0.10003767506131761,{'alpha': 0.005}
