model,r2,mse,mae,mape,class_name,params
ridge,0.9535335881333461,40314.91677065368,130.95819552178068,0.10922628041059838,Ridge,{'alpha': 1}
linear,0.9534554436031863,40382.7160713295,131.62699779591904,0.10941296745898071,LinearRegression,{}
lasso,0.950691386464628,42780.85117610348,132.48667409740776,0.10943102609741132,Lasso,{'alpha': 0.005}
gb,0.9411326481132949,51074.147894867325,137.90226860136966,0.1119533714635055,GradientBoostingRegressor,"{'learning_rate': 0.01, 'max_depth': 6}"
eng,0.5798127006386535,364560.44960930356,260.24568481368965,0.20372183714319292,Calculation,
