model,class_name,r2,mse,mae,mape,params
cb,CatBoostRegressor,0.9992876775198859,595.4080969489796,16.979995944152154,0.013951310887256872,"{'depth': 6, 'l2_leaf_reg': 1, 'learning_rate': 0.1}"
gb,GradientBoostingRegressor,0.9915365411102519,7074.340754125428,55.26557680811173,0.045766812272064535,"{'learning_rate': 0.05, 'max_depth': 3}"
rf,RandomForestRegressor,0.9879103460951091,10105.363827812898,55.79969660878819,0.04535069062520014,"{'max_depth': 50, 'n_estimators': 700}"
ridge,Ridge,0.9631790628307471,30777.470513511544,115.11570062441915,0.09764412604651719,{'alpha': 0.1}
linear,LinearRegression,0.9631033425478134,30840.76273132104,115.14665922828831,0.0976870312194611,{}
lasso,Lasso,0.9565502092940267,36318.32199502043,123.21926854402945,0.10406471570850338,{'alpha': 0.005}
