model,class_name,r2_mean,rmse_mean,mae_mean,mape_mean,params,r2_sd,rmse_sd,mae_sd,mape_sd
gb,GradientBoostingRegressor,0.7051747582494828,0.0020005182966992222,0.011134419855826635,0.10683628274814692,"{'learning_rate': 0.005, 'max_depth': 5}",0.2012178151302106,0.005380092766025202,0.003833267803923396,0.011560658930448487
ridge,Ridge,0.664338324200688,0.0020230674264506516,0.012593482654278237,0.12417673717215862,{'alpha': 100},0.18777854100929883,0.005319487651564366,0.0033903330588599062,0.015086267988848902
lasso,Lasso,0.6257172216603528,0.0022201702270506596,0.013279549187222746,0.12694664505422024,{'alpha': 0.005},0.20244142002148435,0.0057935272423625195,0.003939858037545319,0.01144731190006071
linear,LinearRegression,0.5695223381082777,0.0018485235695773095,0.014427813402931627,0.14583028065450157,{},0.1677370103465477,0.004492653504558915,0.0026748337727223407,0.021762582451741938
