,cb,gb,lasso,linear,rf,ridge,mean,sd
work_sum,1,1,1,1,1,1,1.0,0.0
draught_mean,4,3,2,2,4,2,2.8333333333333335,0.8975274678557507
Draught..m.,2,2,4,4,2,4,3.0,1.0
ME_W_ref_first,3,4,3,3,3,3,3.1666666666666665,0.372677996249965
ME_SFC_base_first,5,5,5,5,5,5,5.0,0.0
Speed..knots.,6,6,6,6,6,6,6.0,0.0
