model,class_name,r2_mean,mse_mean,mae_mean,mape_mean,params,r2_sd,mse_sd,mae_sd,mape_sd
gb,GradientBoostingRegressor,0.8983163401244749,83206.76503551893,183.48103487973603,0.15956037184304162,"{'learning_rate': 0.01, 'max_depth': 3}",0.030961159015997292,27661.06571660498,17.61445699180481,0.015509288609374736
linear,LinearRegression,0.8632042597761279,112467.51458094725,204.99189069572043,0.16884086486124086,{},0.035810289383656026,38016.09432321605,22.426835252063402,0.013450527211696614
ridge,Ridge,0.8632033519818456,112468.36084141866,204.99165941498555,0.16884083925406124,{'alpha': 0.005},0.0358113025197146,38017.443908658446,22.426151841398593,0.013450774176057046
lasso,Lasso,0.860052564525726,115222.05132691181,206.29176431152948,0.1698241422166916,{'alpha': 0.005},0.03617449881857607,39380.52560203734,21.122712681767844,0.013522351485250094
