model,class_name,mae_mean,te_mean,mse_mean,mape_mean,r2_mean,params,mae_sd,te_sd,mse_sd,mape_sd,r2_sd
ridge,Ridge,108.91543975552243,-936.5629022201315,30601.623949450823,0.0955912468298926,0.9564709945392612,{'alpha': 1},12.812881995855255,1794.9119101382832,12823.761756443135,0.01829036302684687,0.012794536660002659
lasso,Lasso,112.70948801837066,-1518.1532798119501,30909.023388276808,0.09831116405649748,0.9558583515208507,{'alpha': 0.005},12.680541235913314,1838.30341755643,11278.635168536679,0.017129697079514325,0.010187688622494868
linear,LinearRegression,110.17355469927817,-866.4850056257643,32242.393115466726,0.10012603877805967,0.9544250740863632,{},14.601996775782865,1749.4659647331605,15641.176148625014,0.029145010985399348,0.01654376595829859
gb,GradientBoostingRegressor,121.71990906355963,-1640.3419549148268,42267.9973219161,0.10688536932688311,0.9399244135131807,"{'learning_rate': 0.01, 'max_depth': 6}",14.010298650718871,2235.3562223205076,20927.921698691647,0.01704224510682259,0.021815573852678655
