model,class_name,mae,te,mse,mape,r2,params
gb,GradientBoostingRegressor,0.008063038318322694,0.46700676644775385,0.0001284816862615806,0.10313187082491253,0.5009413055047778,"{'learning_rate': 0.005, 'max_depth': 6}"
linear,LinearRegression,0.009136610507853108,0.5095931076930914,0.00013923044606624173,0.11720654244011532,0.4591901253043903,{}
lasso,Lasso,0.010665919859345266,1.9664632278166998,0.0001707711578470127,0.14576430013873437,0.3366772061268304,{'alpha': 0.005}
ridge,Ridge,0.008346859534787024,0.6536285503177136,0.00011230055435270978,0.110865974694168,0.5637933336876519,{'alpha': 1000}
rf,RandomForestRegressor,0.007803204101707633,0.5096483019136402,0.00011838042675050768,0.09846996477212784,0.5401774140198083,"{'max_depth': 10, 'n_estimators': 700}"
cb,CatBoostRegressor,0.0075838954817707945,0.44479354286960027,0.00010047709402769551,0.09725054075386043,0.6097189503720752,"{'learning_rate': 0.01, 'depth': 10, 'l2_leaf_reg': 1}"
