model,class_name,mae,te,mse,mape,r2,params
linear,LinearRegression,0.00015657584092739705,0.009442522713519539,5.2743954687247604e-08,0.24329161680867967,0.8446795922377339,{}
linearstruct,LinearRegression,0.0001494446066918456,-0.010312503929528809,5.6269035307203346e-08,0.17577705607195268,0.8342989341597995,{'fit_intercept': False}
