model,class_name,r2,mse,mae,mape,params
gb,GradientBoostingRegressor,0.9449500292804107,46014.549895993565,139.21376279238754,0.12171432244801739,"{'learning_rate': 0.01, 'max_depth': 3}"
linear,LinearRegression,0.8675357456626659,110722.72993002465,203.8315183484772,0.16762213417341712,{}
ridge,Ridge,0.8675348874213238,110723.44730713745,203.83122588836798,0.16762204622454224,{'alpha': 0.005}
lasso,Lasso,0.8637028652957266,113926.51482917157,205.3692501968664,0.16882787356394072,{'alpha': 0.005}
