model,class_name,mae_mean,te_mean,mse_mean,mape_mean,r2_mean,params,mae_sd,te_sd,mse_sd,mape_sd,r2_sd
ridge,Ridge,101.53202610998873,-1316.5693513170872,27980.364148197936,0.0984167389546418,0.9547290851745678,{'alpha': 0.1},7.781382273909627,2280.0917310479604,9955.780857809143,0.009796595470323917,0.012967876632236258
linear,LinearRegression,101.61916592541661,-1314.3185086257686,28060.76374877715,0.09851546856598856,0.95461062753448,{},7.812566663882413,2283.993419539035,10017.917563604491,0.009799433678295723,0.013026053373666066
cb,CatBoostRegressor,104.21032771542534,-1890.964950526798,28473.072628220532,0.10487668344581219,0.954214947298071,"{'depth': 6, 'l2_leaf_reg': 15, 'learning_rate': 0.05}",7.659805497150887,2292.928268219158,10194.769652743604,0.011728041699355577,0.01119788400816801
lasso,Lasso,105.44221901128245,-2225.255297886043,28849.791071788644,0.10174840925752678,0.9534403185416165,{'alpha': 0.005},7.241436109408609,2122.1582785552732,9056.143389683159,0.008946261979755066,0.010314814976902363
gb,GradientBoostingRegressor,107.39208941744054,-2087.970925138992,31553.83972415179,0.10585571512583504,0.9493976837744783,"{'learning_rate': 0.01, 'max_depth': 4}",9.079107768100243,2348.4546696064785,13702.169641892413,0.01190485105040719,0.01527366681201764
rf,RandomForestRegressor,116.54870977580704,-1802.9174080373389,36330.817952695535,0.11412103994335866,0.9415941699125677,"{'max_depth': 50, 'n_estimators': 1000}",8.291458844507288,2507.990144104655,12694.728060251713,0.009954249833955039,0.01310712993484825
