model,r2,corr,mse,mae,mape,class_name,params
linear,0.9222788925489707,0.9622967561887915,0.04258794311561312,0.15271472780767512,0.022926775379020915,LinearRegression,{}
ridge,0.9216697541350806,0.9620210370426207,0.0429217257001785,0.15304029504639977,0.023003351119990873,Ridge,{'alpha': 10}
lasso,0.9194679162952661,0.9606021158460561,0.044128241507109096,0.15516260016147182,0.023339563798586555,Lasso,{'alpha': 0.005}
gb,0.9163890858984836,0.9589577532888967,0.04581531285878038,0.16208680256433922,0.024114632866576727,GradientBoostingRegressor,"{'learning_rate': 0.01, 'max_depth': 6}"
eng,0.8258874182382063,0.927103826486711,0.0877190913486793,0.20067751470272488,0.029284960851771392,,
