model,r2,corr,mse,mae,mape,class_name,params
ridge,0.9564919393150164,0.9790913698010572,0.023840612599224962,0.10718780878030497,0.016071157282362178,Ridge,{'alpha': 10}
lasso,0.9563245847992207,0.9788456084985385,0.023932315932239625,0.10730706964662605,0.01605864394535727,Lasso,{'alpha': 0.005}
linear,0.9556257191710897,0.9788764083348434,0.024315265308444144,0.10825440810903626,0.01620605042615133,LinearRegression,{}
gb,0.954527003814202,0.9783063607742727,0.024917315750775666,0.11100150539894874,0.016631085934356433,GradientBoostingRegressor,"{'learning_rate': 0.01, 'max_depth': 6}"
eng,0.8258874182382063,0.927103826486711,0.0877190913486793,0.20067751470272488,0.029284960851771392,,
