model,r2,mse,mae,mape,class_name,params
ridge,0.949596015945193,48436.546908910685,134.14187188011675,0.11183843153186328,Ridge,{'alpha': 0.005}
linear,0.9495823351017144,48449.69374302179,134.1491205957203,0.11184798151047363,LinearRegression,{}
lasso,0.9482099438938232,49768.51590291539,142.22068289992396,0.11497817924782881,Lasso,{'alpha': 0.005}
gb,0.938889374614459,58725.27199240987,146.47202512672305,0.12006441486649899,GradientBoostingRegressor,"{'learning_rate': 0.05, 'max_depth': 3}"
eng,0.514774542636733,466285.4746049015,309.6549941966246,0.22778769011231972,Calculation,
