model,class_name,r2_mean,mse_mean,mae_mean,mape_mean,params,r2_sd,mse_sd,mae_sd,mape_sd
ridge,Ridge,0.9558506476731552,38796.02719944134,123.67903408873092,0.10001734056349465,{'alpha': 1},0.013899070870524964,18549.230038178914,17.112705733925218,0.01014500224034026
linear,LinearRegression,0.9556885967197386,39319.95139267204,123.78850722594765,0.09985853114478307,{},0.01380190514328562,19614.224577359553,17.595116778647263,0.009872870583825683
lasso,Lasso,0.9540990399512799,40348.14653447441,126.7508935175927,0.1023765081985828,{'alpha': 0.005},0.014671917752186714,19672.626579978572,19.205722592597432,0.00939864273252369
