model,class_name,r2_mean,mse_mean,mae_mean,mape_mean,params,r2_sd,mse_sd,mae_sd,mape_sd
linear,LinearRegression,0.9096343915616244,75369.87898069134,168.51849535365835,0.13677016989997892,{},0.020563919869607435,27425.13312589103,19.7487320520542,0.009215055174109837
ridge,Ridge,0.9096247159461104,75378.63219476411,168.52368461372424,0.1367693337884728,{'alpha': 0.005},0.020563436075724716,27429.370879169255,19.750692376910273,0.009216205011773023
gb,GradientBoostingRegressor,0.891258610881548,88104.65173749247,181.188701170414,0.15202352101466993,"{'learning_rate': 0.1, 'max_depth': 3}",0.02472767718206931,21763.06068551418,17.46629795334872,0.01104705683120746
lasso,Lasso,0.8811488487878353,99665.42276439496,188.93516581056787,0.1489547607111915,{'alpha': 0.005},0.02209226206567669,34535.41808310864,21.495563142602506,0.010974204248611792
