model,r2,mse,mae,mape,class_name,params
gb,0.7750393954354842,216179.63500262084,262.87104766958674,0.19447413455459295,GradientBoostingRegressor,"{'learning_rate': 0.005, 'max_depth': 3}"
linear,0.7750164349317057,216201.69928065714,265.1949588633662,0.2074553567553557,LinearRegression,{}
lasso,0.7679763919823526,222966.9456585289,268.62623996333315,0.2091125943567538,Lasso,{'alpha': 0.01}
ridge,0.761857911631544,228846.60112784538,279.7338434986551,0.2204254889202834,Ridge,{'alpha': 100}
eng,0.514774542636733,466285.4746049015,309.6549941966246,0.22778769011231972,Calculation,
