model,class_name,mae_mean,te_mean,mse_mean,mape_mean,r2_mean,params,mae_sd,te_sd,mse_sd,mape_sd,r2_sd
linear,LinearRegression,0.00016806367338638984,6.210355373526596e-06,5.250450752914174e-07,0.24378006516755493,0.7465608962741281,{},4.7109908632164103e-05,0.010079627528914491,1.4031483110944094e-06,0.029038991871155415,0.22633484246236665
