model,r2,rmse,mae,mape,class_name,params
gb,0.9547824082054831,40241.962341276165,129.52801753160605,0.1144874668754042,GradientBoostingRegressor,"{'learning_rate': 0.005, 'max_depth': 6}"
ridge,0.9445767162345939,49324.645776199526,140.5187242844333,0.12021632466344534,Ridge,{'alpha': 1000}
lasso,0.9425368282183277,51140.06967369597,145.81882810636264,0.12316531438854533,Lasso,{'alpha': 0.005}
eng,0.6999647155290702,267020.16050747165,245.82138729567131,0.19524065961190543,Calculation,
linear,-30.31184371366494,27866367.61389896,3642.390846966238,2.829929204558199,LinearRegression,{}
