model,class_name,mae,te,mse,mape,r2,params
gb,GradientBoostingRegressor,0.009434934716335958,0.09866819771360258,0.0001769486004104711,0.10484345202804594,0.7421695850461594,"{'learning_rate': 0.005, 'max_depth': 4}"
linear,LinearRegression,0.011129520680577347,-0.12957441458412194,0.00020862680558373276,0.12402296309277375,0.6960115212588878,{}
lasso,Lasso,0.011236816317083393,1.4939455232586756,0.00022034128865790586,0.12671948404122385,0.6789424400399495,{'alpha': 0.005}
ridge,Ridge,0.010757537692996004,-0.028149942275436768,0.0001997318246486258,0.11950574252791975,0.7089723280704991,{'alpha': 100}
rf,RandomForestRegressor,0.0090789561571174,0.23289398041737613,0.00015881227053347386,0.10071117407907082,0.7685958887698322,"{'max_depth': 10, 'n_estimators': 1000}"
cb,CatBoostRegressor,0.008966352278500829,0.17586998046700686,0.00014466536856746844,0.09870948422241804,0.789209228438783,"{'depth': 8, 'l2_leaf_reg': 1, 'learning_rate': 0.01}"
