model,class_name,r2_mean,mse_mean,mae_mean,mape_mean,params,r2_sd,mse_sd,mae_sd,mape_sd
ridge,Ridge,0.9617277434992839,31138.210944683004,116.2636606559689,0.09909425863631673,{'alpha': 1},0.008447447211297554,8077.4522202949,12.411528432569106,0.007284867271753542
linear,LinearRegression,0.9609468473181558,31761.359507864683,116.61193798187462,0.09965052134879542,{},0.008983177612630604,8433.720502651737,12.27496764105912,0.006836042437756627
lasso,Lasso,0.9584852258791227,34122.124872402266,119.93403877950375,0.10183287193979945,{'alpha': 0.005},0.008366860446088312,9803.30594114646,11.971352366413296,0.007777909182336977
gb,GradientBoostingRegressor,0.9508552198492194,40672.530381679135,126.44841415148055,0.1105405859143094,"{'learning_rate': 0.05, 'max_depth': 3}",0.009122638632649274,12351.381175041322,14.030479811480243,0.007609312352890214
