model,mae,te,mse,mape,r2,class_name,params
lasso,137.94452023733496,-20138.47802956709,43429.84782814157,0.14035930156701432,0.9162928225727259,Lasso,{'alpha': 0.005}
ridge,143.82025500392342,-19019.8034840046,46728.52993388254,0.1472197558444275,0.9099349055615015,Ridge,{'alpha': 0.005}
linear,143.82087127439058,-19018.883535903165,46728.82793598849,0.14722048968990015,0.909934331188889,LinearRegression,{}
gb,158.43060599385382,16019.267799697485,67246.6365412947,0.1782188851720397,0.8703880759927028,GradientBoostingRegressor,"{'learning_rate': 0.01, 'max_depth': 3}"
cb,169.32203347039618,26037.015840009575,80140.72985874144,0.18984323619534424,0.8455358554332755,CatBoostRegressor,"{'depth': 6, 'l2_leaf_reg': 7, 'learning_rate': 0.05}"
rf,195.17039858844058,53826.97429746759,121323.86693711746,0.19305311987609344,0.76615901358771,RandomForestRegressor,"{'max_depth': 10, 'n_estimators': 700}"
eng,341.81525130625437,104999.28719350879,910301.3556092082,0.2980186077823141,-0.7545250765740188,Calculation,
