model,class_name,r2_mean,mse_mean,mae_mean,mape_mean,params,r2_sd,mse_sd,mae_sd,mape_sd
ridge,Ridge,0.9533957901513399,54386.76127078199,150.9008480843191,0.09996513523138548,{'alpha': 0.01},0.010915517479130882,11572.40273166455,10.477388154561435,0.005628909935488412
linear,LinearRegression,0.9533831100895972,54404.63415832041,150.92877379982033,0.09998308469775138,{},0.010895304672525476,11574.405691535356,10.515868015928456,0.005642409868639811
gb,GradientBoostingRegressor,0.9533637546578057,54902.32568256843,148.9156252773929,0.10135346390857529,"{'learning_rate': 0.05, 'max_depth': 3}",0.010207693199425738,12889.37265539992,11.635219630915865,0.006520618691970691
lasso,Lasso,0.9514212956601286,56556.44648606714,153.22169505167767,0.1021593799187601,{'alpha': 0.005},0.012219157965468918,12797.967463524421,10.256151313515003,0.005662240511367253
