model,mae,te,mse,mape,r2,class_name,params
ridge,166.20524819050755,12240.536133905198,60938.977621241895,0.11570460755249379,0.9594182723340382,Ridge,{'alpha': 100}
linear,168.26323206775277,14610.610557198554,62425.04758743294,0.11753631272463418,0.9584286382933203,LinearRegression,{}
cb,178.1906933555248,19112.170004773834,66211.96871884027,0.119196863258552,0.9559067744871628,CatBoostRegressor,"{'learning_rate': 0.01, 'depth': 10, 'l2_leaf_reg': 1}"
rf,178.41849464056284,14482.726911076501,67566.13219850212,0.11842535162929575,0.9550049823060011,RandomForestRegressor,"{'max_depth': 10, 'n_estimators': 1000}"
gb,181.87530433784548,27233.4896048917,71405.09585346494,0.12259243075742952,0.9524484612804346,GradientBoostingRegressor,"{'learning_rate': 0.005, 'max_depth': 6}"
lasso,210.80755880148462,-35994.102836486396,107854.5861835731,0.1234476908595806,0.9281752727912344,Lasso,{'alpha': 0.005}
eng,310.819081961299,-36484.38547335662,205986.92553401043,0.19245713276919676,0.862824982612506,Calculation,
