model,mae,te,mse,mape,r2,class_name,params
ridge,135.09278664156443,-8576.737708985844,48188.400425593405,0.11356342610567086,0.960981216323668,Ridge,{'alpha': 1}
linear,136.45040118179034,-8140.337397181853,49941.06357295909,0.11412458786725617,0.9595620618466454,LinearRegression,{}
lasso,142.1530723576632,-13883.619434190074,51748.678032222546,0.11926074384499671,0.9580984125672899,Lasso,{'alpha': 0.005}
cb,155.80242175107725,-17486.80113401986,77251.13060270538,0.12508863766922898,0.9374487402130465,CatBoostRegressor,"{'depth': 6, 'l2_leaf_reg': 1, 'learning_rate': 0.05}"
gb,164.70410674791583,-36492.47297270525,83586.75262849068,0.1261463793907219,0.9323187034594749,GradientBoostingRegressor,"{'learning_rate': 0.01, 'max_depth': 5}"
rf,207.98573947397216,-65171.784528727774,143310.6097530907,0.1489952907720873,0.883959508282221,RandomForestRegressor,"{'max_depth': 50, 'n_estimators': 700}"
eng,279.1433792121064,-58384.42941313402,178781.22865791814,0.22150885741387183,0.8552384801159073,Calculation,
