model,mae,te,mse,mape,r2,class_name,params
lasso,103.51845591458455,-424.91040494459594,24623.658709190346,0.10498964753581139,0.9573446838229974,Lasso,{'alpha': 0.005}
ridge,104.57044685492859,-4591.4314302728235,25551.824326114158,0.10534550170818538,0.9557368318655736,Ridge,{'alpha': 1}
linear,105.2382356186357,-5735.205643998784,26097.893505555185,0.10552701692944846,0.9547908817215002,LinearRegression,{}
gb,106.00545765325367,9415.420349015256,25320.415475776885,0.11340482143837542,0.9561376990881854,GradientBoostingRegressor,"{'learning_rate': 0.01, 'max_depth': 6}"
cb,113.25822174606127,8735.765606353856,29981.073493464934,0.11766264383580448,0.9480640881075731,CatBoostRegressor,"{'depth': 6, 'l2_leaf_reg': 1, 'learning_rate': 0.05}"
rf,154.67301211739596,33741.43226520543,56582.57738541081,0.15661204825419653,0.9019825706249087,RandomForestRegressor,"{'max_depth': 30, 'n_estimators': 1000}"
eng,489.77705754034855,232086.75863626137,1569399.7501911845,0.3922135089140644,-1.718655393299798,Calculation,
