model,class_name,r2,mse,mae,mape,params
gb,GradientBoostingRegressor,0.9977807561376639,1854.9965803796692,28.789580341240956,0.02334361964446016,"{'learning_rate': 0.1, 'loss': 'squared_error', 'max_depth': 3, 'max_features': 'sqrt', 'min_samples_leaf': 20, 'min_samples_split': 20, 'n_estimators': 2000, 'warm_start': True}"
cb,CatBoostRegressor,0.9934242082879852,5496.498760725005,50.92370862367551,0.041931389526739166,{'verbose': 0}
rf,RandomForestRegressor,0.9858502341946235,11827.346975071696,65.95977145154188,0.05338198438444662,"{'max_depth': 10, 'n_estimators': 200}"
ridge,Ridge,0.9649728425736704,29278.106092345824,112.59840638968058,0.09613619012340593,{'alpha': 0.01}
linear,LinearRegression,0.9649515450175714,29295.9080538177,112.62444885902542,0.09616197094005863,{}
lasso,Lasso,0.9566862935067342,36204.57345503328,121.45737006757786,0.10187034334585122,{'alpha': 0.01}
