,gb,lasso,linear,ridge,mean,sd
ME_W_ref_first,2,1,2,2,1.75,0.4330127018922193
v_over_v_ref_with_n_sum,4,2,1,1,2.0,1.224744871391589
t_over_t_ref_with_m_sum,1,3,3,3,2.5,0.8660254037844386
cal_fc,3,5,4,4,4.0,0.7071067811865476
ME_SFC_base_first,5,4,5,5,4.75,0.4330127018922193
