model,mae,te,mse,mape,r2,class_name,params
linear,651.8691702005922,139603.48760990758,1039345.9047726145,0.590523493153003,-0.723385632524767,LinearRegression,{}
linearstruct,657.2636937328375,139876.34409011353,1165925.4112796981,0.5334968481600106,-0.9332727373708753,LinearRegression,{'fit_intercept': False}
eng,639.7133524231299,125360.21122580743,2284124.959106804,0.5153681328696372,-2.7874090996462715,Calculation,
