model,class_name,mae_mean,te_mean,mse_mean,mape_mean,r2_mean,params,mae_sd,te_sd,mse_sd,mape_sd,r2_sd
cb,CatBoostRegressor,110.78115374591485,-2572.7640596560177,34021.1384844706,0.10821679057553522,0.9455735441603557,"{'depth': 6, 'l2_leaf_reg': 1, 'learning_rate': 0.01}",8.16742893198599,2211.759228727478,12975.910062284043,0.009704819923046884,0.014747918936680628
linear,LinearRegression,115.60670888377554,-1970.7258709832765,34440.85737188034,0.11065017518720179,0.944562877731928,{},9.377878334913055,2150.9048169046846,13296.413596759585,0.00840643269056476,0.016670276856161324
ridge,Ridge,115.59954263972467,-2031.9393722974355,34483.56766326857,0.11065126417685503,0.94450380769059,{'alpha': 1},9.393667309561161,2152.9016081136174,13340.161099117986,0.008415502181005214,0.01671443118717391
lasso,Lasso,115.76730944284417,-2800.41286867127,34876.40291100175,0.11123952599952133,0.9438935344768041,{'alpha': 0.005},9.131716974165217,2188.5381937008096,12732.482238312099,0.00841181476203704,0.015348189738621646
rf,RandomForestRegressor,117.52272950042939,-1891.1292178968808,36525.70285653005,0.11503025973208522,0.9414100369893337,"{'max_depth': 50, 'n_estimators': 700}",10.148450015263721,2226.965093293036,12636.768826033212,0.01092533324717976,0.012980451047577992
gb,GradientBoostingRegressor,116.90965669591968,-3040.6016906218,37149.14729352468,0.11601600681314841,0.940181530150846,"{'learning_rate': 0.01, 'max_depth': 3}",9.303143463177591,2225.0079678555308,11425.854561340986,0.010087147358655258,0.012077509145899678
