,report_target,cal_target
count,1286.0,1286.0
mean,1261.0623405909798,1497.1691280346065
std,881.8518779752342,1353.6117672996786
