r2,mse,mae,mape,class_name,params
0.9993109528692257,575.9529599245433,16.53436744426587,0.013323489260302052,CatBoostRegressor,"{'depth': 6, 'l2_leaf_reg': 1, 'learning_rate': 0.1}"
0.991371836335693,7212.012327206807,54.32798049656733,0.04427002802325575,GradientBoostingRegressor,"{'learning_rate': 0.05, 'max_depth': 3}"
0.9882981899330536,9781.17728602781,53.685929247506664,0.043239955265164456,RandomForestRegressor,"{'max_depth': 30, 'n_estimators': 200}"
0.9643003000627605,29840.263356390125,113.88667952988946,0.09664867395693873,Ridge,{'alpha': 1}
0.9641143077933872,29995.728481029993,113.64692661986543,0.0965398385427958,LinearRegression,{}
0.9597290802351209,33661.20313337762,118.78871656522482,0.1005804265063517,Lasso,{'alpha': 0.005}
0.2083145593570258,661745.1151056599,347.1932236190591,0.27194801871631485,Calculation,
