model,mae,te,mse,mape,r2,class_name,params
linear,277.5801641114024,-58765.81336039448,223924.44176688176,0.22239785600500395,0.7530491828561271,LinearRegression,{}
linearstruct,294.22156895323593,-110490.90580475098,241079.2156077242,0.23408942478256334,0.7341303663817527,LinearRegression,{'fit_intercept': False}
eng,344.81961533094756,217270.66187780065,691069.4175615257,0.2663866918498734,0.23786721974894476,Calculation,
