model,mae,te,mse,mape,r2,class_name,params
gb,147.93394347152415,-11905.215436706394,56458.83775181347,0.12369806271126527,0.9412478688221307,GradientBoostingRegressor,"{'learning_rate': 0.005, 'max_depth': 5}"
ridge,154.42512554484952,-40163.20718581791,57518.044753282054,0.12903791940413809,0.9401456380435173,Ridge,{'alpha': 1000}
lasso,159.27530419121706,-31520.522378085276,64820.79234507978,0.12554669073501035,0.9325462611955871,Lasso,{'alpha': 0.005}
linear,166.94962564098165,-41565.482993272955,73435.26923649464,0.1500255966149213,0.9235818741039157,LinearRegression,{}
eng,309.6549941966246,95245.65312576215,466285.4746049015,0.22778769011231972,0.514774542636733,Calculation,
