model,class_name,r2,mse,mae,mape,params
cb,CatBoostRegressor,0.9970225959421849,2488.718990909735,35.364495510825556,0.0294133935623039,"{'depth': 6, 'l2_leaf_reg': 1, 'learning_rate': 0.05}"
gb,GradientBoostingRegressor,0.9933554955683934,5553.933575363653,48.68441812249229,0.04047627149622104,"{'learning_rate': 0.05, 'max_depth': 3}"
rf,RandomForestRegressor,0.9887389810656922,9412.733755515806,53.789434222655856,0.04348114284769097,"{'max_depth': 30, 'n_estimators': 700}"
ridge,Ridge,0.9652022364854823,29086.362891342622,112.7202541135994,0.09638486775112277,{'alpha': 1}
linear,LinearRegression,0.9651833477686691,29102.151379345647,112.58180302391558,0.0964028550808439,{}
lasso,Lasso,0.9605175900897055,33002.112391402814,117.93928396694318,0.10005818160469869,{'alpha': 0.005}
