model,r2,mse,mae,mape,class_name,params
linear,0.7692838307348099,221710.5406411186,269.03815755539716,0.20464312328852846,LinearRegression,{}
lasso,0.7666694459802087,224222.87715932893,270.41064011280594,0.2066967447481908,Lasso,{'alpha': 0.01}
ridge,0.7539177046515764,236476.87510447126,283.3609986351079,0.21706491382830692,Ridge,{'alpha': 100}
gb,0.7372677798352272,252476.8973154145,299.6865741843639,0.21179239004986464,GradientBoostingRegressor,"{'learning_rate': 0.005, 'max_depth': 3}"
eng,0.514774542636733,466285.4746049015,309.6549941966246,0.22778769011231972,Calculation,
