model,class_name,r2,mse,mae,mape,params
gb,GradientBoostingRegressor,0.9953773150346522,1.3487196553061763e-05,0.0027317449567869495,0.029710285604146805,"{'learning_rate': 0.1, 'loss': 'squared_error', 'max_depth': 3, 'max_features': 'sqrt', 'min_samples_leaf': 20, 'min_samples_split': 20, 'n_estimators': 2000, 'warm_start': True}"
linear,LinearRegression,0.3735714342702451,0.001827674880677088,0.015574663293946304,0.15885401323487286,{}
ridge,Ridge,0.3735689929332563,0.0018276820035487667,0.015559503152614342,0.1586628757322732,{'alpha': 0.01}
lasso,Lasso,0.23041798658608537,0.0022453409558342236,0.014495002521560784,0.14572109767498537,{'alpha': 0.01}
