model,mae,te,mse,mape,r2,class_name,params
rf,158.5752782871167,-2380.8167074257835,60831.46224394048,0.1382062630186223,0.9507439623426337,RandomForestRegressor,"{'max_depth': 10, 'n_estimators': 1000}"
cb,162.45927071085077,607.8108822640143,61182.463129582015,0.1463571563810231,0.950459752294031,CatBoostRegressor,"{'depth': 6, 'l2_leaf_reg': 15, 'learning_rate': 0.05}"
gb,162.5329276253306,-4956.583781991663,64343.38576718492,0.14343512565020716,0.9479003115256102,GradientBoostingRegressor,"{'learning_rate': 0.005, 'max_depth': 4}"
ridge,165.26061454800484,-13427.64728474553,73321.4578770845,0.13623066953711951,0.9406306480714851,Ridge,{'alpha': 10}
linear,166.78536686425554,-15884.277463404705,76462.90220950176,0.13616742456184464,0.9380869791437918,LinearRegression,{}
lasso,193.28808055630688,-31736.466449259588,96385.92239093591,0.15064206007049558,0.9219550468162413,Lasso,{'alpha': 0.005}
eng,279.1433792121064,-58384.42941313402,178781.22865791814,0.22150885741387183,0.8552384801159073,Calculation,
