model,class_name,r2,corr,mse,mae,mape,params
gb,GradientBoostingRegressor,0.9913277360747512,0.9956830916566872,0.004369144973678667,0.04792598901043768,0.007104177396235034,"{'learning_rate': 0.01, 'max_depth': 6}"
linear,LinearRegression,0.9666861447322753,0.9832034403145723,0.016783744654388134,0.0972049087713879,0.014365461393674122,{}
ridge,Ridge,0.9663928039889672,0.9830535981894833,0.01693153169653158,0.09748956135968072,0.014396149932744667,{'alpha': 10}
lasso,Lasso,0.9660494829108869,0.9829258821575665,0.01710449916795335,0.09899215164203136,0.014621909104890533,{'alpha': 0.005}
cb,CatBoostRegressor,0.9629404896625152,0.981316815809702,0.01867083090571053,0.09881873090878804,0.01474042653762801,"{'depth': 6, 'l2_leaf_reg': 1, 'learning_rate': 0.05}"
rf,RandomForestRegressor,0.9508957304016551,0.9752732866651438,0.024739061743397708,0.11458751458425571,0.017015778056210205,"{'max_depth': 50, 'n_estimators': 700}"
