model,mae,te,mse,mape,r2,class_name,params
rf,127.72943414530775,3778.1224962162196,34854.19774242414,0.10207136139770875,0.9561310473711199,RandomForestRegressor,"{'max_depth': 10, 'n_estimators': 1000}"
cb,128.91934510623784,5745.85925305904,36500.143609048326,0.10420928707635795,0.9540593909873969,CatBoostRegressor,"{'depth': 8, 'l2_leaf_reg': 15, 'learning_rate': 0.05}"
gb,130.4353043181633,3823.1872128987234,37639.94481696248,0.10660484181746377,0.9526247894634758,GradientBoostingRegressor,"{'learning_rate': 0.005, 'max_depth': 6}"
ridge,159.2907749474487,5560.032408374163,55087.40276285091,0.12354108024922315,0.9306646883652108,Ridge,{'alpha': 100}
lasso,161.59557920449194,34196.73648140019,55622.052372048835,0.12694491186063356,0.9299917559812183,Lasso,{'alpha': 0.005}
linear,161.7088839882565,581.9598301544574,57571.15544165898,0.12455472769831347,0.9275385332485815,LinearRegression,{}
eng,303.8041831234374,108605.0743258148,310614.0960269266,0.22922206671537074,0.6090480932837004,Calculation,
