model,mae,te,mse,mape,r2,class_name,params
lasso,90.3508690978715,1328.4712689735359,18678.331769623815,0.10051890515066135,0.9655369271261891,Lasso,{'alpha': 0.005}
ridge,90.56380824249227,1079.6727838818142,19757.22060274247,0.0988301229952937,0.9635462876548966,Ridge,{'alpha': 0.1}
linear,90.71855654516766,1156.9314640602877,19930.128584384463,0.09897392151903689,0.9632272580731712,LinearRegression,{}
gb,98.41698274457809,4570.424540318382,24083.38412545354,0.10938637254099376,0.955564156778001,GradientBoostingRegressor,"{'learning_rate': 0.01, 'max_depth': 6}"
eng,480.193513435017,128474.15440280654,1751560.2482304308,0.40455814635187026,-2.2317740803707453,Calculation,
