model,class_name,mae_mean,te_mean,mse_mean,mape_mean,r2_mean,params,mae_sd,te_sd,mse_sd,mape_sd,r2_sd
gb,GradientBoostingRegressor,0.009093151783321023,-0.008246347221003479,0.000164858457284651,0.10013129681672267,0.7700137792501437,"{'learning_rate': 0.005, 'max_depth': 6}",0.0006979705084461573,0.17908295989663892,3.76411357693004e-05,0.011252628504923031,0.058720114833126814
ridge,Ridge,0.010062558007304694,-0.016011901895486114,0.00019602933984506798,0.10961608939129804,0.7274517820401804,{'alpha': 10},0.0006284373195868005,0.1967547616271679,4.0628785852562086e-05,0.011383630416530646,0.05882367915789946
linear,LinearRegression,0.010066091438730525,-0.015771083433277527,0.00019603225047843228,0.1096635753972754,0.7274203818187067,{},0.000626143737898994,0.19683309351393935,4.054262375729071e-05,0.011372508957214394,0.058854635562440964
lasso,Lasso,0.011138980064668319,-0.032851155517252324,0.0002515128909369376,0.12128407940394778,0.6544153329948479,{'alpha': 0.005},0.0008274164840282526,0.2094031005660363,5.437735468249527e-05,0.011746376029379146,0.053498305370969675
