model,class_name,mae,te,mse,mape,r2,params
gb,GradientBoostingRegressor,0.011548022256324238,-0.3833084616176696,0.00028743293527621445,0.12251310716521997,0.7514076480501615,"{'learning_rate': 0.005, 'max_depth': 5}"
linear,LinearRegression,0.013445768954528496,-1.7949652604939583,0.00044457650672903977,0.14852488744144768,0.6154987620913712,{}
lasso,Lasso,0.012606381085691589,-2.804486050808902,0.0003927680704544145,0.12478064612785818,0.6603063656875838,{'alpha': 0.005}
ridge,Ridge,0.012001270545317553,-2.0960957645485667,0.000311008603840112,0.12804300112545153,0.7310177407785499,{'alpha': 1000}
