model,class_name,mae_mean,te_mean,mse_mean,mape_mean,r2_mean,params,mae_sd,te_sd,mse_sd,mape_sd,r2_sd
gb,GradientBoostingRegressor,196.9442917599875,-5026.6006852702085,98118.75563346005,0.17081104938627498,0.8907833976154066,"{'learning_rate': 0.01, 'max_depth': 3}",15.836883774961658,4335.8623610616605,32061.14161217894,0.014951048858806548,0.028638368465315693
cb,CatBoostRegressor,194.96902245333843,-5114.1276811832295,102312.68781036674,0.16762345074400112,0.8875800858840753,"{'depth': 6, 'l2_leaf_reg': 1, 'learning_rate': 0.01}",16.875930372686053,4696.27645144904,40341.78194396925,0.014916442918063523,0.03193780053556257
rf,RandomForestRegressor,204.56147947862428,-4327.16336034152,106975.03115831119,0.17610386619293275,0.881114031996291,"{'max_depth': 10, 'n_estimators': 200}",16.86746687754458,4631.473821792867,39407.87121568755,0.013915128839691725,0.03489800816924711
linear,LinearRegression,217.2771137147145,-9839.819468784584,121680.94911598058,0.18447194177885945,0.8653901176839255,{},20.351615721225578,4876.285372656448,38029.207975573874,0.017071264491575835,0.027094024402783724
ridge,Ridge,217.27781135701144,-9840.059160986746,121682.09529206512,0.18447241060748767,0.8653889324718721,{'alpha': 0.005},20.35181686354627,4876.279233788307,38029.76706089009,0.01707135735108048,0.02709414292012196
lasso,Lasso,218.99678167675367,-10721.742472155931,126360.40786170072,0.18522524550645558,0.8606222057243172,{'alpha': 0.005},20.685281654658656,4789.241882943436,40704.00324889608,0.017005352407831364,0.027956372567258907
