model,class_name,mae_mean,te_mean,mse_mean,mape_mean,r2_mean,params,mae_sd,te_sd,mse_sd,mape_sd,r2_sd
linear,LinearRegression,0.00011287612630092502,-2.0335040833516853e-05,3.1595413540473356e-08,0.19521141489874266,0.8612949779728947,{},3.30051304330727e-05,0.0007149999356228543,2.949412513302827e-08,0.03477166572498629,0.0788319268546994
linearstruct,LinearRegression,0.00011290551296012909,-0.0003555666231327424,3.170619829050065e-08,0.18013660383980085,0.8577793897746613,{'fit_intercept': False},3.2467341553642275e-05,0.0007614764946570051,2.8124503616113875e-08,0.03155896976337278,0.08256438911213404
