model,mae,te,mse,mape,r2,class_name,params
rf,168.92199407290764,17602.60671537023,65242.5091170935,0.1510980027471755,0.9445949613814801,RandomForestRegressor,"{'max_depth': 10, 'n_estimators': 1000}"
ridge,165.07993535275378,15393.39235307169,67039.0452287204,0.1472101104480189,0.9430693126289833,Ridge,{'alpha': 1}
lasso,172.80991299412665,-3814.9279685648553,67940.45547209514,0.1599187830170397,0.942303819854086,Lasso,{'alpha': 0.005}
linearstruct,165.5242468800283,14403.967010075125,68773.06438439977,0.14609683425798548,0.9415967543294053,LinearRegression,{'fit_intercept': False}
linear,166.95263977566123,15256.391694870423,69686.61578495674,0.14779711652896482,0.9408209510791499,LinearRegression,{}
cb,173.04579085042002,19086.99969604678,70836.69381121946,0.1507142128063674,0.9398442854309137,CatBoostRegressor,"{'learning_rate': 0.01, 'depth': 8, 'l2_leaf_reg': 1}"
gb,185.54136870192178,21481.676038750542,84486.77895728765,0.1562976965323988,0.9282524030079575,GradientBoostingRegressor,"{'learning_rate': 0.005, 'max_depth': 6}"
eng,318.3693747832371,-37058.50430957249,217584.4860484148,0.26132289149468124,0.8152235863481719,Calculation,
