model,mae,te,mse,mape,r2,class_name,params
cb,18.831578084412946,994.8933011045026,708.9219819758983,0.02381698699462788,0.999397971501703,CatBoostRegressor,"{'learning_rate': 0.1, 'depth': 10, 'l2_leaf_reg': 1}"
rf,68.9592584475368,3221.7539132594666,22659.450916840226,0.06376482581305175,0.9807572122821214,RandomForestRegressor,"{'max_depth': 10, 'n_estimators': 1000}"
gb,99.77256268344351,4277.486242752648,25159.406725299472,0.11256966025637177,0.9786342076646306,GradientBoostingRegressor,"{'learning_rate': 0.005, 'max_depth': 6}"
ridge,205.9033186200001,7509.747984638784,107877.44205016959,0.21067889134064582,0.908388657583207,Ridge,{'alpha': 1000}
lasso,202.11071011517745,12611.908761196824,127233.45496637374,0.20281915003890555,0.8919512051057411,Lasso,{'alpha': 0.01}
linearstruct,282.3820185294792,1415.4318898503452,215714.2454534905,0.26658033406217485,0.8168118261904155,LinearRegression,{'fit_intercept': False}
eng,318.3693747832371,-37058.50430957249,217584.4860484148,0.26132289149468124,0.8152235863481719,Calculation,
linear,296.812271295383,2000.537150519704,261227.64009634423,0.26766068902119267,0.7781610841822948,LinearRegression,{}
