model,mae,te,mse,mape,r2,class_name,params
cb,147.20262930275035,17843.29335967328,51026.35813566299,0.12866912554630738,0.9586832845186319,CatBoostRegressor,"{'depth': 10, 'l2_leaf_reg': 1, 'learning_rate': 0.01}"
rf,148.2261751232515,18902.773154133683,51810.51370253802,0.13066144811233732,0.9580483434091064,RandomForestRegressor,"{'max_depth': 10, 'n_estimators': 1000}"
ridge,150.7267344883624,14593.753180670172,56301.660460712694,0.12956691632993161,0.9544118026177917,Ridge,{'alpha': 0.005}
linear,150.72874047656822,14597.239525781177,56308.51840891595,0.12956705380363231,0.95440624964664,LinearRegression,{}
gb,154.03344136073156,23817.571906164678,56518.71299118448,0.13256993708760773,0.9542360523198344,GradientBoostingRegressor,"{'learning_rate': 0.005, 'max_depth': 6}"
lasso,178.3792514331453,-19836.06596748213,81068.3466698028,0.14746288122009973,0.9343578899948934,Lasso,{'alpha': 0.005}
eng,279.1433792121064,-58384.42941313402,178781.22865791814,0.22150885741387183,0.8552384801159073,Calculation,
