model,r2,mse,mae,mape,class_name,params
ridge,0.9550681840530924,39987.63254525783,131.95301919505206,0.11309875848074075,Ridge,{'alpha': 10}
lasso,0.9509833930749573,43622.943453921245,134.2997800105657,0.11252233825385581,Lasso,{'alpha': 0.005}
linear,0.9486561819878722,45694.07411811631,136.57959144915216,0.11327331371366503,LinearRegression,{}
gb,0.9363397955036812,56655.19657969593,136.73259140319877,0.11413812078132331,GradientBoostingRegressor,"{'learning_rate': 0.01, 'max_depth': 3}"
cb,0.9317756927742211,60717.07698666885,137.42828676513938,0.1172713078717144,CatBoostRegressor,"{'depth': 6, 'l2_leaf_reg': 1, 'learning_rate': 0.1}"
rf,0.9164321905171595,74372.21905654868,158.28826409656446,0.12798546338145875,RandomForestRegressor,"{'max_depth': 50, 'n_estimators': 200}"
eng,0.6999647155290702,267020.16050747165,245.82138729567131,0.19524065961190543,Calculation,
