model,r2,mse,mae,mape,class_name,params
rf,0.9602232172227457,35399.84618936489,123.6477526740982,0.10695718651738029,RandomForestRegressor,"{'max_depth': 50, 'n_estimators': 200}"
cb,0.9509561738317063,43647.167560477894,129.21405729182152,0.11122973235650507,CatBoostRegressor,"{'depth': 6, 'l2_leaf_reg': 1, 'learning_rate': 0.05}"
gb,0.9474821043369704,46738.95923336151,142.80028435724776,0.13087023355976704,GradientBoostingRegressor,"{'learning_rate': 0.005, 'max_depth': 6}"
lasso,0.9346144535214495,58190.686293308085,151.47731897294594,0.12359758138346627,Lasso,{'alpha': 0.005}
ridge,0.9315059918011284,60957.100746711716,158.22935933289116,0.138465638645262,Ridge,{'alpha': 100}
linear,0.8981841869534009,90612.25845434105,181.83397275336247,0.16133616209645593,LinearRegression,{}
eng,0.6999647155290702,267020.16050747165,245.82138729567131,0.19524065961190543,Calculation,
