model,class_name,mae,te,mse,mape,r2,params
gb,GradientBoostingRegressor,0.01458040534248475,1.8835507550487667,0.0003901186445210593,0.12061050344852503,0.6620948608825328,"{'learning_rate': 0.005, 'max_depth': 6}"
linear,LinearRegression,0.01363150567437824,1.091334878032987,0.0003257470738796174,0.11590060441743934,0.7178509362157437,{}
lasso,Lasso,0.01615328989297314,-2.6230735753841294,0.0004626149834243745,0.12337320913806399,0.5993014368135393,{'alpha': 0.005}
ridge,Ridge,0.01345450866689127,0.91141670050543,0.0003192114977938376,0.11418106567670562,0.7235117903622801,{'alpha': 100}
