model,r2,mse,mae,mape,class_name,params
lasso,0.9445467541257413,49351.31093036324,149.39908402496968,0.13041311073864506,Lasso,{'alpha': 0.005}
ridge,0.9309939986228402,61412.75549040739,148.12222596334857,0.13140455372561563,Ridge,{'alpha': 1000}
gb,0.9223745409349997,69083.74985146394,163.93041664865734,0.14685823884285676,GradientBoostingRegressor,"{'learning_rate': 0.005, 'max_depth': 6}"
linear,0.8096335973742134,169418.96508606328,214.00751854354084,0.17962123880536165,LinearRegression,{}
eng,0.6999647155290702,267020.16050747165,245.82138729567131,0.19524065961190543,Calculation,
