r2,mse,mae,mape,class_name,params
0.9950655841509938,4288.479892488988,42.896362842906946,0.0333757948396572,GradientBoostingRegressor,"{'learning_rate': 0.05, 'max_depth': 3}"
0.7515996015707245,215883.73305925264,243.44752135034798,0.19354315147847,Calculation,
0.5414160090269358,398553.4021623688,299.95494691974096,0.31271129480524884,Lasso,{'alpha': 0.1}
0.5172261357234635,419576.7184855543,285.5685540547889,0.2766861719319255,Ridge,{'alpha': 1000}
0.49713113490200156,437041.19849685,283.09346483130827,0.23152660214418125,LinearRegression,{}
