,cb,gb,lasso,linear,rf,ridge,mean,sd
rel_power_ship_sum,1,1,1,2,2,2,1.5,0.5
cal_fc,2,2,2,4,1,8,3.1666666666666665,2.3392781412696997
Draught..m.,3,3,3,5,3,4,3.5,0.7637626158259734
rel_power_ship_cubed_sum,4,4,4,3,4,3,3.6666666666666665,0.4714045207910317
rel_power_ship_squared_sum,6,8,7,1,7,1,5.0,2.886751345948129
ME_W_ref_first,5,5,6,6,5,5,5.333333333333333,0.4714045207910317
Speed..knots.,7,6,5,7,6,6,6.166666666666667,0.6871842709362769
ME_SFC_base_first,8,7,7,8,8,7,7.5,0.5
