,cb,gb,lasso,linear,rf,ridge,mean,sd
work_sum,1,1,1,1,1,1,1.0,0.0
draught_mean,3,3,2,2,4,2,2.6666666666666665,0.7453559924999298
Draught..m.,2,2,4,4,2,4,3.0,1.0
ME_W_ref_first,4,4,3,3,3,3,3.3333333333333335,0.4714045207910317
ME_SFC_base_first,6,6,5,5,5,5,5.333333333333333,0.4714045207910317
Speed..knots.,5,5,6,6,6,6,5.666666666666667,0.4714045207910317
