model,mae,te,mse,mape,r2,class_name,params
linearstruct,140.12712981690152,-6014.710187225732,44264.17939377673,0.124273442885864,0.962410112641012,LinearRegression,{'fit_intercept': False}
linear,142.31186639003525,-6271.3429119139655,45164.59844700939,0.12578373822378822,0.9616454616014931,LinearRegression,{}
eng,318.369374783237,-37058.5043095725,217584.4860484148,0.26132289149468124,0.8152235863481719,Calculation,
