model,mae,te,mse,mape,r2,class_name,params
linear,409.911686734983,613737.7965969713,441020.3463238074,0.35733666808625486,0.4184799829034185,LinearRegression,{}
linearstruct,414.47280068584206,615606.8488115908,486918.45861376356,0.33074195781258847,0.35795971152355965,LinearRegression,{'fit_intercept': False}
eng,353.0756591221561,384260.16561674944,735305.3280418017,0.2689841045589257,0.030442086179565897,Calculation,
