r2,mse,mae,mape,class_name,params
0.9594442429415082,33899.2897243032,117.93626407619091,0.09819780549177583,GradientBoostingRegressor,"{'learning_rate': 0.01, 'max_depth': 3}"
0.9190446651425781,67668.03408703976,159.20871598020832,0.12833650368256733,LinearRegression,{}
0.9190436915592206,67668.84787493822,159.2076574748025,0.12833561107198044,Ridge,{'alpha': 0.005}
0.9131142515683844,72625.08143414232,161.34363933628907,0.12922818477533554,Lasso,{'alpha': 0.005}
0.2083145593570258,661745.1151056599,347.1932236190591,0.27194801871631485,Calculation,
