model,class_name,r2,mse,mae,mape,params
gb,GradientBoostingRegressor,0.999112899214226,739.3095291723606,16.86980716613793,0.013309610620644409,"{'learning_rate': 0.05, 'max_depth': 5}"
linear,LinearRegression,0.9619512031308415,31709.855914926567,117.44330027582164,0.09871447591850825,{}
ridge,Ridge,0.9610532566467503,32458.204245827987,117.65420328625638,0.09954869264388824,{'alpha': 10}
lasso,Lasso,0.9595048715413892,33748.6279288859,120.57208733798886,0.10089766835578025,{'alpha': 0.005}
