model,class_name,r2_mean,mse_mean,mae_mean,mape_mean,params,r2_sd,mse_sd,mae_sd,mape_sd
cb,CatBoostRegressor,0.7933478173793532,0.00023733575334322477,0.00987713698478503,0.10209529269798508,"{'depth': 6, 'l2_leaf_reg': 7, 'learning_rate': 0.05}",0.06563540125886401,0.00012904696644439208,0.0009103386689899807,0.01709226269581092
rf,RandomForestRegressor,0.7724356811093482,0.00025743921458912434,0.010195239037542306,0.10438921412608561,"{'max_depth': 30, 'n_estimators': 200}",0.07142263983350788,0.00012067306629500829,0.0008220860174845613,0.01704776349338388
gb,GradientBoostingRegressor,0.7720219505698956,0.00026247143635447454,0.01012598593982484,0.10461156305931615,"{'learning_rate': 0.005, 'max_depth': 6}",0.07490399116921045,0.00014443008927084234,0.0009458870841420785,0.018527133967672915
ridge,Ridge,0.7463428387333533,0.00029362396969517324,0.010990889330282996,0.11579697964794901,{'alpha': 100},0.08794869903280318,0.000170379279935673,0.0009031709120685655,0.01931878456325701
linear,LinearRegression,0.7276241719283896,0.0003159943965820475,0.011260993869162989,0.11745802343400183,{},0.09553944176784569,0.00017787141351399731,0.0010327591865250119,0.01945302636006512
lasso,Lasso,0.6911038209932446,0.00035837165718323623,0.012166853741907076,0.12861394748361488,{'alpha': 0.005},0.10001451558324272,0.00020267581962515443,0.0009690458997489039,0.01841233854756251
