model,class_name,mae,te,mse,mape,r2,params
gb,GradientBoostingRegressor,0.0026063668028282177,-0.04417188322297047,1.30640573481916e-05,0.02824386673252538,0.9947470715966034,"{'learning_rate': 0.1, 'loss': 'squared_error', 'max_depth': 3, 'max_features': 'sqrt', 'min_samples_leaf': 20, 'min_samples_split': 20, 'n_estimators': 2000, 'warm_start': True}"
ridge,Ridge,0.012262184634941782,-0.4972339780343994,0.0011747573249694101,0.12665605449598905,0.5276416847416652,{'alpha': 0.01}
linear,LinearRegression,0.012290123085449472,-0.49579359911372056,0.0011732064597920343,0.12694494940674578,0.5282652723089077,{}
lasso,Lasso,0.015114700640108706,-0.993208785159176,0.001938202666855737,0.14958277425074323,0.22066785464050875,{'alpha': 0.01}
