model,class_name,mae_mean,te_mean,mse_mean,mape_mean,r2_mean,params,mae_sd,te_sd,mse_sd,mape_sd,r2_sd
linear,LinearRegression,0.00010840029481373384,-2.4301638721694145e-06,2.8418883470287837e-08,0.14953289598529504,0.9098027384998292,{},1.71660590168224e-05,0.0011821669507392236,1.3101527407069322e-08,0.017953237847600438,0.04236410040532277
linearstruct,LinearRegression,0.00011055691586317816,-0.0008114181334367292,2.912531074558869e-08,0.13837539194888698,0.9071014166812611,{'fit_intercept': False},1.7843170544509113e-05,0.0012258452610245233,1.2920777632221806e-08,0.0168947788370626,0.04387032689124835
