model,r2,mse,mae,mape,class_name,params
ridge,0.9505537793001375,47516.16828132126,132.42713112818865,0.11040927164733591,Ridge,{'alpha': 1}
lasso,0.9501325170577953,47920.98724047286,136.8686853693783,0.11154607063720579,Lasso,{'alpha': 0.005}
linear,0.9478860050584521,50079.810315238145,133.27260989196253,0.112272115164324,LinearRegression,{}
gb,0.9390204571538967,58599.30604568012,141.47901331340574,0.1127978992873557,GradientBoostingRegressor,"{'learning_rate': 0.01, 'max_depth': 3}"
eng,0.514774542636733,466285.4746049015,309.6549941966246,0.22778769011231972,Calculation,
