model,r2,mse,mae,mape,class_name,params
linear,0.845315411739577,148646.72814781158,238.31397321257566,0.1941883898295095,LinearRegression,{}
ridge,0.8453142294031547,148647.86433366392,238.31392226408744,0.19418753277039372,Ridge,{'alpha': 0.005}
rf,0.8426556782777083,151202.6432606115,238.94216388524137,0.19185864940903224,RandomForestRegressor,"{'max_depth': 10, 'n_estimators': 1000}"
lasso,0.8410064433103825,152787.5030362163,240.21972667523005,0.19450924394486546,Lasso,{'alpha': 0.005}
gb,0.8327186826072751,160751.76454438182,233.83206574253995,0.18210151840107697,GradientBoostingRegressor,"{'learning_rate': 0.01, 'max_depth': 3}"
cb,0.8326760648265846,160792.71880965034,234.37998018610887,0.18944488141638685,CatBoostRegressor,"{'depth': 8, 'l2_leaf_reg': 1, 'learning_rate': 0.01}"
eng,0.514774542636733,466285.4746049015,309.6549941966246,0.22778769011231972,Calculation,
