model,mae,te,mse,mape,r2,class_name,params
rf,109.89685767935704,10651.57568282116,29112.427558938285,0.11677657606712782,0.9495688347181681,RandomForestRegressor,"{'max_depth': 10, 'n_estimators': 1000}"
cb,114.28087808935211,10872.660089989264,31864.906266507678,0.1111701279024746,0.9448007435531448,CatBoostRegressor,"{'depth': 6, 'l2_leaf_reg': 7, 'learning_rate': 0.05}"
gb,118.70324163504068,8560.46946338546,34856.70076698518,0.12014315717262351,0.9396180880484674,GradientBoostingRegressor,"{'learning_rate': 0.005, 'max_depth': 5}"
ridge,135.31449323856822,736.1557364653918,47701.9896653509,0.12582006928823714,0.9173663233608651,Ridge,{'alpha': 100}
lasso,143.4011197636375,36716.8809356889,48530.841297976935,0.13578011590731376,0.9159305120189749,Lasso,{'alpha': 0.005}
linear,143.16640342967295,-564.4121132841001,52979.77471613737,0.13274799242288424,0.9082236694313932,LinearRegression,{}
eng,489.77705754034855,232086.75863626137,1569399.7501911845,0.3922135089140644,-1.718655393299798,Calculation,
