r2,mse,mae,mape,class_name,params
0.9871478846339227,10710.949096807457,65.26401889189655,0.053537614837045805,GradientBoostingRegressor,"{'learning_rate': 0.01, 'max_depth': 5}"
0.8319371938209255,140063.49233387833,230.9793072618494,0.18644163563131916,Calculation,
0.7441279816027061,213243.6634971859,249.57320656094126,0.25551208336267983,Ridge,{'alpha': 1000}
0.6803451133272518,266400.28681461915,280.96141884415016,0.2935956979954071,Lasso,{'alpha': 0.1}
0.5001091491394121,416608.88538707263,263.0198579925367,0.21397284786710602,LinearRegression,{}
