model,mae,te,mse,mape,r2,class_name,params
lasso,90.35086909787145,1328.4712689734486,18678.3317696238,0.10051890515066128,0.9655369271261891,Lasso,{'alpha': 0.005}
ridge,90.56380824248392,1079.6727838802194,19757.220602738184,0.09883012299528761,0.9635462876549046,Ridge,{'alpha': 0.1}
linear,90.71855654516754,1156.9314640591267,19930.128584384416,0.09897392151903649,0.9632272580731713,LinearRegression,{}
cb,96.69791045458082,3005.038086848662,23472.38722405797,0.10982192252367681,0.9566914967887783,CatBoostRegressor,"{'learning_rate': 0.05, 'depth': 6, 'l2_leaf_reg': 7}"
gb,98.41698274457809,4570.424540318382,24083.38412545354,0.10938637254099376,0.955564156778001,GradientBoostingRegressor,"{'learning_rate': 0.01, 'max_depth': 6}"
rf,135.22996355972361,18283.016024644054,48340.024491970995,0.15059079848518522,0.9108086414067291,RandomForestRegressor,"{'max_depth': 30, 'n_estimators': 1000}"
eng,480.193513435017,128474.15440280654,1751560.2482304305,0.40455814635187026,-2.2317740803707453,Calculation,
