model,r2,mse,mae,mape,class_name,params
rf,0.9596973089765618,35867.88482207394,122.57313194449151,0.10789980598889465,RandomForestRegressor,"{'max_depth': 10, 'n_estimators': 200}"
cb,0.9569347808334754,38326.43135427296,128.84102334472053,0.11379318067656166,CatBoostRegressor,"{'depth': 6, 'l2_leaf_reg': 1, 'learning_rate': 0.01}"
lasso,0.9450487192660488,48904.580764708175,149.4767905079923,0.13226630177548163,Lasso,{'alpha': 0.005}
ridge,0.9313463289170468,61099.19473079002,148.4370018774733,0.13444699228962734,Ridge,{'alpha': 1000}
gb,0.9211561026492064,70168.11426951789,166.32277995116104,0.15171503710912773,GradientBoostingRegressor,"{'learning_rate': 0.005, 'max_depth': 6}"
linear,0.8072046344713809,171580.6510535144,217.74538051360042,0.18567638920379984,LinearRegression,{}
eng,0.6999647155290702,267020.16050747165,245.82138729567131,0.19524065961190543,Calculation,
