model,class_name,mae_mean,te_mean,mse_mean,mape_mean,r2_mean,params,mae_sd,te_sd,mse_sd,mape_sd,r2_sd
ridge,Ridge,125.22032858575523,-2873.578515563562,39067.12655647602,0.11907502026297942,0.9366648831279384,{'alpha': 0.1},9.616509406817855,2395.136234503834,11789.418167957061,0.00931080715047947,0.01448505202117575
linear,LinearRegression,125.27676132792267,-2829.6531830152117,39053.57421421683,0.1191142075757383,0.9366573652041915,{},9.58304050603823,2396.4681464743594,11715.258828298729,0.009280949935895086,0.014505536360809451
lasso,Lasso,135.43845496390452,-4407.640427249573,46819.61649917664,0.12805605940409498,0.9245191940174233,{'alpha': 0.005},12.340726012064142,2737.0435584998922,15162.739248738577,0.012381972199871001,0.016661045656175395
cb,CatBoostRegressor,131.60114052542338,-2774.7860097253306,49802.136263128465,0.12978646420937917,0.9211941263727607,"{'depth': 6, 'l2_leaf_reg': 1, 'learning_rate': 0.05}",12.923841633724257,2958.3915618595656,21562.556615466066,0.014265323949414774,0.022372205855521646
gb,GradientBoostingRegressor,141.00741271288655,-2892.7065605440325,57091.49431577073,0.1382590580986203,0.9081236012157325,"{'learning_rate': 0.05, 'max_depth': 4}",12.165784649832013,3194.3063226813088,21061.870030274935,0.014247323256824906,0.024624075637130198
rf,RandomForestRegressor,153.8223355787157,-3694.275271948018,67580.00464016569,0.14851887061265845,0.8917455785724904,"{'max_depth': 30, 'n_estimators': 700}",13.595835103610197,3376.0935141023588,26377.793447281765,0.014883412574511975,0.027607843893439298
