model,class_name,r2,mse,mae,mape,params
cb,CatBoostRegressor,0.9701181603641608,8.71835843361033e-05,0.007225937342007023,0.07771233502436077,"{'depth': 6, 'l2_leaf_reg': 1, 'learning_rate': 0.01}"
rf,RandomForestRegressor,0.883080653588234,0.0003411251724337153,0.0060242765772403045,0.058580991245877824,"{'max_depth': 10, 'n_estimators': 700}"
gb,GradientBoostingRegressor,0.6389532377684748,0.0010533940087991236,0.008940525872860415,0.08931165306027053,"{'learning_rate': 0.005, 'max_depth': 5}"
linear,LinearRegression,0.373571434270245,0.0018276748806770884,0.015574663289239095,0.15885401319074327,{}
ridge,Ridge,0.3166379469686932,0.0019937846500953696,0.012173082724261517,0.1194179072917868,{'alpha': 1000}
lasso,Lasso,0.2994680606192195,0.002043879699557963,0.012674021235951682,0.1253108143148916,{'alpha': 0.005}
