model,r2,mse,mae,mape,class_name,params
gb,0.7441459842248805,0.0003017594558852931,0.011077944087012034,0.11387777476595773,GradientBoostingRegressor,"{'learning_rate': 0.005, 'max_depth': 6}"
ridge,0.7428871486648132,0.0003032441522755536,0.011296057826747002,0.12147368973124147,Ridge,{'alpha': 1000}
lasso,0.7284737157767724,0.00032024364963563115,0.011792585882691225,0.12465216394410354,Lasso,{'alpha': 0.005}
linear,0.7063104875343813,0.00034638341404317455,0.014078408809866228,0.15376484511230978,LinearRegression,{}
eng,0.25923577054280555,0.0008736724735122521,0.01880210831131136,0.19414355343031642,Calculation,
rf,-0.18424753274232386,0.0013967257462471135,0.012027716504113776,0.12066515192535955,RandomForestRegressor,"{'max_depth': 30, 'n_estimators': 200}"
cb,-0.673739652822434,0.001974042757934512,0.012024708217014513,0.11317384763931367,CatBoostRegressor,"{'depth': 8, 'l2_leaf_reg': 1, 'learning_rate': 0.01}"
