r2,mse,mae,mape,class_name,params
0.9717079656068773,3.1674450057268134e-05,0.0036208646826086936,0.03703115384031793,RandomForestRegressor,"{'max_depth': 30, 'n_estimators': 200}"
0.9565125689220842,4.868651171055993e-05,0.005396979923470487,0.05886312301399827,CatBoostRegressor,"{'depth': 6, 'l2_leaf_reg': 15, 'learning_rate': 0.05}"
0.91197819052234,9.854513710503058e-05,0.0064264456821555,0.06908771475307661,GradientBoostingRegressor,"{'learning_rate': 0.005, 'max_depth': 6}"
0.7723356672264172,0.0002548824322089412,0.010648008107559727,0.1125638676799305,LinearRegression,{}
0.7587814444077864,0.0002700571116882708,0.010658335880797057,0.11278257214695366,Ridge,{'alpha': 100}
0.6866641125931796,0.00035079633295050956,0.01201661574817918,0.12686980116370042,Lasso,{'alpha': 0.005}
0.1289486607391379,0.0009751886965555719,0.019225400284797623,0.19337791811751417,Calculation,
