model,r2,corr,mse,mae,mape,class_name,params
linear,0.9563909244528774,0.9791154153570271,0.023895964553715746,0.10835734891659102,0.01621908684968684,LinearRegression,{}
ridge,0.9561204267003424,0.9788977080934124,0.02404418610222012,0.10832969838490566,0.016251455226862815,Ridge,{'alpha': 10}
lasso,0.9558264948142323,0.9787113661502728,0.02420524858390705,0.10927315205969373,0.016323820626956212,Lasso,{'alpha': 0.005}
gb,0.9475402264134101,0.9749720782788791,0.02874577996423092,0.1197193064190017,0.01806868114806612,GradientBoostingRegressor,"{'learning_rate': 0.01, 'max_depth': 5}"
eng,0.8258874182382063,0.927103826486711,0.0877190913486793,0.20067751470272488,0.029284960851771392,,
