model,mae,te,mse,mape,r2,class_name,params
gb,113.1802150147517,-874.0954626983985,25938.27832270065,0.10843874702368171,0.9543607193213348,GradientBoostingRegressor,"{'learning_rate': 0.01, 'max_depth': 5}"
cb,116.72376136667324,-4228.172912891821,27479.473095554644,0.11157271272152851,0.9516489348326467,CatBoostRegressor,"{'learning_rate': 0.05, 'depth': 6, 'l2_leaf_reg': 7}"
lasso,118.24478683581447,-3611.1344287283887,31406.407093453774,0.10890894440609099,0.9447393612400209,Lasso,{'alpha': 0.005}
ridge,120.1030579770603,-5061.058540392165,30939.509114576973,0.1156218453529449,0.9455608840736166,Ridge,{'alpha': 0.1}
linear,120.10949588522746,-5239.692744613148,30938.577296597792,0.11554564211164547,0.9455625236389634,LinearRegression,{}
rf,147.94380925599432,4227.174943303644,44498.07451857285,0.1296309877624454,0.9217041282637507,RandomForestRegressor,"{'max_depth': 30, 'n_estimators': 200}"
eng,501.8676891331509,103612.6042334548,1339585.4509771145,0.37663947265286646,-1.3570460471423935,Calculation,
