model,r2,mse,mae,mape,class_name,params
linear,0.8538166786045537,140477.29434188732,236.2684794168199,0.1956440508025932,LinearRegression,{}
ridge,0.8538152409391594,140478.6758903624,236.2682054705421,0.19564272357310683,Ridge,{'alpha': 0.005}
lasso,0.8474113985659688,146632.5547418643,238.12731504787396,0.19507390726560075,Lasso,{'alpha': 0.005}
gb,0.8353532627458125,158220.02093604347,232.88503109709708,0.18123810396129478,GradientBoostingRegressor,"{'learning_rate': 0.01, 'max_depth': 3}"
eng,0.514774542636733,466285.4746049015,309.6549941966246,0.22778769011231972,Calculation,
