model,class_name,mae,te,mse,mape,r2,params
gb,GradientBoostingRegressor,0.01975767172312296,-1.402022850358569,0.010785727323550046,0.15565063046464583,0.12406822171359966,"{'learning_rate': 0.005, 'max_depth': 6}"
linear,LinearRegression,0.01949447645315157,-1.960472668520631,0.010991965755889562,0.14399897391932534,0.10731916146286347,{}
lasso,Lasso,0.02249614971139958,-1.2755637358815686,0.011549828271523134,0.1983912829829813,0.06201396407563686,{'alpha': 0.005}
ridge,Ridge,0.01953268828354764,-1.9254729171207765,0.01100919967771291,0.14493780964532846,0.10591955814110943,{'alpha': 1}
rf,RandomForestRegressor,0.019781818558644332,-1.4627242548146562,0.011002209305287072,0.15065583459441592,0.10648726110319706,"{'max_depth': 50, 'n_estimators': 1000}"
cb,CatBoostRegressor,0.01984269125355207,-1.3831866182743742,0.010807044636317232,0.15703592642342581,0.12233699755779548,"{'learning_rate': 0.05, 'depth': 6, 'l2_leaf_reg': 15}"
