model,mae,te,mse,mape,r2,class_name,params
cb,130.51677864836506,-11676.987550707881,43153.71728293493,0.10229906810212352,0.9503900714457797,CatBoostRegressor,"{'depth': 6, 'l2_leaf_reg': 1, 'learning_rate': 0.01}"
rf,135.91540070159076,-18843.79981072221,44953.37130995565,0.10393928068548917,0.948321171862519,RandomForestRegressor,"{'max_depth': 10, 'n_estimators': 200}"
ridge,136.5692743411732,-11660.605283228664,48329.19291166273,0.10387418883119767,0.9444402948716807,Ridge,{'alpha': 0.005}
linear,136.5694626447185,-11659.199498985337,48329.39568436073,0.10387425873909249,0.9444400617622363,LinearRegression,{}
lasso,136.97223999699023,-17584.660186954847,48658.10687959933,0.10319288076899827,0.9440621722097826,Lasso,{'alpha': 0.005}
gb,139.38364320594255,-11177.13912692299,51726.73938533818,0.1140461696737503,0.9405344427590208,GradientBoostingRegressor,"{'learning_rate': 0.05, 'max_depth': 3}"
eng,265.39022007012505,43568.3326546733,324343.0829126224,0.18528640271209848,0.6271320715002742,Calculation,
