model,r2,mse,mae,mape,class_name,params
ridge,0.7427050105184061,0.00030345896972834704,0.011732242732741576,0.1314045537256156,Ridge,{'alpha': 1000}
lasso,0.7320290054673206,0.0003160504683041433,0.012008342781143209,0.13041311073864506,Lasso,{'alpha': 0.005}
gb,0.6447731815524904,0.00041896177054653156,0.013747164686237412,0.14685823884285676,GradientBoostingRegressor,"{'learning_rate': 0.005, 'max_depth': 6}"
linear,0.6240671394507398,0.000443382899834782,0.01566110405046698,0.17962123880536165,LinearRegression,{}
eng,0.25923577054280555,0.0008736724735122521,0.01880210831131136,0.19414355343031642,Calculation,
