model,mae,te,mse,mape,r2,class_name,params
ridge,110.30076856784139,-683.1242804953724,27205.52313006905,0.1039712266883948,0.9548893131031879,Ridge,{'alpha': 1}
cb,110.86576884045431,2451.925658652316,29814.59209047057,0.11200642341052151,0.9505630999147057,CatBoostRegressor,"{'learning_rate': 0.01, 'depth': 6, 'l2_leaf_reg': 1}"
linear,111.00784395839982,-505.8038750930664,27085.848457233104,0.10531726492386038,0.9550877509964779,LinearRegression,{}
lasso,111.49485347438329,637.3374607553376,29106.84668098306,0.10514020141699722,0.951736644029899,Lasso,{'alpha': 0.005}
gb,116.30954564269176,-735.2086657433392,35301.094526882946,0.12209741236939281,0.9414656864084738,GradientBoostingRegressor,"{'learning_rate': 0.05, 'max_depth': 3}"
linearstruct,117.13321787670112,-450.09174753902516,31222.27685458771,0.10971652989623477,0.9482289552507748,LinearRegression,{'fit_intercept': False}
rf,119.08016619495423,2768.1425364378824,34227.75930128555,0.11740145822190316,0.9432454312443203,RandomForestRegressor,"{'max_depth': 10, 'n_estimators': 1000}"
eng,639.7133524231299,125360.21122580743,2284124.959106804,0.5153681328696372,-2.7874090996462715,Calculation,
