model,class_name,mae,te,mse,mape,r2,params
gb,GradientBoostingRegressor,0.00864889136659347,-0.09876237783620856,0.00013373484930446111,0.09395603285492099,0.8051360021499321,"{'learning_rate': 0.005, 'max_depth': 5}"
linear,LinearRegression,0.010150530103134645,0.01307951001222396,0.00018484560303164932,0.11141022916248154,0.7306629245922942,{}
lasso,Lasso,0.011060641757955155,1.369536797177207,0.0002065148583793764,0.12632134807741313,0.6990888229317841,{'alpha': 0.005}
ridge,Ridge,0.009610206710517518,0.4371932325451908,0.00016345905585700624,0.10778673832303431,0.7618250943957114,{'alpha': 1000}
rf,RandomForestRegressor,0.008516359890699696,0.12738858141737774,0.0001331112432156338,0.09315437714560086,0.8060446536808124,"{'max_depth': 10, 'n_estimators': 200}"
cb,CatBoostRegressor,0.008654002392811014,-0.007939386790458802,0.00013816652620357527,0.09421417500823528,0.7986786405704147,"{'depth': 10, 'l2_leaf_reg': 15, 'learning_rate': 0.05}"
