model,r2,mse,mae,mape,class_name,params
gb,0.936348447323096,56647.49678461052,133.04299966218608,0.11047639535655865,GradientBoostingRegressor,"{'learning_rate': 0.01, 'max_depth': 6}"
cb,0.933113364582977,59526.59920099717,134.20731429289916,0.11473268136483325,CatBoostRegressor,"{'depth': 6, 'l2_leaf_reg': 1, 'learning_rate': 0.05}"
rf,0.917537795796571,73388.27178619026,156.67226681956123,0.12690243576395585,RandomForestRegressor,"{'max_depth': 50, 'n_estimators': 1000}"
eng,0.6999647155290702,267020.16050747165,245.82138729567131,0.19524065961190543,Calculation,
ridge,0.2038217671233794,708568.7935342438,319.24253045434307,0.2965015206256259,Ridge,{'alpha': 1000}
lasso,0.011494480966637077,879732.8714862673,340.2769040162001,0.3441568443655183,Lasso,{'alpha': 0.1}
linear,-2.1492826616381886,2802743.561567683,699.4376292881944,0.4665062180233229,LinearRegression,{}
