model,class_name,mae_mean,te_mean,mse_mean,mape_mean,r2_mean,params,mae_sd,te_sd,mse_sd,mape_sd,r2_sd
ridge,Ridge,115.29807676319348,-1180.930598529559,30703.084084772636,0.09880502322331663,0.9621655804918776,{'alpha': 1},12.290984665917879,1760.2835645884636,8077.555409793947,0.007637105327043824,0.00886540179162441
linear,LinearRegression,115.90482593392964,-1097.2904830019745,31366.726940670782,0.09955683821495612,0.9612957315886206,{},12.191537227272587,1823.168928927474,8524.227600754122,0.0069926449766036045,0.009681293604575114
lasso,Lasso,118.93414619260868,-2244.5982860819336,33515.088336679284,0.1012360928339976,0.9592082423170789,{'alpha': 0.005},12.035388849535943,1646.5296884964896,9490.671911157377,0.007791928165933359,0.00818579145849666
gb,GradientBoostingRegressor,122.88508141403253,-2474.0541050783027,41672.615159855886,0.1056477028352507,0.9505928038043108,"{'learning_rate': 0.01, 'max_depth': 4}",14.653193823165777,1609.8653612880514,17036.748636219116,0.007645897542325181,0.011254469640562304
