model,r2,mse,mae,mape,class_name,params
ridge,0.9523095077238353,45828.971847379195,131.25493988031226,0.11030942374000578,Ridge,{'alpha': 1}
linear,0.9502204565676442,47836.48030567765,131.51454109073816,0.11067553036932956,LinearRegression,{}
lasso,0.9501834171682142,47872.07393268173,136.5780720335932,0.1113883697715355,Lasso,{'alpha': 0.005}
cb,0.9461534358750168,51744.75149201395,137.9474595808382,0.11442929560337178,CatBoostRegressor,"{'depth': 6, 'l2_leaf_reg': 1, 'learning_rate': 0.05}"
gb,0.9452199376698501,52641.812120292336,138.9174110043843,0.11340573418793186,GradientBoostingRegressor,"{'learning_rate': 0.05, 'max_depth': 3}"
rf,0.9290633386763203,68167.7646757022,152.2805651050288,0.12203967437795704,RandomForestRegressor,"{'max_depth': 30, 'n_estimators': 1000}"
eng,0.514774542636733,466285.4746049015,309.6549941966246,0.22778769011231972,Calculation,
