model,class_name,r2,mse,mae,mape,params
gb,GradientBoostingRegressor,0.9994603292906152,469.0255253269333,13.978183061709583,0.010708212780350588,"{'learning_rate': 0.05, 'max_depth': 5}"
ridge,Ridge,0.9642194358092833,31096.73662885625,116.79506492794468,0.10063180107739288,{'alpha': 10}
linear,LinearRegression,0.9631371945181331,32037.307946300803,115.77924697050541,0.09718844154406378,{}
lasso,Lasso,0.9613045586516,33630.0440075438,119.32223857326957,0.10136623797811024,{'alpha': 0.005}
