model,r2,mse,mae,mape,class_name,params
gb,0.9476600617769576,43162.56460068496,127.34729358528924,0.11067627312985405,GradientBoostingRegressor,"{'learning_rate': 0.05, 'max_depth': 3}"
eng,0.8406635462586949,131398.12944649984,223.3554688886563,0.18245412082952348,Calculation,
lasso,0.6411245911039847,295949.5854592374,267.77718125976753,0.2739638438187155,Lasso,{'alpha': 0.1}
ridge,0.6125853630080769,319484.69685149717,256.2156433745633,0.2493205414703593,Ridge,{'alpha': 1000}
linear,-1.2072333193036182,1820213.2820111853,362.67444502790715,0.24444470945158056,LinearRegression,{}
