model,class_name,mae,te,mse,mape,r2,params
gb,GradientBoostingRegressor,27.64373578611621,-3152.1494242650288,1693.0334907274337,0.022356440326492668,0.9979745223129969,"{'learning_rate': 0.1, 'loss': 'squared_error', 'max_depth': 3, 'max_features': 'sqrt', 'min_samples_leaf': 20, 'min_samples_split': 20, 'n_estimators': 2000, 'warm_start': True}"
ridge,Ridge,112.59840638968058,-11528.687780922284,29278.106092345824,0.09613619012340593,0.9649728425736704,{'alpha': 0.01}
linear,LinearRegression,112.62444885902542,-11505.414702552109,29295.9080538177,0.09616197094005863,0.9649515450175714,{}
lasso,Lasso,121.45737006757786,-31313.011524449088,36204.57345503328,0.10187034334585122,0.9566862935067342,{'alpha': 0.01}
