model,class_name,mae_mean,te_mean,mse_mean,mape_mean,r2_mean,params,mae_sd,te_sd,mse_sd,mape_sd,r2_sd
cb,CatBoostRegressor,0.008326557480561225,-0.0006422598076652288,0.00013796151518796968,0.09192608546357296,0.8077211685764928,"{'depth': 6, 'l2_leaf_reg': 7, 'learning_rate': 0.05}",0.0005702751144690349,0.17032766389438914,2.9968668905370765e-05,0.010138564551209539,0.04737882789912445
gb,GradientBoostingRegressor,0.008373130010762914,-0.0073503183509558275,0.00014195257347577887,0.0919207175474018,0.8023311672580444,"{'learning_rate': 0.005, 'max_depth': 6}",0.0005458906124238642,0.1710880295438155,3.2215182507611335e-05,0.009577932269441538,0.048680365254007305
rf,RandomForestRegressor,0.008432837740460117,0.004118076658126552,0.00014541845270620195,0.09191217717595425,0.7974566642906681,"{'max_depth': 30, 'n_estimators': 1000}",0.0005848355177426,0.18233212140070448,3.0341852723367692e-05,0.009771290382008567,0.04605430364510075
ridge,Ridge,0.008933592576748502,-0.009798694231845506,0.0001604143941476584,0.09845869023444304,0.7771903962569332,{'alpha': 0.1},0.0006942902928182725,0.2052752891242676,3.836986861641545e-05,0.010815048294559839,0.05361728057152781
linear,LinearRegression,0.008935402620842584,-0.00983425260159115,0.00016042357533768432,0.0984976621467026,0.7771134075044495,{},0.0006919388495397373,0.20530548989864897,3.816385336560353e-05,0.010801406262732098,0.05367740962880832
lasso,Lasso,0.011020500188410099,-0.028408485080816843,0.00023390298624852986,0.12272645390784823,0.677936415351959,{'alpha': 0.005},0.0008472316719964064,0.20166201529844016,5.3250707721688125e-05,0.011848184242163013,0.05738884015094313
