model,class_name,r2_mean,rmse_mean,mae_mean,mape_mean,params,r2_sd,rmse_sd,mae_sd,mape_sd
gb,GradientBoostingRegressor,0.6971463706891134,0.0020774351512332684,0.01129118433985125,0.10690943196501397,"{'learning_rate': 0.005, 'max_depth': 6}",0.2136845365934723,0.0055739099542393795,0.0038740971249565195,0.011466328448542699
ridge,Ridge,0.6616789401063652,0.0021251600299136693,0.012432038409875234,0.11811024151692735,{'alpha': 1000},0.20069603225860355,0.005617087387401758,0.0037804460120810894,0.009947132695155077
lasso,Lasso,0.6431270198303249,0.002203645101555078,0.012998751745782001,0.12404402927236303,{'alpha': 0.005},0.20475779033492883,0.005801288957575641,0.00402764285515236,0.011305113518300417
linear,LinearRegression,0.6322375037664315,0.0020516202749363984,0.01336751349548634,0.13307137741147,{},0.18115043620006444,0.005307224684503822,0.003224291933306111,0.017937376527171568
