model,mae,te,mse,mape,r2,class_name,params
ridge,121.64491801121699,-12836.274401428142,39975.31982535111,0.1068289059349486,0.9545493420978726,Ridge,{'alpha': 0.1}
linear,122.76478828203581,-13640.835110462192,41872.903108075894,0.11057671206400967,0.9523918507006625,LinearRegression,{}
lasso,125.26560001587865,-11756.127815910371,40677.256203245306,0.10868199184092074,0.9537512629250201,Lasso,{'alpha': 0.005}
gb,163.18636828993775,14780.994558666724,77624.38660786794,0.1424753143661457,0.9117435593763707,GradientBoostingRegressor,"{'learning_rate': 0.01, 'max_depth': 6}"
eng,357.6083335845394,282307.4035489422,686498.7840930459,0.28101368639981156,0.21947287670598614,Calculation,
