model,r2,corr,mse,mae,mape,class_name,params
ridge,0.9555492092532194,0.9787599715095284,0.024357189569908077,0.10901384510542994,0.01627563943326153,Ridge,{'alpha': 1}
linear,0.9554996801454856,0.9787312308868078,0.024384329466545084,0.1091738583239563,0.01629835664395602,LinearRegression,{}
lasso,0.9544561737874703,0.9781955566044102,0.024956127667489877,0.11061617465429822,0.01650423099768006,Lasso,{'alpha': 0.005}
gb,0.9460983009884072,0.9746021128930711,0.029535895287995037,0.12180729866098919,0.018281307994487715,GradientBoostingRegressor,"{'learning_rate': 0.01, 'max_depth': 6}"
eng,0.8258874182382063,0.927103826486711,0.0877190913486793,0.20067751470272488,0.029284960851771392,,
