model,mae,te,mse,mape,r2,class_name,params
linear,158.04255577026197,-43536.10771978056,57934.100629867724,0.14964826290436906,0.8883371625039055,LinearRegression,{}
ridge,158.04600801753492,-43557.03140634915,57937.968443336475,0.14964562880268545,0.8883297076367007,Ridge,{'alpha': 0.005}
lasso,169.6567854428332,-55112.82448406746,69224.87745783478,0.15390411406140306,0.8665751921886888,Lasso,{'alpha': 0.005}
cb,173.9036648041977,13993.694813197459,79802.57320114746,0.18178621146912716,0.8461876223804553,CatBoostRegressor,"{'depth': 6, 'l2_leaf_reg': 7, 'learning_rate': 0.05}"
rf,174.4281953516873,-10751.34045587134,77757.8484742337,0.17416823761009464,0.8501286478287369,RandomForestRegressor,"{'max_depth': 50, 'n_estimators': 700}"
gb,195.18317468636556,32431.41156696348,91886.17361077719,0.20187054800339443,0.8228975549721662,GradientBoostingRegressor,"{'learning_rate': 0.01, 'max_depth': 6}"
eng,341.81525130625437,104999.28719350879,910301.3556092082,0.2980186077823141,-0.7545250765740188,Calculation,
