model,r2,mse,mae,mape,class_name,params
cb,0.9409485062353872,72169.4970991042,165.80949891559303,0.115548103454166,CatBoostRegressor,"{'depth': 6, 'l2_leaf_reg': 7, 'learning_rate': 0.05}"
lasso,0.9394330533315837,74021.60052566335,170.0079115956565,0.11632917728472662,Lasso,{'alpha': 0.005}
gb,0.9339719178117186,80695.90085123626,175.0885925458659,0.11959839234604831,GradientBoostingRegressor,"{'learning_rate': 0.05, 'max_depth': 3}"
rf,0.9194213651126618,98478.78835939655,196.46683667246168,0.13263940900365115,RandomForestRegressor,"{'max_depth': 30, 'n_estimators': 700}"
eng,0.7487696876003727,307039.9095102525,298.62183992921825,0.19849663134896128,Calculation,
ridge,-2.0028097011017074,3669869.3326313123,242.31332577400084,0.14889201919922654,Ridge,{'alpha': 0.01}
linear,-3.5379133023371674,5545988.7638823055,260.2002044369694,0.15700601532164854,LinearRegression,{}
