model,mae,te,mse,mape,r2,class_name,params
ridge,166.20524819050755,12240.536133905109,60938.97762124191,0.11570460755249376,0.9594182723340382,Ridge,{'alpha': 100}
linear,168.26323206775095,14610.61055719195,62425.0475874317,0.11753631272463154,0.958428638293321,LinearRegression,{}
gb,181.87530433784548,27233.489604891707,71405.09585346494,0.12259243075742952,0.9524484612804346,GradientBoostingRegressor,"{'learning_rate': 0.005, 'max_depth': 6}"
lasso,210.80755880148462,-35994.102836486396,107854.58618357313,0.1234476908595806,0.9281752727912344,Lasso,{'alpha': 0.005}
eng,310.819081961299,-36484.385473356626,205986.9255340104,0.19245713276919674,0.8628249826125061,Calculation,
