r2,mse,mae,mape,class_name,params
0.9064817132706365,78169.01289222407,171.30572536366515,0.13951750350205047,GradientBoostingRegressor,"{'learning_rate': 0.01, 'max_depth': 3}"
0.8359545264670849,137120.48396069588,214.19388281229118,0.1690783327902669,LinearRegression,{}
0.8359519439221023,137122.64262932749,214.19478321702215,0.16907914427371573,Ridge,{'alpha': 0.005}
0.8274408263264492,144236.8198061099,217.3882318451275,0.17264982390329217,Lasso,{'alpha': 0.005}
0.2083145593570258,661745.1151056599,347.1932236190591,0.27194801871631485,Calculation,
