model,r2,mse,mae,mape,class_name,params
cb,0.9569863890335062,35471.531398038074,119.73625467147238,0.10430866840652636,CatBoostRegressor,"{'depth': 6, 'l2_leaf_reg': 7, 'learning_rate': 0.05}"
gb,0.9557131803410229,36521.49351693238,120.27379882341816,0.10427187685022238,GradientBoostingRegressor,"{'learning_rate': 0.01, 'max_depth': 6}"
linear,0.9553139586183131,36850.71502504778,126.32070497046197,0.11074667811359759,LinearRegression,{}
rf,0.9547028530362688,37354.66831689966,122.40411705313457,0.10605103673083965,RandomForestRegressor,"{'max_depth': 30, 'n_estimators': 1000}"
ridge,0.9537525716868799,38138.32572125193,128.92359700411484,0.11291916256108586,Ridge,{'alpha': 0.005}
lasso,0.9195254505378572,66364.00534270353,175.55608427924102,0.14721585258962508,Lasso,{'alpha': 0.005}
eng,0.8406635462586949,131398.12944649984,223.3554688886563,0.18245412082952348,Calculation,
