model,class_name,r2,mse,mae,mape,params
gb,GradientBoostingRegressor,0.9954277445529799,5.118885223782852e-06,0.0016530644419521228,0.017894385257421864,"{'learning_rate': 0.1, 'loss': 'squared_error', 'max_depth': 3, 'max_features': 'sqrt', 'min_samples_leaf': 20, 'min_samples_split': 20, 'n_estimators': 2000, 'warm_start': True}"
cb,CatBoostRegressor,0.9840415382749489,1.786635389584526e-05,0.0033179996920565066,0.03614297427512848,{'verbose': 0}
rf,RandomForestRegressor,0.9518281738547997,5.393094325427698e-05,0.0054302664321026995,0.05639639557986919,"{'max_depth': 10, 'n_estimators': 200}"
linear,LinearRegression,0.7723356672264172,0.0002548824322089412,0.010648008107559727,0.1125638676799305,{}
ridge,Ridge,0.7723346009487784,0.0002548836259639519,0.010647467268610617,0.11255484548592261,{'alpha': 0.01}
lasso,Lasso,0.6146940843126323,0.00043137064000516614,0.013830843134062392,0.14833214418249718,{'alpha': 0.01}
