model,mae,te,mse,mape,r2,class_name,params
cb,124.5013284943484,7089.42478503086,35134.895731291035,0.09870948422241804,0.9557777491294669,CatBoostRegressor,"{'depth': 8, 'l2_leaf_reg': 1, 'learning_rate': 0.01}"
rf,125.19664793626863,7876.015246376586,36804.35206936464,0.10071117407907083,0.9536765014819908,RandomForestRegressor,"{'max_depth': 10, 'n_estimators': 1000}"
gb,131.29324654359706,7009.324829208326,40771.54782281445,0.10484345202804594,0.9486832227996429,GradientBoostingRegressor,"{'learning_rate': 0.005, 'max_depth': 4}"
ridge,153.27248328005567,10436.787630865818,53971.11743474797,0.11950574252791976,0.9320696918181881,Ridge,{'alpha': 100}
lasso,161.31876760768856,33983.90327501323,55538.64102223759,0.12671948404122385,0.9300967409985359,Lasso,{'alpha': 0.005}
linear,159.1648968562243,8128.774359729374,56663.44807242293,0.12402296309277375,0.9286810117493399,LinearRegression,{}
eng,303.8041831234374,108605.0743258148,310614.0960269266,0.22922206671537074,0.6090480932837004,Calculation,
