mae,te,mse,mape,r2,class_name,params
73.31380867128401,-10756.828708411547,12979.19244530296,0.06158846932444357,0.9844722122525846,GradientBoostingRegressor,"{'learning_rate': 0.01, 'max_depth': 4}"
112.62444885902542,-11505.414702552109,29295.9080538177,0.09616197094005863,0.9649515450175714,LinearRegression,{}
112.64557467053817,-12085.62697093032,29108.28406606494,0.09612014298323027,0.9651760108670784,Ridge,{'alpha': 1}
117.90122235325694,-22641.799681044657,33036.4470955626,0.09999849971438811,0.9604765134201969,Lasso,{'alpha': 0.005}
347.1932236190591,230630.08307785328,661745.1151056599,0.27194801871631485,0.2083145593570258,Calculation,
