r2,mse,mae,mape,class_name,params
0.9937191555627903,5249.9615525156605,48.41648698704008,0.03984500850827053,GradientBoostingRegressor,"{'learning_rate': 0.05, 'max_depth': 3}"
0.965176010867078,29108.284066065156,112.64557467053832,0.09612014298323017,Ridge,{'alpha': 1}
0.9649515450175714,29295.90805381776,112.62444885902558,0.09616197094005899,LinearRegression,{}
0.9604233206845059,33080.90924074758,117.9620972540511,0.10003767506131761,Lasso,{'alpha': 0.005}
0.2083145593570258,661745.1151056599,347.1932236190591,0.27194801871631485,Calculation,
