model,r2,mse,mae,mape,class_name,params
rf,0.9592694125143466,36248.696639666516,125.08431547109247,0.10600360876727542,RandomForestRegressor,"{'max_depth': 50, 'n_estimators': 200}"
cb,0.9499386404279487,44552.734161659995,131.24575002029835,0.11097741198942494,CatBoostRegressor,"{'depth': 6, 'l2_leaf_reg': 1, 'learning_rate': 0.05}"
gb,0.9476734921824896,46568.63122237495,141.70874669003072,0.1261217747548478,GradientBoostingRegressor,"{'learning_rate': 0.005, 'max_depth': 6}"
lasso,0.9328139452744275,59793.07116601595,152.11796112023342,0.12172294595860922,Lasso,{'alpha': 0.005}
ridge,0.9304599741511661,61888.017259678185,158.34933407506446,0.13419592646779047,Ridge,{'alpha': 100}
linear,0.8974768042922701,91241.802516295,183.13937338934085,0.15806565798265973,LinearRegression,{}
eng,0.6999647155290702,267020.16050747165,245.82138729567131,0.19524065961190543,Calculation,
