model,mae,te,mse,mape,r2,class_name,params
cb,129.1055295461675,-4823.310415300398,43476.73315732727,0.10213641262667489,0.9452783632711267,CatBoostRegressor,"{'depth': 6, 'l2_leaf_reg': 1, 'learning_rate': 0.01}"
ridge,136.57951156773782,-6363.545392724237,41012.77312446941,0.10806552999064965,0.948379606534842,Ridge,{'alpha': 0.005}
linear,136.57980043546257,-6362.346877613034,41012.69798827245,0.10806572740720609,0.9483797011044055,LinearRegression,{}
lasso,136.7559297373577,-8575.771192798104,42047.55378825457,0.10795964305054294,0.947077188264987,Lasso,{'alpha': 0.005}
gb,138.31212067128638,-7205.569302445412,50937.058223850734,0.10983562361670034,0.9358884857775183,GradientBoostingRegressor,"{'learning_rate': 0.01, 'max_depth': 3}"
rf,140.00961114508578,-4728.195369365005,50755.95647454141,0.1106693988534586,0.9361164280219553,RandomForestRegressor,"{'max_depth': 10, 'n_estimators': 200}"
eng,303.8041831234374,108605.0743258148,310614.0960269266,0.22922206671537074,0.6090480932837004,Calculation,
