model,mae,te,mse,mape,r2,class_name,params
cb,116.32997718740063,-3077.0565071682386,37737.85120762966,0.111779290971575,0.9464306526193954,CatBoostRegressor,"{'depth': 6, 'l2_leaf_reg': 1, 'learning_rate': 0.05}"
lasso,120.64303591901938,-13487.293294769017,41154.76623267551,0.11492217797744338,0.9415802994040093,Lasso,{'alpha': 0.005}
ridge,124.67378847669569,-4408.934631004291,44801.869356752584,0.11927189914189185,0.9364031913298996,Ridge,{'alpha': 0.1}
linear,124.93477630781975,-3177.723102442741,44961.14526976555,0.11973465213368704,0.9361770971978672,LinearRegression,{}
gb,129.98968676819686,-16041.436394662787,44436.27364601957,0.1252030473791251,0.9369221589712039,GradientBoostingRegressor,"{'learning_rate': 0.05, 'max_depth': 3}"
rf,133.5979283058631,338.56368032028513,49899.291666090816,0.13214191911603135,0.9291673372021114,RandomForestRegressor,"{'max_depth': 30, 'n_estimators': 1000}"
eng,280.36831545588603,61370.60138610492,386275.95861115825,0.24234791026494437,0.45167649059378234,Calculation,
