,report_target,cal_target
count,2142.0,2142.0
mean,0.0008294569942992839,0.0009062955719714783
std,0.0008255060561960694,0.0007855364050183132
