mae,te,mse,mape,r2,class_name,params
72.82030156958011,-18422.45931617637,12709.325002361318,0.05617932413359492,0.9869695345692001,RandomForestRegressor,"{'max_depth': 10, 'n_estimators': 700}"
85.65973039296821,-13907.06927396312,16626.426434945384,0.0642975292063045,0.9829534554464505,CatBoostRegressor,"{'depth': 6, 'l2_leaf_reg': 7, 'learning_rate': 0.05}"
108.1343938048984,-19792.58925868992,29590.98680403822,0.08288750784884405,0.9696613053374876,GradientBoostingRegressor,"{'learning_rate': 0.01, 'max_depth': 3}"
140.8288417014082,-22821.484570039815,48071.11229713723,0.11012248949421523,0.9507142222823348,Ridge,{'alpha': 0.005}
140.8288987118007,-22818.374713832716,48071.01008363912,0.11012254033084558,0.9507143270785733,LinearRegression,{}
141.03724356594597,-34683.22970235524,49511.15073573489,0.10963558102177812,0.9492377968160192,Lasso,{'alpha': 0.005}
332.1590193696883,220876.44901010668,491161.62440176966,0.24344909447331853,0.4964276571325653,Calculation,
