r2,mse,mae,mape,class_name,params
0.9325363012113685,56390.79718843719,151.69469061151668,0.13177976024061697,GradientBoostingRegressor,"{'learning_rate': 0.005, 'max_depth': 3}"
0.8648417530582582,112974.55414527068,204.6988637596708,0.16846714090251877,Ridge,{'alpha': 10}
0.8648171467519485,112995.1217876262,204.66703029415956,0.16820872514250906,LinearRegression,{}
0.863703885263164,113925.6622702705,205.3689804496592,0.16882810039212873,Lasso,{'alpha': 0.005}
0.2083145593570258,661745.1151056599,347.1932236190591,0.27194801871631485,Calculation,
