model,mae,te,mse,mape,r2,class_name,params
rf,120.43088684563403,1295.6244636025763,43165.544598635475,0.15522456016047312,0.9135482348721958,RandomForestRegressor,"{'max_depth': 50, 'n_estimators': 1000}"
gb,123.6075774601898,938.8114806040692,43812.36981176437,0.15973294656281342,0.912252776146397,GradientBoostingRegressor,"{'learning_rate': 0.005, 'max_depth': 6}"
cb,121.88251487520213,450.3973964113742,46675.68107533515,0.16222050020125345,0.9065181487914615,CatBoostRegressor,"{'learning_rate': 0.05, 'depth': 6, 'l2_leaf_reg': 15}"
ridge,118.79761764697513,-3725.611154125807,49267.16456633544,0.1473987952565314,0.9013279369180865,Ridge,{'alpha': 1}
linear,119.23411464017863,-4101.428980672071,50742.82688381402,0.14663414020828053,0.8983724868417624,LinearRegression,{}
lasso,158.89435286827606,12510.953416846423,66199.35804031012,0.197239090897799,0.8674162134145014,Lasso,{'alpha': 0.005}
eng,228.79890479430762,-21900.043939777384,135541.25632828352,0.26768285455444246,0.728538560878236,Calculation,
