model,class_name,r2_mean,mse_mean,mae_mean,mape_mean,params,r2_sd,mse_sd,mae_sd,mape_sd
gb,GradientBoostingRegressor,0.7571997339484018,198586.93778301924,267.9184178949584,0.223520389395685,"{'learning_rate': 0.005, 'max_depth': 4}",0.05388282340920884,56387.871193982966,25.50025576561144,0.02376973828145083
ridge,Ridge,0.7227925547903947,226682.58606048004,278.2786407523243,0.2292159777620407,{'alpha': 100},0.08769789822440889,79272.27276004553,28.090630657773463,0.020898277918234363
linear,LinearRegression,0.7132193413298704,232381.16872530497,271.72335138447255,0.22136946198689994,{},0.13033205361151307,105371.24586342124,29.860428445586198,0.022936689141774682
lasso,Lasso,0.7126208705771494,233262.76284564327,272.85413778484053,0.22202925802085188,{'alpha': 0.005},0.1258804076432215,103165.87940000274,29.583789504608976,0.022709980847934328
