model,r2,corr,mse,mae,mape,class_name,params
ridge,0.9475856699343138,0.9739444673737743,0.02604071273823896,0.1069383205047956,0.015392423392531744,Ridge,{'alpha': 1}
linear,0.9472528763666909,0.97379851931379,0.0262060526688408,0.10699950417625384,0.0154008091403552,LinearRegression,{}
lasso,0.9468206952005074,0.9733859106696843,0.02642077077332404,0.10831748719860206,0.015585189607943962,Lasso,{'alpha': 0.005}
gb,0.9444161313241857,0.9719114993908637,0.027615416533091797,0.10792514665201758,0.01566280763929881,GradientBoostingRegressor,"{'learning_rate': 0.01, 'max_depth': 4}"
eng,0.7972499719212619,0.914712295998481,0.09522826622049535,0.20052271132600608,0.028129342327205525,,
