model,class_name,r2_mean,mse_mean,mae_mean,mape_mean,params,r2_sd,mse_sd,mae_sd,mape_sd
cb,CatBoostRegressor,0.7496631187742514,0.0018897890504887456,0.010592605539415845,0.09949424295311692,"{'depth': 6, 'l2_leaf_reg': 1, 'learning_rate': 0.05}",0.20175037090035608,0.005180868320410001,0.0038733331093406377,0.010135782033132219
gb,GradientBoostingRegressor,0.7053050785478295,0.0019987925078109097,0.011092856361387248,0.10637518991524593,"{'learning_rate': 0.005, 'max_depth': 6}",0.20133565592780184,0.005375320949869651,0.0038352633496850264,0.011753338100603994
ridge,Ridge,0.664338324200688,0.0020230674264506516,0.012593482654278237,0.12417673717215862,{'alpha': 100},0.18777854100929878,0.0053194876515643644,0.0033903330588599045,0.015086267988848897
rf,RandomForestRegressor,0.65600440444685,0.0020135549789748156,0.010708077921425236,0.09824302059447444,"{'max_depth': 50, 'n_estimators': 200}",0.3151426404998822,0.005176400150613328,0.0039068232524131835,0.00959627752001178
lasso,Lasso,0.6257161318963145,0.0022201591187173964,0.013279792745495834,0.1269501704941886,{'alpha': 0.005},0.2024378720222627,0.005793492434000325,0.003939740249511342,0.011447635987706433
linear,LinearRegression,0.5695223381083546,0.0018485235695772666,0.01442781340293078,0.1458302806544937,{},0.16773701034653019,0.00449265350455901,0.002674833772722588,0.021762582451741536
