model,r2,mse,mae,mape,class_name,params
cb,0.9555955536029206,36618.49538308808,123.38508939138987,0.11003180697614953,CatBoostRegressor,"{'depth': 6, 'l2_leaf_reg': 7, 'learning_rate': 0.05}"
gb,0.9542057876175005,37764.57744130336,123.46952645010283,0.10973125745432301,GradientBoostingRegressor,"{'learning_rate': 0.01, 'max_depth': 6}"
linear,0.9541205094560905,37834.90278512028,129.31703435552086,0.11539622926478924,LinearRegression,{}
rf,0.9533485988969819,38471.465236369186,124.8534934763726,0.11008635585886413,RandomForestRegressor,"{'max_depth': 30, 'n_estimators': 1000}"
ridge,0.9525147702072188,39159.088988129,131.87681626140673,0.11754874702581064,Ridge,{'alpha': 0.005}
lasso,0.9187811985653278,66977.7589108983,177.7160818046163,0.15065699950756375,Lasso,{'alpha': 0.005}
eng,0.8406635462586949,131398.12944649984,223.3554688886563,0.18245412082952348,Calculation,
