model,class_name,mae_mean,te_mean,mse_mean,mape_mean,r2_mean,params,mae_sd,te_sd,mse_sd,mape_sd,r2_sd
gb,GradientBoostingRegressor,0.008541748761998232,-0.00353743095296505,0.00014679009960298536,0.09377590837621794,0.7946031779043804,"{'learning_rate': 0.005, 'max_depth': 6}",0.0005516173849411209,0.17288850185310006,3.12675864302646e-05,0.010795823680269653,0.05229677366987064
cb,CatBoostRegressor,0.008541645043243425,-0.017766982669537253,0.00014847875255778867,0.09366034295850242,0.7927809099439762,"{'depth': 10, 'l2_leaf_reg': 1, 'learning_rate': 0.01}",0.0006263411705185868,0.1767221211313389,3.244382687404338e-05,0.010847172558402802,0.050919221150190916
rf,RandomForestRegressor,0.008642909398499106,-0.014125151427103877,0.00015229909694727646,0.09478436757388778,0.7871670954528878,"{'max_depth': 10, 'n_estimators': 1000}",0.0005442082750478322,0.18783295789660434,2.8606833473219427e-05,0.010768082864192402,0.04787589979010311
linear,LinearRegression,0.009467717008697833,-0.009566586159019588,0.00017642831333817928,0.10429851060029678,0.7544840052877119,{},0.0006601032832431034,0.1918733015605633,3.847542574434969e-05,0.011708834368762846,0.056747392987616475
ridge,Ridge,0.009467814530711154,-0.009560997115573905,0.00017643023463672006,0.1042991849120972,0.7544835823961429,{'alpha': 0.005},0.0006601803640268063,0.19188268313095444,3.8480072538572436e-05,0.011709303429113405,0.056741948467976325
lasso,Lasso,0.011025554629754044,-0.027894452330268757,0.00023381947658117464,0.12287541210033025,0.6779406544298114,{'alpha': 0.005},0.0008454227086831099,0.19982251582659474,5.31718044816274e-05,0.01185293992930178,0.05772332920429789
