model,r2,mse,mae,mape,class_name,params
ridge,0.9402097034853394,57456.480001283766,154.33208142411667,0.12656197564946953,Ridge,{'alpha': 0.005}
linear,0.9402084832636637,57457.65259360046,154.3340056047715,0.12656956456281374,LinearRegression,{}
lasso,0.9333815124577813,64018.14375091305,159.5081895119972,0.1268801123531946,Lasso,{'alpha': 0.005}
gb,0.9312305477781391,66085.14903945559,154.8285901416287,0.12382934643510085,GradientBoostingRegressor,"{'learning_rate': 0.05, 'max_depth': 3}"
eng,0.514774542636733,466285.4746049015,309.6549941966246,0.22778769011231972,Calculation,
