,report_fc,cal_fc
count,1777.0,1777.0
mean,1315.5113843556555,1317.8034811420596
std,924.4116769692571,992.6645753477521
