model,class_name,mae_mean,te_mean,mse_mean,mape_mean,r2_mean,params,mae_sd,te_sd,mse_sd,mape_sd,r2_sd
gb,GradientBoostingRegressor,0.012021776624496716,-0.053689799109454144,0.0014668706823580937,0.12166186719040827,0.6733385521116143,"{'learning_rate': 0.005, 'max_depth': 6}",0.0023454534674758522,0.477441727406379,0.0035837557212090075,0.009854406546905906,0.17823146037253798
ridge,Ridge,0.013365252366837301,-0.0718991768692042,0.0016880012171524882,0.1380589091718814,0.6147084287988769,{'alpha': 100},0.002507920962892856,0.5184507189479992,0.004031872180058255,0.017207450047468403,0.20059601298970675
lasso,Lasso,0.013211255765067941,-0.09380098154477974,0.001728677467820307,0.13255670835806513,0.6140791662684539,{'alpha': 0.005},0.0026518671482952606,0.5177184769055754,0.004132942707900342,0.01277284294166688,0.2099104313662464
linear,LinearRegression,0.013590257817709585,-0.06705211552097771,0.0016839671531027924,0.14121615945238006,0.607232698323251,{},0.002492852452387008,0.5182044811524632,0.003996528663375633,0.017820281561179117,0.19696351252043362
rf,RandomForestRegressor,0.011658872660401534,-0.019961720493915463,0.0014678623834681833,0.11434205350128454,0.5625927298023731,"{'max_depth': 10, 'n_estimators': 1000}",0.0024031892834003683,0.5031321375135137,0.003008337258517449,0.011404862528236298,0.40216732956530854
cb,CatBoostRegressor,0.011970691006769868,-0.021694954231141886,0.0018103674592038555,0.11598606775334667,0.3149550013703984,"{'depth': 8, 'l2_leaf_reg': 1, 'learning_rate': 0.01}",0.0027861786286203696,0.5453261274629563,0.003231127243203463,0.010984647936859247,1.2226193241897483
