model,class_name,r2_mean,mse_mean,mae_mean,mape_mean,params,r2_sd,mse_sd,mae_sd,mape_sd
ridge,Ridge,0.964192741222994,0.017294676247537697,0.09881262761690858,0.014598583896207532,{'alpha': 10},0.010956694623336517,0.003957891055097631,0.009239548867941361,0.0014542259324633723
linear,LinearRegression,0.9641544394404148,0.017410947379897266,0.09863666982673419,0.014608976763097359,{},0.009969581941242709,0.0041359087830191614,0.008881501897040425,0.0014481773848744864
lasso,Lasso,0.9632075991326315,0.017826344492209288,0.10102203189230541,0.014933038450327086,{'alpha': 0.005},0.00969570438812533,0.0035563422689316886,0.00830792377436078,0.0012705043615200426
cb,CatBoostRegressor,0.9583720673317583,0.020538068172298314,0.10529687678449398,0.015668489833850073,"{'depth': 6, 'l2_leaf_reg': 1, 'learning_rate': 0.05}",0.01100934665720207,0.005881840198513748,0.013310207809263827,0.002085633274868034
gb,GradientBoostingRegressor,0.9578603922492155,0.021034358240340372,0.10527059262416032,0.015707359505845266,"{'learning_rate': 0.01, 'max_depth': 6}",0.010094477924350781,0.006405052712092847,0.013360580690482132,0.0021601385292427623
rf,RandomForestRegressor,0.9451628604184922,0.027024583754462084,0.12318166319862492,0.018234180976764595,"{'max_depth': 50, 'n_estimators': 1000}",0.012783182931091859,0.006792670208492476,0.01491657664875263,0.002402858271341824
