model,mae,te,mse,mape,r2,class_name,params
cb,126.19554545411364,535.4185986724215,40671.467744205314,0.09666701454945494,0.9532436893962968,CatBoostRegressor,"{'depth': 10, 'l2_leaf_reg': 15, 'learning_rate': 0.05}"
rf,127.26463352447885,-1138.4321801479737,41395.19236762953,0.09676944352068761,0.9524116886065246,RandomForestRegressor,"{'max_depth': 10, 'n_estimators': 1000}"
gb,129.127229121652,-1021.6840143003028,41940.05963622325,0.0989367240800894,0.9517853039525852,GradientBoostingRegressor,"{'learning_rate': 0.005, 'max_depth': 6}"
ridge,139.6555685050359,5593.835964582497,47838.83531805022,0.10842953951441532,0.9450040146788444,Ridge,{'alpha': 1000}
lasso,151.68024738278956,6329.983906909374,55176.46967382074,0.11475607807776397,0.9365685996308175,Lasso,{'alpha': 0.005}
linear,154.9561961289274,5552.414989016164,57219.04020110107,0.11870117516512603,0.9342204409018497,LinearRegression,{}
eng,265.39022007012505,43568.3326546733,324343.0829126224,0.18528640271209848,0.6271320715002742,Calculation,
