model,class_name,mae,te,mse,mape,r2,params
linear,LinearRegression,0.0002862196115011016,0.08885674019695042,1.527371107804944e-06,0.37902772935478807,0.12815802176423752,{}
linearstruct,LinearRegression,0.0002811668426547937,0.08199166628387823,1.5459420986575524e-06,0.31527438126072754,0.11755747464114497,{'fit_intercept': False}
