model,mae,te,mse,mape,r2,class_name,params
linearstruct,228.82390780139474,-25323.421988637325,134531.8448995565,0.17577705607195268,0.8306725871417513,LinearRegression,{'fit_intercept': False}
linear,241.37828420094496,9256.164095969365,135343.8177757302,0.24329161680867967,0.8296506040823782,LinearRegression,{}
eng,303.8041831234374,108605.0743258148,310614.0960269266,0.22922206671537074,0.6090480932837004,Calculation,
