model,class_name,mae,te,mse,mape,r2,params
gb,GradientBoostingRegressor,0.019482853081985968,-1.574142537883445,0.010922466029190246,0.15014696851941312,0.11296338158562036,"{'learning_rate': 0.005, 'max_depth': 4}"
linear,LinearRegression,0.019847530912570115,-1.8323034581253301,0.010955590784853215,0.1533885112622752,0.11027324996419385,{}
lasso,Lasso,0.02250394905792636,-1.2550577911723897,0.011525470522442958,0.1983360029170735,0.06399210850918535,{'alpha': 0.005}
ridge,Ridge,0.019846655672506784,-1.8333768751933979,0.010958445686207944,0.15336490808511433,0.11004139737368568,{'alpha': 0.1}
rf,RandomForestRegressor,0.020059018261095796,-1.5742105841398604,0.010926725841728656,0.15212577096969773,0.11261743317991679,"{'max_depth': 10, 'n_estimators': 1000}"
cb,CatBoostRegressor,0.019630846839480007,-1.7131995708864276,0.011237605381183409,0.14617755422448026,0.08737024681420125,"{'learning_rate': 0.01, 'depth': 10, 'l2_leaf_reg': 1}"
