model,mae,te,mse,mape,r2,class_name,params
linear,154.48590467016993,9424.882406051185,57460.14475976634,0.13387365013003288,0.9534737625945084,LinearRegression,{}
ridge,154.59131193054296,9205.985075287133,57563.11359342136,0.1339274173437834,0.953390387371212,Ridge,{'alpha': 10}
rf,159.05178221419817,15477.260811706406,60353.435677695525,0.1357747577836006,0.9511310267609402,RandomForestRegressor,"{'max_depth': 10, 'n_estimators': 700}"
cb,161.79777531122573,21695.80602495292,61882.09054938583,0.14353284878482464,0.949893254740548,CatBoostRegressor,"{'depth': 8, 'l2_leaf_reg': 1, 'learning_rate': 0.01}"
gb,163.81634526323074,25746.23053642657,63409.108314558405,0.14100378249207138,0.948656808306905,GradientBoostingRegressor,"{'learning_rate': 0.005, 'max_depth': 6}"
lasso,193.16554424602325,-31195.362004475966,95244.48307157616,0.15078390568412428,0.9228792852945558,Lasso,{'alpha': 0.005}
eng,279.1433792121064,-58384.42941313402,178781.22865791814,0.22150885741387183,0.8552384801159073,Calculation,
