model,r2,mse,mae,mape,class_name,params
linear,0.9106050521520032,85905.56215062099,183.8712643443861,0.14428835570749504,LinearRegression,{}
ridge,0.9106041307891566,85906.4475495746,183.87069175265484,0.14428694435684844,Ridge,{'alpha': 0.005}
lasso,0.8896798353957651,106013.99726738805,195.91237932430187,0.15446489967500593,Lasso,{'alpha': 0.005}
gb,0.8754521677788225,119686.311130179,199.46272561584345,0.16068826554489105,GradientBoostingRegressor,"{'learning_rate': 0.1, 'max_depth': 3}"
eng,0.514774542636733,466285.4746049015,309.6549941966246,0.22778769011231972,Calculation,
