model,class_name,r2,corr,mse,mae,mape,params
cb,CatBoostRegressor,0.9944109803783605,0.9972189761565057,0.0028157857277132142,0.04112185788469293,0.0059791368336914435,"{'depth': 6, 'l2_leaf_reg': 7, 'learning_rate': 0.05}"
rf,RandomForestRegressor,0.9928634771065259,0.9965689531250999,0.0035954282985766507,0.04413639382843801,0.00655277290580528,"{'max_depth': 50, 'n_estimators': 200}"
gb,GradientBoostingRegressor,0.9917355124940218,0.9958868776634281,0.004163704467255233,0.04709140500585445,0.006980743122176815,"{'learning_rate': 0.01, 'max_depth': 6}"
linear,LinearRegression,0.9687264976067044,0.9842390449513292,0.01575580113437045,0.09447800668211224,0.013953999006555827,{}
ridge,Ridge,0.9678840711618449,0.9838125589708347,0.01618022125107558,0.09546657291438065,0.014097221857622334,{'alpha': 10}
lasso,Lasso,0.9671563527836782,0.9834921377538709,0.016546850671216275,0.09744208107693698,0.014392177187810723,{'alpha': 0.005}
