model,r2,mse,mae,mape,class_name,params
ridge,0.9535335881333459,40314.91677065389,130.95819552178094,0.10922628041059841,Ridge,{'alpha': 1}
linear,0.9534554436033332,40382.71607120205,131.62699779582945,0.10941296745899283,LinearRegression,{}
lasso,0.9514345840644068,42136.042416924545,132.23107831145478,0.10925101815764819,Lasso,{'alpha': 0.005}
cb,0.9407405119765628,51414.37075865304,132.87676483414825,0.10774173692429061,CatBoostRegressor,"{'depth': 6, 'l2_leaf_reg': 1, 'learning_rate': 0.05}"
gb,0.9399632339320756,52088.748194145264,140.45565017609385,0.11317918222784391,GradientBoostingRegressor,"{'learning_rate': 0.05, 'max_depth': 6}"
rf,0.9320875574823887,58921.796579565766,150.3372337932841,0.12339260991972874,RandomForestRegressor,"{'max_depth': 30, 'n_estimators': 200}"
eng,0.5798127006386535,364560.44960930356,260.24568481368965,0.20372183714319292,Calculation,
