model,mae,te,mse,mape,r2,class_name,params
gb,139.77160081019719,75686.99574328958,47957.60831170397,0.12289753958096154,0.9367641211164054,GradientBoostingRegressor,"{'learning_rate': 0.005, 'max_depth': 6}"
ridge,145.32974860254072,50473.68825984474,48297.474867976875,0.1269877097888865,0.936315980328204,Ridge,{'alpha': 1000}
lasso,162.31315385565748,116394.39204918584,60838.95088897756,0.13797303262652255,0.9197790576874652,Lasso,{'alpha': 0.005}
linear,291.3874632047755,159468.40186694433,267176.20879276143,0.22003288242389754,0.6477071527423557,LinearRegression,{}
eng,353.0756591221561,384260.16561674944,735305.3280418017,0.2689841045589257,0.030442086179565897,Calculation,
