,gb,lasso,linear,ridge,mean,sd
distance_sum,2,1,1,1,1.25,0.4330127018922193
cal_fc,1,2,2,2,1.75,0.4330127018922193
