model,class_name,mae_mean,te_mean,mse_mean,mape_mean,r2_mean,params,mae_sd,te_sd,mse_sd,mape_sd,r2_sd
gb,GradientBoostingRegressor,0.010126413727545662,-0.005798761128406226,0.00021228602499783543,0.10431226412740606,0.7417555588337171,"{'learning_rate': 0.005, 'max_depth': 6}",0.001065262706592984,0.12410083824897944,8.53242827872885e-05,0.012026208121987896,0.09724498901377449
ridge,Ridge,0.010591456337486973,-0.00414422784382621,0.00023402476860625592,0.10897828241236666,0.7184566038715089,{'alpha': 100},0.0012403932646735873,0.11936139773671517,9.537580182668628e-05,0.011851891800913,0.09822926538783845
linear,LinearRegression,0.01048904781746837,0.003561042463817616,0.0002349627456944677,0.10752596200248658,0.7150855378808273,{},0.00130687976274151,0.1271266124364671,9.294358206543554e-05,0.012988372987164334,0.09868386485530893
lasso,Lasso,0.011808977812886897,-0.008654104129925741,0.00028998553546708775,0.12310861657463147,0.6548262387056281,{'alpha': 0.005},0.0013708394655810121,0.13089147776375176,0.00011177914164219385,0.012210683868166261,0.10778301620529689
