r2,mse,mae,mape,class_name,params
0.9701181603641608,8.71835843361033e-05,0.007225937342007023,0.07771233502436077,CatBoostRegressor,"{'depth': 6, 'l2_leaf_reg': 1, 'learning_rate': 0.01}"
0.8829024583011416,0.0003416450769653589,0.005968970601206687,0.05800323724299607,RandomForestRegressor,"{'max_depth': 10, 'n_estimators': 700}"
0.6386196326283076,0.0010543673388292416,0.008947468000913273,0.08935240892381693,GradientBoostingRegressor,"{'learning_rate': 0.005, 'max_depth': 5}"
0.373571434270245,0.0018276748806770884,0.015574663289239095,0.15885401319074327,LinearRegression,{}
0.3166379469686932,0.0019937846500953696,0.012173082724261517,0.1194179072917868,Ridge,{'alpha': 1000}
0.2994680606192195,0.002043879699557963,0.012674021235951682,0.1253108143148916,Lasso,{'alpha': 0.005}
0.013664495241456742,0.002877743328749861,0.019501538309638224,0.18642029066335788,Calculation,
