model,class_name,r2_mean,mse_mean,mae_mean,mape_mean,params,r2_sd,mse_sd,mae_sd,mape_sd
ridge,Ridge,0.9607474224497407,33182.01914261024,120.17579336155417,0.1038277719602203,{'alpha': 10},0.010628060212635522,8415.70415807968,11.27200513370013,0.016970259019665722
linear,LinearRegression,0.9599683861657435,33892.31319275106,120.95355312603394,0.10401474239564362,{},0.011754131951203393,9494.327487334529,12.605588537110789,0.01702493717794289
lasso,Lasso,0.9578211510341482,35901.244225339375,123.78543067903017,0.1054238718843306,{'alpha': 0.005},0.012679572383434395,11259.517093309609,13.386329307120556,0.017585957053924725
gb,GradientBoostingRegressor,0.9461018135673042,45680.71450186826,131.9997097364905,0.11182739921766395,"{'learning_rate': 0.05, 'max_depth': 4}",0.022938726378909823,19643.70818694524,14.084620622577335,0.01771455609842522
