model,r2,rmse,mae,mape,class_name,params
ridge,0.7664479253449935,0.0002754560906744604,0.012145848747021412,0.13419592646779047,Ridge,{'alpha': 100}
gb,0.7638826412898314,0.00027848163912376565,0.011806690868598209,0.12611597366791874,GradientBoostingRegressor,"{'learning_rate': 0.005, 'max_depth': 5}"
lasso,0.6771607504346029,0.00038076320980201777,0.01231290491288044,0.12171789386044259,Lasso,{'alpha': 0.005}
linear,0.6473716339126266,0.0004158971027203766,0.014524948587508362,0.1580656579826859,LinearRegression,{}
eng,0.25923577054280555,0.0008736724735122521,0.01880210831131136,0.19414355343031642,Calculation,
