model,r2,mse,mae,mape,class_name,params
ridge,0.9498481191549792,44633.294702665284,134.83831496375308,0.1118364510037265,Ridge,{'alpha': 1}
linear,0.949532861151923,44913.86251230074,135.36885007527428,0.11223619792845094,LinearRegression,{}
lasso,0.9471407931967196,47042.71335885866,136.3242405675637,0.11155141630792975,Lasso,{'alpha': 0.005}
gb,0.9206821085512831,70589.95125555863,153.55372384908924,0.128487250355715,GradientBoostingRegressor,"{'learning_rate': 0.05, 'max_depth': 5}"
eng,0.6999647155290702,267020.16050747165,245.82138729567131,0.19524065961190543,Calculation,
