model,class_name,r2,mse,mae,mape,params
cb,CatBoostRegressor,0.99593901497454,3394.450453620632,40.42291954368959,0.03365016813116962,"{'depth': 6, 'l2_leaf_reg': 1, 'learning_rate': 0.05}"
gb,GradientBoostingRegressor,0.9914218519389064,7170.2058477562705,55.750846223484764,0.04681311925357758,"{'learning_rate': 0.05, 'max_depth': 3}"
rf,RandomForestRegressor,0.9874903813362834,10456.39924339877,55.861442432841564,0.04517559411570634,"{'max_depth': 50, 'n_estimators': 700}"
ridge,Ridge,0.9629677879786791,30954.068558799692,116.34269240950057,0.09888876416841234,{'alpha': 0.005}
linear,LinearRegression,0.9629676680222401,30954.168826637797,116.34269083006014,0.09889070408943648,{}
lasso,Lasso,0.9565549598567741,36314.35114810231,123.22021856561432,0.10406639026290111,{'alpha': 0.005}
