model,class_name,mae_mean,te_mean,mse_mean,mape_mean,r2_mean,params,mae_sd,te_sd,mse_sd,mape_sd,r2_sd
gb,GradientBoostingRegressor,0.010718783021202289,-0.06704587761897336,0.0016553628331223273,0.104052081917603,0.7020507973235178,"{'learning_rate': 0.005, 'max_depth': 5}",0.003052964651704799,0.4769996152280122,0.004351160811274553,0.007931273335154606,0.20423805203400416
ridge,Ridge,0.012103334860720008,-0.07276936298156454,0.0017200822740074905,0.11888548268826421,0.6693539245240998,{'alpha': 1000},0.0030121817216453716,0.4816700914726226,0.004436164356697751,0.0091547986784892,0.19659936154238775
lasso,Lasso,0.013064840688783833,-0.08859368287686896,0.0018325538277483419,0.12784581137213683,0.6240470813950371,{'alpha': 0.005},0.003248205979798642,0.481162031544564,0.004643458298072835,0.008730606962879335,0.19923826801528402
linear,LinearRegression,0.013002573101049252,-0.0538584964687213,0.001683473368357272,0.1329578254881131,0.5764565329911231,{},0.002424726541971458,0.4972792916959207,0.00406314514536363,0.016482581010063276,0.1834965262180239
