model,class_name,r2,mse,mae,mape,params
gb,GradientBoostingRegressor,0.9572110577513131,35765.93942489353,129.15999565655008,0.10863522696921481,"{'learning_rate': 0.1, 'loss': 'squared_error', 'max_depth': 3, 'max_features': 'sqrt', 'min_samples_leaf': 20, 'min_samples_split': 20, 'n_estimators': 2000, 'warm_start': True}"
rf,RandomForestRegressor,0.944341033921088,46523.59008224047,145.15268478461948,0.11692446250103793,"{'max_depth': 10, 'n_estimators': 200}"
cb,CatBoostRegressor,0.9418458708095325,48609.21893897766,151.5469818151493,0.12685897615783637,{'verbose': 0}
linear,LinearRegression,0.8141079211375833,155381.37852343745,242.9168750746998,0.19800437169822235,{}
ridge,Ridge,0.814101577972611,155386.68057677746,242.91715792696797,0.19800381334419373,{'alpha': 0.01}
lasso,Lasso,0.8032947883487687,164419.73824895604,246.10847906634683,0.19996851882741748,{'alpha': 0.01}
