model,r2,mse,mae,mape,class_name,params
ridge,0.7422548586344472,0.0003039898880614349,0.011572339696792982,0.1276532119073696,Ridge,{'alpha': 1000}
lasso,0.7356334097452797,0.00031179936022435634,0.01190238515100648,0.1279291628366333,Lasso,{'alpha': 0.005}
linear,0.6342508851167489,0.00043137198203957276,0.015377757649504227,0.17701407910487063,LinearRegression,{}
gb,0.6325957750311719,0.0004333240527051078,0.013999769594348063,0.14771322137906856,GradientBoostingRegressor,"{'learning_rate': 0.005, 'max_depth': 6}"
eng,0.25923577054280555,0.0008736724735122521,0.01880210831131136,0.19414355343031642,Calculation,
