model,r2,mse,mae,mape,class_name,params
ridge,0.7608872028872468,0.00028201452040281625,0.011466309948951155,0.1221547632680907,Ridge,{'alpha': 1000}
gb,0.7182074969673917,0.00033235183794189154,0.011948756600884071,0.12580142290352544,GradientBoostingRegressor,"{'learning_rate': 0.01, 'max_depth': 4}"
rf,0.7164255356594034,0.0003344535195319896,0.010341073137851466,0.10453277595186837,RandomForestRegressor,"{'max_depth': 50, 'n_estimators': 200}"
lasso,0.7154622725837348,0.0003355896116926207,0.011818728991347633,0.11983421619439902,Lasso,{'alpha': 0.005}
linear,0.5956235404588714,0.0004769298618756268,0.013287541862641314,0.14264617079936381,LinearRegression,{}
eng,0.25923577054280555,0.0008736724735122521,0.01880210831131136,0.19414355343031642,Calculation,
cb,-0.686690885329849,0.0019893177062781666,0.011593159449514787,0.1089186418998526,CatBoostRegressor,"{'depth': 6, 'l2_leaf_reg': 1, 'learning_rate': 0.05}"
