model,mae,te,mse,mape,r2,class_name,params
linear,105.48123763783921,1072.5765163008882,22878.178720612974,0.10146267926194195,0.9631819081585236,LinearRegression,{}
ridge,105.69998427443822,1.0519499067277138,23079.895260364105,0.10133937246824426,0.9628572836253736,Ridge,{'alpha': 1}
lasso,107.66972665360667,4102.08789674633,23816.031895164047,0.10336739793015796,0.9616726112544247,Lasso,{'alpha': 0.005}
cb,111.36493877849259,12157.602481370803,24953.564262265256,0.10823847969460296,0.9598419685412943,CatBoostRegressor,"{'depth': 8, 'l2_leaf_reg': 7, 'learning_rate': 0.05}"
rf,113.12966302151081,61.511767304038585,27504.247908606925,0.10538247915085891,0.955737126722529,RandomForestRegressor,"{'max_depth': 30, 'n_estimators': 200}"
gb,116.39553589321622,11350.404164993673,27422.26566399321,0.11638235849099778,0.9558690616046024,GradientBoostingRegressor,"{'learning_rate': 0.05, 'max_depth': 3}"
eng,287.0417611672977,71040.07380074885,443593.6886141657,0.24437383143358396,0.2861200462176453,Calculation,
