model,class_name,mae_mean,te_mean,mse_mean,mape_mean,r2_mean,params,mae_sd,te_sd,mse_sd,mape_sd,r2_sd
linear,LinearRegression,0.00011986582273196072,-9.192863106157128e-06,3.095292932161322e-08,0.15968087933035424,0.9039002309236025,{},1.6717511948160682e-05,0.001705815213458841,9.42882106348598e-09,0.03065921467686724,0.027083335283241163
linearstruct,LinearRegression,0.00012007643799953731,-0.0007029344499698812,3.140933856799451e-08,0.1500983892536892,0.9019729857747474,{'fit_intercept': False},1.7397708620058278e-05,0.0016919581643153323,9.527667992620632e-09,0.027138863366485813,0.029197831628067685
