model,r2,corr,mse,mae,mape,class_name,params
ridge,0.9555492092532193,0.9787599715095284,0.02435718956990812,0.10901384510543007,0.016275639433261543,Ridge,{'alpha': 1}
linear,0.9554996801454858,0.9787312308868077,0.02438432946654496,0.10917385832395572,0.016298356643955944,LinearRegression,{}
lasso,0.9544532585925626,0.9781930381948111,0.024957725073380885,0.11061121757424157,0.01650421578869016,Lasso,{'alpha': 0.005}
gb,0.9456564856753383,0.974377965274092,0.02977799175364873,0.12291773218699382,0.0184361138471792,GradientBoostingRegressor,"{'learning_rate': 0.01, 'max_depth': 6}"
eng,0.8258874182382063,0.927103826486711,0.0877190913486793,0.20067751470272488,0.029284960851771392,,
