r2,mse,mae,mape,class_name,params
0.9677048398027301,3.6156164118355405e-05,0.0037431111301242264,0.03847994185356237,RandomForestRegressor,"{'max_depth': 30, 'n_estimators': 200}"
0.9563368236502944,4.8883267969115355e-05,0.005322746711614503,0.05747024172290762,CatBoostRegressor,"{'depth': 6, 'l2_leaf_reg': 7, 'learning_rate': 0.05}"
0.8960014845593417,0.00011643191640385894,0.007011149331826502,0.07356746031678064,GradientBoostingRegressor,"{'learning_rate': 0.005, 'max_depth': 6}"
0.7530933922100762,0.00027642519122458376,0.010960986960482148,0.11511654521904953,LinearRegression,{}
0.7462289514148741,0.00028411030089600263,0.010879492838390731,0.1146854538765477,Ridge,{'alpha': 100}
0.6854032240367841,0.00035220796532209456,0.012078895715185521,0.12775622962613511,Lasso,{'alpha': 0.005}
0.1289486607391379,0.0009751886965555719,0.019225400284797623,0.19337791811751417,Calculation,
