model,r2,mse,mae,mape,class_name,params
ridge,0.9550681840530924,39987.63254525783,131.95301919505206,0.11309875848074075,Ridge,{'alpha': 10}
lasso,0.9509833930749573,43622.943453921245,134.2997800105657,0.11252233825385581,Lasso,{'alpha': 0.005}
linear,0.9486561819878722,45694.07411811631,136.57959144915216,0.11327331371366503,LinearRegression,{}
gb,0.9361623162983878,56813.146422054524,136.70418575386464,0.11439850135564691,GradientBoostingRegressor,"{'learning_rate': 0.01, 'max_depth': 3}"
cb,0.9317756927742211,60717.07698666885,137.42828676513938,0.1172713078717144,CatBoostRegressor,"{'depth': 6, 'l2_leaf_reg': 1, 'learning_rate': 0.1}"
rf,0.9186287601544882,72417.35438734945,158.16420663409838,0.12808267266876153,RandomForestRegressor,"{'max_depth': 50, 'n_estimators': 200}"
eng,0.6999647155290702,267020.16050747165,245.82138729567131,0.19524065961190543,Calculation,
