model,r2,mse,mae,mape,class_name,params
ridge,0.9485974135055271,49396.170534290024,134.62972452221805,0.11272153715872928,Ridge,{'alpha': 0.1}
lasso,0.9482190878615409,49759.728855034235,142.20413104405952,0.11497331540442768,Lasso,{'alpha': 0.005}
linear,0.9481398836861189,49835.84142490633,134.8426256348475,0.11311477773894454,LinearRegression,{}
cb,0.9389639078928529,58653.64799873354,137.00029063673185,0.11205206733957293,CatBoostRegressor,"{'depth': 6, 'l2_leaf_reg': 1, 'learning_rate': 0.1}"
gb,0.9362885346486471,61224.59242052594,145.00551783808947,0.11630093028904977,GradientBoostingRegressor,"{'learning_rate': 0.05, 'max_depth': 3}"
rf,0.9167762056451698,79975.28954897837,163.4986778323471,0.1271361925923175,RandomForestRegressor,"{'max_depth': 50, 'n_estimators': 700}"
eng,0.514774542636733,466285.4746049015,309.6549941966246,0.22778769011231972,Calculation,
