model,r2,corr,mse,mae,mape,class_name,params
lasso,0.945450833677837,0.9743340197983605,0.029890680518109773,0.1233559991408105,0.01829862887247518,Lasso,{'alpha': 0.005}
ridge,0.9414743586825919,0.974797526326067,0.03206962387664158,0.13095600989507272,0.019399088885085302,Ridge,{'alpha': 0.005}
linear,0.9393892410616151,0.9735363106507896,0.033212181845047664,0.1319295231802054,0.019587816041401595,LinearRegression,{}
gb,0.9289515870739415,0.9658872487797131,0.03893158329037029,0.13647612622195293,0.02017607473263278,GradientBoostingRegressor,"{'learning_rate': 0.01, 'max_depth': 3}"
cb,0.9165887234810915,0.9614741200569745,0.045705919744211065,0.14902894180662785,0.02174823325985763,CatBoostRegressor,"{'depth': 6, 'l2_leaf_reg': 1, 'learning_rate': 0.05}"
rf,0.9079518022896677,0.9567370222863542,0.05043859430917599,0.1623129397789628,0.02380954700260303,RandomForestRegressor,"{'max_depth': 30, 'n_estimators': 1000}"
eng,0.8258874182382063,0.927103826486711,0.0877190913486793,0.20067751470272488,0.029284960851771392,,
