model,class_name,r2,corr,mse,mae,mape,params
gb,GradientBoostingRegressor,0.7134264254673113,0.871343209939759,0.025112800093301354,0.09459018219581737,1.5393914430313944,"{'learning_rate': 0.005, 'max_depth': 5}"
linear,LinearRegression,0.47592722690316824,0.6901543608044549,0.04592515135627615,0.1282502609616285,2.3809107414878676,{}
ridge,Ridge,0.4751080567234779,0.6894348421463659,0.04599693626177033,0.12756359922284446,2.361939986487125,{'alpha': 0.005}
lasso,Lasso,0.40608088084343175,0.6463197408032447,0.05204587385731622,0.1361239931585917,1.9984263292712923,{'alpha': 0.005}
cb,CatBoostRegressor,0.29377832576477414,0.5467229989465829,0.061887086956801056,0.14969296493864578,1.9721898325594351,"{'depth': 6, 'l2_leaf_reg': 1, 'learning_rate': 0.01}"
rf,RandomForestRegressor,0.27364082156851544,0.523883717313257,0.06365176158907765,0.15877787374302993,2.1422926879544613,"{'max_depth': 50, 'n_estimators': 200}"
