model,r2,corr,mse,mae,mape,class_name,params
ridge,0.9436202701584614,0.9750826588456339,0.030893753397401975,0.12755202378403724,0.01888875973748767,Ridge,{'alpha': 10}
linear,0.942323543010298,0.9753436104660731,0.031604306088088376,0.13006251622088144,0.019191857627949525,LinearRegression,{}
lasso,0.9412498230674904,0.972414348984671,0.03219266008028029,0.13003162340320784,0.019316207546224904,Lasso,{'alpha': 0.005}
gb,0.9252162427867946,0.9641643145192835,0.04097839702264348,0.14174341620938694,0.020917064484925092,GradientBoostingRegressor,"{'learning_rate': 0.01, 'max_depth': 5}"
eng,0.8258874182382063,0.927103826486711,0.0877190913486793,0.20067751470272488,0.029284960851771392,,
