model,class_name,r2,corr,mse,mae,mape,params
gb,GradientBoostingRegressor,0.678810013898739,0.8455901931397243,0.02814627945400856,0.10199046836975155,1.7271074768993402,"{'learning_rate': 0.01, 'max_depth': 3}"
linear,LinearRegression,0.475927226903202,0.6901543608044791,0.045925151356273196,0.12825026096162045,2.3809107414875363,{}
ridge,Ridge,0.4751080567234075,0.6894348421463168,0.04599693626177649,0.12756359922285462,2.361939986486903,{'alpha': 0.005}
lasso,Lasso,0.4063855419911411,0.646640829224161,0.052019176020605004,0.13609395801537613,1.9969159776726297,{'alpha': 0.005}
