model,r2,corr,mse,mae,mape,class_name,params
lasso,0.9444929487562035,0.9738061782449112,0.03041556172337994,0.12427338629069629,0.018476644075128563,Lasso,{'alpha': 0.005}
ridge,0.9394377715225699,0.9738672807417997,0.03318558916542304,0.133161939483935,0.01980620974795651,Ridge,{'alpha': 0.005}
linear,0.9363504076677964,0.9720318243866026,0.03487733649811689,0.13423781948015506,0.020017972339634857,LinearRegression,{}
gb,0.9279254507749036,0.9651101629130393,0.039493863419482335,0.13732428225114193,0.020294146257795017,GradientBoostingRegressor,"{'learning_rate': 0.01, 'max_depth': 3}"
cb,0.9182454427013678,0.961637727493403,0.04479810632999636,0.1463780353748844,0.02143469420044977,CatBoostRegressor,"{'depth': 8, 'l2_leaf_reg': 1, 'learning_rate': 0.05}"
rf,0.9081822451405202,0.9567641981683112,0.050312321185369935,0.16240491222074102,0.023809210288814206,RandomForestRegressor,"{'max_depth': 30, 'n_estimators': 1000}"
eng,0.8258874182382063,0.927103826486711,0.0877190913486793,0.20067751470272488,0.029284960851771392,,
