model,r2,corr,mse,mae,mape,class_name,params
linear,0.9429555146986414,0.9759746111122409,0.031258011816216284,0.13081764158177972,0.019298102325728594,LinearRegression,{}
ridge,0.9428814296983197,0.9758182186874584,0.03129860732344585,0.13041599394633632,0.01925598524026849,Ridge,{'alpha': 1}
lasso,0.94102359457722,0.972333967829989,0.03231662390929335,0.1299383853725621,0.019306633227243318,Lasso,{'alpha': 0.005}
gb,0.9255643803523437,0.9647261932470301,0.040787632077002985,0.14244436111383083,0.02099817732142588,GradientBoostingRegressor,"{'learning_rate': 0.01, 'max_depth': 4}"
eng,0.8258874182382063,0.927103826486711,0.0877190913486793,0.20067751470272488,0.029284960851771392,,
