model,class_name,r2,corr,mse,mae,mape,params
gb,GradientBoostingRegressor,0.6908997184236366,0.8528260973717269,0.027086843553765765,0.09981772711466988,1.6650596611560953,"{'learning_rate': 0.01, 'max_depth': 3}"
ridge,Ridge,0.47799317073658654,0.6915641360399999,0.045744110119039866,0.12728742330754036,2.475158938233896,{'alpha': 0.005}
linear,LinearRegression,0.4773932099367082,0.6912767089115787,0.045796685432921244,0.12783720332564513,2.483552121469775,{}
lasso,Lasso,0.4109018224915345,0.6503364490774614,0.05162340872225379,0.13546895601371278,2.036113835934867,{'alpha': 0.005}
cb,CatBoostRegressor,0.2986891754682187,0.5557378616227788,0.06145674306660827,0.1430276794377311,2.138352541088528,"{'depth': 6, 'l2_leaf_reg': 1, 'learning_rate': 0.05}"
rf,RandomForestRegressor,0.2804314799867218,0.5306099830502291,0.0630566877144666,0.15825423625265683,2.16873267476006,"{'max_depth': 30, 'n_estimators': 1000}"
