model,class_name,r2,corr,mse,mae,mape,params
gb,GradientBoostingRegressor,0.9662573305728602,0.983183483036204,0.01699978411598664,0.08026281620091037,0.011620963787387341,"{'learning_rate': 0.01, 'max_depth': 5}"
ridge,Ridge,0.9012192322047352,0.9516593303520327,0.04976641610874618,0.1322676009116617,0.019153878670803638,{'alpha': 10}
linear,LinearRegression,0.9008901092102434,0.9516045363530181,0.04993223049003121,0.1320609556788421,0.019129503194652564,{}
lasso,Lasso,0.8954299277442478,0.9485321746259104,0.052683106687199506,0.1386874415520727,0.020135964457178416,{'alpha': 0.005}
