model,class_name,r2,corr,mse,mae,mape,params
gb,GradientBoostingRegressor,0.9614332855854362,0.9807837272344461,0.019430170470839024,0.08552488037355727,0.012393729072428432,"{'learning_rate': 0.01, 'max_depth': 4}"
linear,LinearRegression,0.9089748650887267,0.9553506510867547,0.04585907602720959,0.12846608406745402,0.018656110072886527,{}
ridge,Ridge,0.9088320205917367,0.9552529413984552,0.045931042046858064,0.12771579208160264,0.018523427728030388,{'alpha': 0.005}
lasso,Lasso,0.8962616420215987,0.9488945366268579,0.05226408343263218,0.13648152544636155,0.019822734990838264,{'alpha': 0.005}
