model,class_name,r2,corr,mse,mae,mape,params
gb,GradientBoostingRegressor,0.9441327844671051,0.972288758317686,0.02814627945400856,0.10199046836975155,0.014807004795800322,"{'learning_rate': 0.01, 'max_depth': 3}"
linear,LinearRegression,0.9088437129534601,0.9552770308485702,0.045925151356273196,0.12825026096162043,0.018620964254076316,{}
ridge,Ridge,0.9087012279477841,0.9551780972559848,0.045996936261776505,0.12756359922285462,0.018491292704769603,{'alpha': 0.005}
lasso,Lasso,0.8967477558326863,0.9491008655951753,0.052019176020605004,0.13609395801537613,0.019764404807875433,{'alpha': 0.005}
