model,r2,corr,mse,mae,mape,class_name,params
lasso,0.9445696336126816,0.9738309340801885,0.030373541602815187,0.12422766219206646,0.018467976873439457,Lasso,{'alpha': 0.005}
ridge,0.9394377715225257,0.9738672807417705,0.03318558916544725,0.1331619394839421,0.019806209747958357,Ridge,{'alpha': 0.005}
linear,0.9363504076677879,0.9720318243866044,0.034877336498121615,0.1342378194801775,0.02001797233963787,LinearRegression,{}
gb,0.9285464750434766,0.9654007911421362,0.039153567879560106,0.13666918329005762,0.020209420110354166,GradientBoostingRegressor,"{'learning_rate': 0.01, 'max_depth': 3}"
eng,0.8258874182382063,0.927103826486711,0.0877190913486793,0.20067751470272488,0.029284960851771392,,
