model,class_name,r2,corr,mse,mae,mape,params
gb,GradientBoostingRegressor,0.7567364505849123,0.8921227671963244,0.02131748852422954,0.0891528656499191,1.4793449942706904,"{'learning_rate': 0.01, 'max_depth': 4}"
ridge,Ridge,0.4363051361984531,0.6606490359033188,0.04939728462874809,0.1312901073541253,2.404482664490841,{'alpha': 1}
linear,LinearRegression,0.43390486849546883,0.6591264328097577,0.049607623084042665,0.13151448918594383,2.440165314808242,{}
lasso,Lasso,0.3966300107889271,0.6398039064363499,0.05287406539861086,0.1389130083652983,2.028559038075419,{'alpha': 0.005}
cb,CatBoostRegressor,0.30764859911238507,0.5553388231410695,0.06067161758777078,0.1446113700687912,2.2752197093544786,"{'depth': 6, 'l2_leaf_reg': 7, 'learning_rate': 0.05}"
rf,RandomForestRegressor,0.255162439238109,0.5056862000188458,0.06527104530101027,0.15870607745178852,2.0901139383931318,"{'max_depth': 30, 'n_estimators': 1000}"
