model,class_name,r2,corr,mse,mae,mape,params
gb,GradientBoostingRegressor,0.9462356461927149,0.9733474330276429,0.027086843553765765,0.09981772711466988,0.014485135244412374,"{'learning_rate': 0.01, 'max_depth': 3}"
ridge,Ridge,0.9092030595533325,0.9555008908522304,0.045744110119039866,0.12728742330754034,0.018475855431801462,{'alpha': 0.005}
linear,LinearRegression,0.9090987034377357,0.9554885395957236,0.04579668543292125,0.12783720332564516,0.018585038479450183,{}
lasso,Lasso,0.8975333096389714,0.9495157200896748,0.05162340872225377,0.13546895601371278,0.019687294011366985,{'alpha': 0.005}
cb,CatBoostRegressor,0.8780152411809098,0.9414417623703017,0.06145674306660829,0.14302767943773112,0.020797348407521267,"{'depth': 6, 'l2_leaf_reg': 1, 'learning_rate': 0.05}"
rf,RandomForestRegressor,0.8748395300668119,0.9393430232771866,0.06305668771446658,0.15825423625265686,0.023092853804011354,"{'max_depth': 30, 'n_estimators': 1000}"
