model,r2,corr,mse,mae,mape,class_name,params
ridge,0.9436202701584615,0.9750826588456346,0.030893753397401948,0.12755202378403724,0.018888759737487666,Ridge,{'alpha': 10}
linear,0.9423235430098096,0.9753436104659329,0.03160430608835597,0.13006251622178644,0.019191857628082214,LinearRegression,{}
lasso,0.9412475150745822,0.9724135897277525,0.032193924764661555,0.13003434918201046,0.01931662168030426,Lasso,{'alpha': 0.005}
gb,0.9258104902115712,0.964517215857778,0.040652774082454005,0.14211199075222133,0.020966181721073684,GradientBoostingRegressor,"{'learning_rate': 0.01, 'max_depth': 5}"
eng,0.8258874182382063,0.927103826486711,0.0877190913486793,0.20067751470272488,0.029284960851771392,,
