model,class_name,r2,corr,mse,mae,mape,params
gb,GradientBoostingRegressor,0.7782734945955667,0.9008031596514738,0.019430170470839024,0.08552488037355724,1.3748084301910293,"{'learning_rate': 0.01, 'max_depth': 4}"
linear,LinearRegression,0.4766812425114907,0.6906701806666682,0.04585907602720958,0.128466084067454,2.379892791685214,{}
ridge,Ridge,0.47586000555587726,0.6899622273747731,0.04593104204685805,0.1277157920816026,2.3632176759282113,{'alpha': 0.005}
lasso,Lasso,0.4035907922128039,0.6439950242521949,0.05226408343263218,0.13648152544636152,1.9640126328293235,{'alpha': 0.005}
