model,r2,corr,mse,mae,mape,class_name,params
lasso,0.9445830723219073,0.9738333599230387,0.030366177747579205,0.12421380225298527,0.018465366231543292,Lasso,{'alpha': 0.005}
ridge,0.9394377715225465,0.973867280741782,0.033185589165435875,0.1331619394839295,0.019806209747956115,Ridge,{'alpha': 0.005}
linear,0.9363504076677923,0.9720318243866021,0.03487733649811913,0.13423781948016095,0.020017972339635672,LinearRegression,{}
cb,0.9265801879588369,0.9640127665247242,0.04023101164298518,0.13978237174764316,0.02068586349091675,CatBoostRegressor,"{'depth': 6, 'l2_leaf_reg': 1, 'learning_rate': 0.01}"
gb,0.9259905555013562,0.9641942674381758,0.04055410577251912,0.13858458216274763,0.020474345681129737,GradientBoostingRegressor,"{'learning_rate': 0.005, 'max_depth': 5}"
rf,0.9067346039285267,0.9562200966382073,0.05110556852332174,0.16404725575203405,0.02402898105360249,RandomForestRegressor,"{'max_depth': 50, 'n_estimators': 200}"
eng,0.8258874182382063,0.927103826486711,0.0877190913486793,0.20067751470272488,0.029284960851771392,,
