model,class_name,r2,corr,mse,mae,mape,params
gb,GradientBoostingRegressor,0.8060077377949662,0.9187682500186775,0.01699978411598664,0.08026281620091036,1.3508283574195916,"{'learning_rate': 0.01, 'max_depth': 5}"
ridge,Ridge,0.4320928091261004,0.6576243393762092,0.049766416108746186,0.1322676009116617,2.124038411688139,{'alpha': 10}
linear,LinearRegression,0.43020062586588115,0.6572015450158245,0.04993223049003121,0.1320609556788421,2.2159678558603932,{}
lasso,Lasso,0.39880912742721475,0.6417123941217414,0.05268310668719952,0.1386874415520727,1.9959868124745865,{'alpha': 0.005}
