model,class_name,r2,corr,mse,mae,mape,params
gb,GradientBoostingRegressor,0.8067152231404382,0.9192612920057006,0.01693778629194179,0.0802464582659681,1.303913027583308,"{'learning_rate': 0.01, 'max_depth': 5}"
ridge,Ridge,0.41319944802807707,0.6429059197213202,0.051422064928142455,0.1357585971742681,2.1801429844660887,{'alpha': 10}
linear,LinearRegression,0.4050564802010733,0.6397775855725366,0.05213564336446267,0.13699654680828172,2.4391538415891367,{}
lasso,Lasso,0.3917076061970268,0.6339703718968778,0.053305421858104086,0.14020780298656357,2.0655481347422704,{'alpha': 0.005}
