model,class_name,r2,corr,mse,mae,mape,params
gb,GradientBoostingRegressor,0.9663803893168815,0.9832464313176529,0.01693778629194179,0.08024645826596812,0.011623383180793524,"{'learning_rate': 0.01, 'max_depth': 5}"
ridge,Ridge,0.8979329545426684,0.9502932185960792,0.051422064928142455,0.13575859717426816,0.019672442122059406,{'alpha': 10}
linear,LinearRegression,0.89651658118623,0.9498366120807978,0.05213564336446267,0.13699654680828172,0.019869978876915783,{}
lasso,Lasso,0.8941947017585495,0.9479582373952924,0.0533054218581041,0.1402078029865636,0.02036388257160857,{'alpha': 0.005}
