model,class_name,r2,corr,mse,mae,mape,params
cb,CatBoostRegressor,0.9994382669647272,0.9997207059508876,0.0002830048864710044,0.012717959911183309,0.001834645602558787,"{'depth': 8, 'l2_leaf_reg': 1, 'learning_rate': 0.05}"
rf,RandomForestRegressor,0.9833520717543994,0.9916528890532127,0.008387338374776442,0.05801275535310872,0.00846683533724336,"{'max_depth': 30, 'n_estimators': 1000}"
gb,GradientBoostingRegressor,0.9444073472874432,0.9724197737083223,0.02800795285592766,0.10182605470056766,0.014786685329254142,"{'learning_rate': 0.01, 'max_depth': 3}"
linear,LinearRegression,0.914238021597326,0.9578081513707368,0.04320746233055063,0.12476453847239842,0.018093978654299615,{}
ridge,Ridge,0.9139606922107932,0.9576667664146009,0.04334718274331335,0.12418347453893151,0.017986900927959043,{'alpha': 0.005}
lasso,Lasso,0.9007134699659207,0.9509564132861783,0.050021222530995266,0.13365847897607924,0.019397803606648428,{'alpha': 0.005}
