model,class_name,r2,corr,mse,mae,mape,params
gb,GradientBoostingRegressor,0.9441340635638309,0.9722892811063855,0.028145635036463328,0.10198934125563526,0.01480686644030623,"{'learning_rate': 0.01, 'max_depth': 3}"
linear,LinearRegression,0.9142380215973267,0.9578081513707384,0.043207462330550284,0.12476453847239954,0.018093978654299868,{}
ridge,Ridge,0.9139606922108059,0.9576667664146065,0.043347182743307025,0.12418347453893386,0.0179869009279599,{'alpha': 0.005}
lasso,Lasso,0.900567954727832,0.950885681082536,0.05009453408799688,0.13376078569962724,0.019413126183248395,{'alpha': 0.005}
