model,r2,corr,mse,mae,mape,class_name,params
linear,0.9429555146987383,0.975974611112271,0.03125801181616316,0.13081764158170925,0.019298102325720937,LinearRegression,{}
ridge,0.94288142969832,0.9758182186874591,0.03129860732344571,0.13041599394633605,0.01925598524026845,Ridge,{'alpha': 1}
lasso,0.94102905251608,0.9723377732494142,0.03231363318518604,0.12993464252159476,0.0193059994519246,Lasso,{'alpha': 0.005}
gb,0.9263361101826736,0.9649543847289747,0.04036475614030304,0.14217796990958298,0.020950616246685982,GradientBoostingRegressor,"{'learning_rate': 0.01, 'max_depth': 4}"
cb,0.9222020243193446,0.9635767009437864,0.04263006371705688,0.1441413425199411,0.02115467898597884,CatBoostRegressor,"{'depth': 6, 'l2_leaf_reg': 7, 'learning_rate': 0.05}"
rf,0.9093360379966364,0.9576392150305282,0.04968009055800218,0.1622356935573662,0.023770385313587803,RandomForestRegressor,"{'max_depth': 30, 'n_estimators': 1000}"
eng,0.8258874182382063,0.927103826486711,0.0877190913486793,0.20067751470272488,0.029284960851771392,,
