model,class_name,r2,corr,mse,mae,mape,params
rf,RandomForestRegressor,0.9828994737880468,0.9914256440322938,0.008615360278495222,0.058330133612022175,0.008514666504198007,"{'max_depth': 50, 'n_estimators': 200}"
gb,GradientBoostingRegressor,0.9501540233724136,0.9752525293894101,0.025112738740164064,0.09458958971216591,0.01373600489183442,"{'learning_rate': 0.005, 'max_depth': 5}"
cb,CatBoostRegressor,0.9500915730943122,0.974994832756143,0.02514420161087738,0.10769474239409604,0.0156104052123662,"{'depth': 6, 'l2_leaf_reg': 1, 'learning_rate': 0.01}"
linear,LinearRegression,0.9142380215973266,0.9578081513707375,0.043207462330550374,0.12476453847239921,0.01809397865429971,{}
ridge,Ridge,0.9139606922108027,0.9576667664146048,0.04334718274330862,0.1241834745389318,0.017986900927959563,{'alpha': 0.005}
lasso,Lasso,0.9005224554662522,0.950859338753741,0.05011745692242063,0.13378942967665683,0.01941747695659894,{'alpha': 0.005}
