model,class_name,r2,corr,mse,mae,mape,params
gb,GradientBoostingRegressor,0.9943364991884762,0.9971645382652553,0.0028533098528114955,0.03515633688658565,0.0050973033210218455,"{'learning_rate': 0.1, 'loss': 'squared_error', 'max_depth': 3, 'max_features': 'sqrt', 'min_samples_leaf': 20, 'min_samples_split': 20, 'n_estimators': 2000, 'warm_start': True}"
linear,LinearRegression,0.9142380215973267,0.9578081513707384,0.043207462330550284,0.12476453847239954,0.018093978654299868,{}
ridge,Ridge,0.9136357828282612,0.9575088436063618,0.04351087427851422,0.12408117802960883,0.017968434851729758,{'alpha': 0.01}
lasso,Lasso,0.8849722869239183,0.9433824849048987,0.05795173656522399,0.1515580283504441,0.022035089764837937,{'alpha': 0.01}
