model,class_name,r2,corr,mse,mae,mape,params
gb,GradientBoostingRegressor,0.6803878670137837,0.846940691758614,0.02800801021575333,0.10182658975509096,1.7172687532160897,"{'learning_rate': 0.01, 'max_depth': 3}"
linear,LinearRegression,0.4759272269031688,0.6901543608044558,0.0459251513562761,0.12825026096162842,2.3809107414879764,{}
ridge,Ridge,0.4751080567233439,0.6894348421462724,0.04599693626178208,0.12756359922285354,2.3619399864861967,{'alpha': 0.005}
lasso,Lasso,0.4075260479408891,0.6476520930222246,0.05191923206042673,0.1359803841278527,1.995578659080296,{'alpha': 0.005}
cb,CatBoostRegressor,0.2975949197772523,0.5478095079218143,0.06155263405887093,0.14654399170525598,2.172540873079687,"{'depth': 8, 'l2_leaf_reg': 1, 'learning_rate': 0.05}"
rf,RandomForestRegressor,0.27287805100166906,0.5232387091041341,0.06371860412608932,0.15924346116660246,2.1617841888652385,"{'max_depth': 30, 'n_estimators': 1000}"
