model,r2,corr,mse,mae,mape,class_name,params
lasso,0.943857115574837,0.9735168277890215,0.030763971933259138,0.12512300801416967,0.01861980368177007,Lasso,{'alpha': 0.005}
ridge,0.9377386966496292,0.9729590486716322,0.03411661172044209,0.13440835394152906,0.020004355518569772,Ridge,{'alpha': 0.005}
linear,0.9347024022997971,0.971185372701444,0.03578037508272282,0.13551328656551115,0.020216299865455586,LinearRegression,{}
gb,0.9277881827675067,0.965570402666499,0.0395690805938425,0.13945178353033236,0.020514282989517622,GradientBoostingRegressor,"{'learning_rate': 0.01, 'max_depth': 4}"
eng,0.8258874182382063,0.927103826486711,0.0877190913486793,0.20067751470272488,0.029284960851771392,,
