model,class_name,r2,corr,mse,mae,mape,params
gb,GradientBoostingRegressor,0.9444072334346071,0.9724196905692961,0.02800801021575333,0.10182658975509097,0.01478675421134275,"{'learning_rate': 0.01, 'max_depth': 3}"
linear,LinearRegression,0.9088437129534543,0.9552770308485671,0.0459251513562761,0.12825026096162842,0.01862096425407764,{}
ridge,Ridge,0.9087012279477731,0.9551780972559809,0.04599693626178207,0.12756359922285357,0.018491292704770245,{'alpha': 0.005}
lasso,Lasso,0.8969461334112794,0.9491958665014482,0.05191923206042673,0.13598038412785274,0.01974678758212366,{'alpha': 0.005}
cb,CatBoostRegressor,0.8778249082901577,0.9413583294678728,0.06155263405887094,0.146543991705256,0.021340800883111764,"{'depth': 8, 'l2_leaf_reg': 1, 'learning_rate': 0.05}"
rf,RandomForestRegressor,0.8735257000491248,0.9386927807754516,0.06371860412608932,0.15924346116660248,0.02323184164535344,"{'max_depth': 30, 'n_estimators': 1000}"
