model,class_name,r2,corr,mse,mae,mape,params
gb,GradientBoostingRegressor,0.7593961348390632,0.8936029447846756,0.021084417072701925,0.08893553202431591,1.5021386076987011,"{'learning_rate': 0.01, 'max_depth': 4}"
ridge,Ridge,0.4363051361984528,0.6606490359033186,0.049397284628748116,0.13129010735412536,2.4044826644908417,{'alpha': 1}
linear,LinearRegression,0.4339048684952297,0.65912643280956,0.04960762308406362,0.13151448918593664,2.440165314807464,{}
lasso,Lasso,0.3965737976502255,0.6397615023193088,0.052878991426131484,0.1389229533527576,2.028533161566119,{'alpha': 0.005}
