model,class_name,r2,corr,mse,mae,mape,params
gb,GradientBoostingRegressor,0.9501539015933007,0.9752524423021767,0.025112800093301357,0.09459018219581738,0.013736081167259821,"{'learning_rate': 0.005, 'max_depth': 5}"
linear,LinearRegression,0.9088437129534542,0.9552770308485667,0.04592515135627615,0.1282502609616285,0.01862096425407765,{}
ridge,Ridge,0.9087012279477964,0.9551780972559926,0.04599693626177034,0.1275635992228445,0.018491292704769312,{'alpha': 0.005}
lasso,Lasso,0.896694763613937,0.9490716636013495,0.052045873857316204,0.1361239931585917,0.019769128168057985,{'alpha': 0.005}
cb,CatBoostRegressor,0.8771610567084666,0.9408667447025477,0.06188708695680107,0.14969296493864584,0.021808255925694624,"{'depth': 6, 'l2_leaf_reg': 1, 'learning_rate': 0.01}"
rf,RandomForestRegressor,0.8736583750063281,0.9388908857270736,0.06365176158907765,0.15877787374302993,0.0231583809802757,"{'max_depth': 50, 'n_estimators': 200}"
