model,class_name,r2,corr,mse,mae,mape,params
gb,GradientBoostingRegressor,0.9576871704145064,0.9789388437602805,0.021317488524229544,0.08915286564991913,0.012906608929706171,"{'learning_rate': 0.01, 'max_depth': 4}"
ridge,Ridge,0.9019519168917727,0.9520004082243811,0.04939728462874809,0.1312901073541253,0.019041883954608204,{'alpha': 1}
linear,LinearRegression,0.9015344185920062,0.9518208559881013,0.049607623084042665,0.13151448918594383,0.019082555055611117,{}
lasso,Lasso,0.8950508960677616,0.9483420071047851,0.052874065398610885,0.13891300836529832,0.020165369147855192,{'alpha': 0.005}
cb,CatBoostRegressor,0.8795736274116106,0.9422977354049742,0.06067161758777078,0.1446113700687912,0.021005574823249468,"{'depth': 6, 'l2_leaf_reg': 7, 'learning_rate': 0.05}"
rf,RandomForestRegressor,0.8704442780138192,0.9376930832024846,0.06527104530101029,0.15870607745178855,0.02308226427502072,"{'max_depth': 30, 'n_estimators': 1000}"
