model,class_name,r2,corr,mse,mae,mape,params
gb,GradientBoostingRegressor,0.9581497911682844,0.9791827050225708,0.021084417072701925,0.08893553202431594,0.012873963442948578,"{'learning_rate': 0.01, 'max_depth': 4}"
ridge,Ridge,0.9019519168917726,0.9520004082243811,0.04939728462874812,0.13129010735412533,0.01904188395460821,{'alpha': 1}
linear,LinearRegression,0.9015344185919647,0.9518208559881108,0.04960762308406362,0.13151448918593664,0.01908255505561226,{}
lasso,Lasso,0.8950411184542881,0.9483374857740748,0.052878991426131484,0.1389229533527576,0.020166818614364666,{'alpha': 0.005}
