model,r2,rmse,mae,mape,class_name,params
ridge,0.7461781979470564,0.00029936262148271947,0.011364578883712945,0.12353583176391067,Ridge,{'alpha': 1000}
gb,0.7189335281207545,0.00033149554195947053,0.011874749544857767,0.12532076374532516,GradientBoostingRegressor,"{'learning_rate': 0.01, 'max_depth': 4}"
lasso,0.6914070998690398,0.00036396077408232215,0.012448053786466183,0.12936834519773271,Lasso,{'alpha': 0.005}
linear,0.48721949784261387,0.0006047838055260555,0.01863984369871247,0.19566885311789445,LinearRegression,{}
eng,0.25923577054280555,0.0008736724735122521,0.01880210831131136,0.19414355343031642,Calculation,
