model,class_name,r2_mean,mse_mean,mae_mean,mape_mean,params,r2_sd,mse_sd,mae_sd,mape_sd
cb,CatBoostRegressor,0.8205876175909739,0.00014220348949294312,0.008554608415395347,0.09372699317922445,"{'depth': 6, 'l2_leaf_reg': 7, 'learning_rate': 0.05}",0.03384082739761804,2.593794151971833e-05,0.00047589573879994385,0.0056095128749227546
gb,GradientBoostingRegressor,0.818860559856161,0.0001432184688179734,0.008571569294668816,0.09399388022534212,"{'learning_rate': 0.005, 'max_depth': 6}",0.03420101858156687,2.3555635244326905e-05,0.000490194153660511,0.0058813031959933345
rf,RandomForestRegressor,0.8183136868744824,0.00014411381984468527,0.008593481899678635,0.09397689988780032,"{'max_depth': 10, 'n_estimators': 700}",0.03230820488712722,2.5064377227282132e-05,0.0004708668947063424,0.005432607714818378
ridge,Ridge,0.7808480292668996,0.0001731442880606785,0.009584474490107606,0.10615066250218942,{'alpha': 10},0.040732450355785405,2.5988263223255546e-05,0.0004916329926409856,0.00673139227888375
linear,LinearRegression,0.7785569451204073,0.00017495559209038277,0.009589536371318885,0.1059630431132356,{},0.0402895892975092,2.5463411925830766e-05,0.0004647993087324987,0.006493116298768874
lasso,Lasso,0.7270746924461909,0.0002170953224450218,0.010892377924274733,0.12390269264695096,{'alpha': 0.005},0.03218332299351473,2.861398202758128e-05,0.0006328658764947309,0.010752382768497331
