model,class_name,r2_mean,rmse_mean,mae_mean,mape_mean,params,r2_sd,rmse_sd,mae_sd,mape_sd
gb,GradientBoostingRegressor,0.6972873648174295,0.0020780744167575274,0.011297704241139937,0.10701798486420262,"{'learning_rate': 0.005, 'max_depth': 6}",0.2138873539601581,0.005576930976163265,0.0038693355993743017,0.011294219153917137
ridge,Ridge,0.6749959804276167,0.002146580659953843,0.01192139863301069,0.11507043379718217,{'alpha': 1000},0.21740033451536458,0.005715976571830104,0.003879331294678409,0.010678647828857918
lasso,Lasso,0.6382653031815171,0.0022194077278754124,0.012884573808133733,0.12541017397635987,{'alpha': 0.005},0.21342189849279586,0.0058260062733877654,0.00397167228646294,0.011517804612814101
linear,LinearRegression,0.6336492809395194,0.0021067866569793015,0.013231641346532574,0.12916984569159845,{},0.19028939971198294,0.005467815161735015,0.0034811757588206664,0.015475383444144253
