model,r2,rmse,mae,mape,class_name,params
gb,0.796209177206442,0.00024035506190628412,0.01105489508230854,0.11299535268230451,GradientBoostingRegressor,"{'learning_rate': 0.005, 'max_depth': 6}"
ridge,0.7288255037350067,0.0003198287437271108,0.011518019627328865,0.12174355466981661,Ridge,{'alpha': 1000}
lasso,0.6906368689533713,0.00036486920016785384,0.012346272352374597,0.12731086606792358,Lasso,{'alpha': 0.005}
eng,0.25923577054280555,0.0008736724735122521,0.01880210831131136,0.19414355343031642,Calculation,
linear,-0.6853319357789758,0.00198771493340081,0.03172380870818855,0.3042543334262408,LinearRegression,{}
