model,r2,rmse,mae,mape,class_name,params
gb,0.9551712588938432,39895.89979932395,130.7858144420157,0.1154852423787635,GradientBoostingRegressor,"{'learning_rate': 0.005, 'max_depth': 6}"
ridge,0.9448611365115741,49071.52238724633,142.9272090878045,0.12301560154675345,Ridge,{'alpha': 1000}
lasso,0.9435102510298515,50273.75984672657,150.9793692225542,0.12753114712392116,Lasso,{'alpha': 0.005}
eng,0.6999647155290702,267020.16050747165,245.82138729567131,0.19524065961190543,Calculation,
linear,0.5525112788021238,398248.1939423937,397.5518448513892,0.30760986211366576,LinearRegression,{}
