,report_fe,cal_fc
count,2700.0,2700.0
mean,0.09507253703703704,1618.063916920894
std,0.030283628732678473,1160.6530424041055
