model,r2,mse,mae,mape,class_name,params
cb,0.791311486027481,0.00022886408596930625,0.009759762307077703,0.10612500372461207,CatBoostRegressor,"{'depth': 6, 'l2_leaf_reg': 7, 'learning_rate': 0.05}"
gb,0.7729733781875813,0.0002489750839791819,0.00990403042109747,0.10659278309825629,GradientBoostingRegressor,"{'learning_rate': 0.005, 'max_depth': 6}"
rf,0.7666316725467897,0.00025592989254692754,0.01002300013846067,0.10748804835451098,RandomForestRegressor,"{'max_depth': 10, 'n_estimators': 700}"
ridge,0.7520658598770896,0.0002719038977261968,0.010889789601778629,0.11984701796153142,Ridge,{'alpha': 10}
linear,0.752056139791869,0.0002719145575290639,0.010913699735947115,0.119782353846925,LinearRegression,{}
lasso,0.6687369296861947,0.00036328889577860843,0.012657811808664975,0.1397165325490084,Lasso,{'alpha': 0.005}
eng,0.2970275844129021,0.0007709343283558124,0.01778326389811065,0.19479249822962563,Calculation,
