model,r2,mse,mae,mape,class_name,params
cb,0.9564696494774201,38740.38083214839,130.3725799983555,0.11668422552460661,CatBoostRegressor,"{'depth': 6, 'l2_leaf_reg': 1, 'learning_rate': 0.01}"
gb,0.9551992239628789,39871.011935765884,130.09872465740392,0.11518863997572008,GradientBoostingRegressor,"{'learning_rate': 0.005, 'max_depth': 5}"
rf,0.9539835638439372,40952.90388942312,132.0057654417365,0.11935439642008905,RandomForestRegressor,"{'max_depth': 10, 'n_estimators': 1000}"
ridge,0.9448611365115741,49071.52238724632,142.92720908780447,0.12301560154675342,Ridge,{'alpha': 1000}
lasso,0.9435114253569561,50272.71473960692,150.97738995186896,0.1275278481726299,Lasso,{'alpha': 0.005}
eng,0.6999647155290702,267020.16050747165,245.82138729567131,0.19524065961190543,Calculation,
linear,0.5525112788019912,398248.1939425117,397.55184485144724,0.3076098621137023,LinearRegression,{}
