model,class_name,r2_mean,rmse_mean,mae_mean,mape_mean,params,r2_sd,rmse_sd,mae_sd,mape_sd
gb,GradientBoostingRegressor,0.7086489719199366,0.0019586115973728993,0.0110354164598625,0.10521805029785354,"{'learning_rate': 0.01, 'max_depth': 4}",0.19720563719093787,0.0052506386962923885,0.003787196219279723,0.012320440585278812
ridge,Ridge,0.6846518720945729,0.0021092705995728782,0.011804248257785505,0.11389160829904559,{'alpha': 1000},0.21412241460744605,0.005632124958213252,0.0037469949890734317,0.011414919860148207
lasso,Lasso,0.6404499833839365,0.002220899713574953,0.0128595993764495,0.1258228421690096,{'alpha': 0.005},0.2146703990462539,0.005837780297206352,0.003951380555137203,0.011652015387059584
linear,LinearRegression,0.6141139842470358,0.002106472870697568,0.01368665917021849,0.13548587748146126,{},0.18386383199928824,0.0054154798290323184,0.0032492253397203566,0.014889972123610724
