model,r2,rmse,mae,mape,class_name,params
lasso,0.9425545086159532,51124.334782314385,152.62424778507923,0.12936411627803185,Lasso,{'alpha': 0.005}
gb,0.9398271860907941,53551.549633753595,143.403999710062,0.12956365981517878,GradientBoostingRegressor,"{'learning_rate': 0.01, 'max_depth': 4}"
ridge,0.9386435536282344,54604.93817334448,142.2818149233891,0.12542754594341463,Ridge,{'alpha': 1000}
linear,0.8394599907847732,142874.59258037445,240.38872325437129,0.19941268074359,LinearRegression,{}
eng,0.6999647155290702,267020.16050747165,245.82138729567131,0.19524065961190543,Calculation,
