model,class_name,r2_mean,mse_mean,mae_mean,mape_mean,params,r2_sd,mse_sd,mae_sd,mape_sd
cb,CatBoostRegressor,0.7201089078125612,0.0019897374851117976,0.010877898358249918,0.10138835821524061,"{'depth': 6, 'l2_leaf_reg': 1, 'learning_rate': 0.01}",0.20926789528309914,0.0053962274431474935,0.0037385946448139622,0.009229614097410885
gb,GradientBoostingRegressor,0.6959995008292513,0.002076852954091944,0.011303190590599834,0.10723917858512404,"{'learning_rate': 0.005, 'max_depth': 5}",0.213399987638327,0.005569444789384048,0.0038439831758646102,0.011517611122833598
ridge,Ridge,0.6749959804276167,0.002146580659953843,0.01192139863301069,0.11507043379718218,{'alpha': 1000},0.21740033451536458,0.005715976571830104,0.0038793312946784095,0.01067864782885791
lasso,Lasso,0.6382569582853493,0.0022194098948538133,0.012884809469109249,0.12541336997027427,{'alpha': 0.005},0.2134193489796946,0.005825984489611537,0.003971487584642319,0.011519945601336776
linear,LinearRegression,0.6336492809395214,0.0021067866569793054,0.01323164134653265,0.1291698456915994,{},0.19028939971198672,0.005467815161735038,0.0034811757588206543,0.015475383444145275
rf,RandomForestRegressor,0.4921566439458169,0.0022328475274430567,0.011111996994087716,0.10052628894892739,"{'max_depth': 10, 'n_estimators': 1000}",0.759609983576755,0.005213415230200462,0.0039737729710707425,0.009995417496768627
