model,r2,mse,mae,mape,class_name,params
gb,0.9393742848365955,53954.614779252755,139.42928572246694,0.12949631855587157,GradientBoostingRegressor,"{'learning_rate': 0.01, 'max_depth': 3}"
linear,0.9385283962471084,54707.42392746533,153.97417979062476,0.16170588374852216,LinearRegression,{}
ridge,0.9384345074954257,54790.98139834204,153.97981280337254,0.16178187321713683,Ridge,{'alpha': 0.01}
lasso,0.9368136459638527,56233.48742587202,154.19442760069558,0.16299922727051103,Lasso,{'alpha': 0.005}
eng,0.6999647155290702,267020.16050747165,245.82138729567131,0.19524065961190543,Calculation,
