model,r2,mse,mae,mape,class_name,params
gb,0.8012747730678035,0.00023438059460613922,0.010941420332927844,0.11257174099501925,GradientBoostingRegressor,"{'learning_rate': 0.005, 'max_depth': 5}"
ridge,0.7288255037350067,0.0003198287437271108,0.011518019627328863,0.12174355466981661,Ridge,{'alpha': 1000}
lasso,0.6906379434418881,0.00036486793289413434,0.012346194885060209,0.12730690946529719,Lasso,{'alpha': 0.005}
rf,0.3086954929139083,0.000815338665986402,0.01187029443634289,0.117673018667471,RandomForestRegressor,"{'max_depth': 10, 'n_estimators': 1000}"
eng,0.25923577054280555,0.0008736724735122521,0.01880210831131136,0.19414355343031642,Calculation,
cb,-0.4637380386075345,0.0017263625616767378,0.012061828702129133,0.11453444717648793,CatBoostRegressor,"{'depth': 6, 'l2_leaf_reg': 1, 'learning_rate': 0.01}"
linear,-0.685331935779433,0.0019877149334013495,0.031723808708192566,0.3042543334262777,LinearRegression,{}
