model,r2,mse,mae,mape,class_name,params
cb,0.949604732543898,61590.332041037145,160.0103612806177,0.11112511137544685,CatBoostRegressor,"{'depth': 6, 'l2_leaf_reg': 7, 'learning_rate': 0.05}"
gb,0.9473656482313835,64326.818088973516,162.408055918641,0.11124788306579868,GradientBoostingRegressor,"{'learning_rate': 0.005, 'max_depth': 6}"
rf,0.947093811977727,64659.04144978957,162.4325586572831,0.11248104320166215,RandomForestRegressor,"{'max_depth': 10, 'n_estimators': 700}"
ridge,0.9351963513772451,79199.46529945235,179.147669207652,0.12296828553296527,Ridge,{'alpha': 10}
linear,0.9347450074491733,79751.0730951419,178.7849947871515,0.12278353366958254,LinearRegression,{}
lasso,0.9192112166123669,98735.62033121542,208.83886072026593,0.14332001657171803,Lasso,{'alpha': 0.005}
eng,0.7487696876003727,307039.9095102525,298.62183992921825,0.19849663134896128,Calculation,
