model,class_name,r2_mean,mse_mean,mae_mean,mape_mean,params,r2_sd,mse_sd,mae_sd,mape_sd
gb,GradientBoostingRegressor,0.9477334582692578,41216.80885455602,130.91120050072993,0.12121708095586474,"{'learning_rate': 0.01, 'max_depth': 3}",0.018880760910456117,11871.037303896404,14.519187399041977,0.01747650390267483
lasso,Lasso,0.9402291809159251,46722.420023913655,141.60973482465343,0.13876597612949543,{'alpha': 0.005},0.02154929856912716,13475.635904444445,12.587129068396393,0.023747441088177428
ridge,Ridge,0.9399461885146987,46852.34439927038,141.9725211223284,0.1385402034548832,{'alpha': 0.01},0.021974026227797466,13317.418172736943,12.697966272010357,0.023329620215880677
linear,LinearRegression,0.9398955898224597,46880.77269560567,142.0153737940662,0.1385256020375215,{},0.02204499103615179,13313.047225624985,12.70813968834574,0.02329487112738985
