model,r2,corr,mse,mae,mape,class_name,params
ridge,0.9565546268679996,0.9791991812222341,0.02380626242038593,0.10734214655339301,0.016067391516611376,Ridge,{'alpha': 1}
lasso,0.9564244476001778,0.9788431104243863,0.023877595259490507,0.10704980542724009,0.016032282467000666,Lasso,{'alpha': 0.005}
linear,0.9560721235872901,0.9790349760389142,0.02407065420462427,0.10789433836942926,0.016146980320957436,LinearRegression,{}
gb,0.9538723636648213,0.9775641311571284,0.025276031399038702,0.10992028532321037,0.016583331246286987,GradientBoostingRegressor,"{'learning_rate': 0.01, 'max_depth': 6}"
eng,0.8258874182382063,0.927103826486711,0.0877190913486793,0.20067751470272488,0.029284960851771392,,
