model,class_name,r2,corr,mse,mae,mape,params
gb,GradientBoostingRegressor,0.991290418619317,0.9956641743376357,0.004387945759061375,0.048091406207560326,0.007131918650665303,"{'learning_rate': 0.01, 'max_depth': 6}"
ridge,Ridge,0.966679743779438,0.9831989408599588,0.01678696949753831,0.09689369376841964,0.0143169184183107,{'alpha': 1}
linear,LinearRegression,0.9666581891322628,0.9831887743945874,0.01679782887395687,0.09711375408774067,0.014351431040730188,{}
lasso,Lasso,0.9660602999644167,0.982931346666264,0.017099049463531645,0.09901442408115724,0.01462470109963198,{'alpha': 0.005}
