model,mae,te,mse,mape,r2,class_name,params
gb,117.11487634283941,-6815.939447754512,33716.91560063192,0.14293682722831189,0.9324719079663373,GradientBoostingRegressor,"{'learning_rate': 0.01, 'max_depth': 5}"
ridge,118.51305186580676,-6907.38615575173,52911.74436905076,0.1355917619516174,0.8940285883282892,Ridge,{'alpha': 1}
linear,120.16715368824717,-6704.956999892477,56508.795026270964,0.13603130752677794,0.8868244309045312,LinearRegression,{}
lasso,120.73602280609622,-4550.569594135063,48309.68440840991,0.14249824618619694,0.90324557401724,Lasso,{'alpha': 0.005}
cb,121.83860790311763,-4300.774057926197,36125.79608929903,0.1540549559663226,0.9276474125924556,CatBoostRegressor,"{'learning_rate': 0.05, 'depth': 6, 'l2_leaf_reg': 1}"
rf,136.71420423713266,-8336.901427977598,52330.60715692294,0.169496500621815,0.8951924874111584,RandomForestRegressor,"{'max_depth': 30, 'n_estimators': 1000}"
eng,228.79890479430762,-21900.043939777384,135541.25632828352,0.26768285455444246,0.728538560878236,Calculation,
