model,mae,te,mse,mape,r2,class_name,params
cb,103.53589104846579,-2966.898031461415,31860.325491318566,0.11025043722236705,0.9412150542814369,CatBoostRegressor,"{'learning_rate': 0.01, 'depth': 6, 'l2_leaf_reg': 1}"
lasso,104.05326545641661,-6488.610865809498,28681.631354053607,0.10738938109171882,0.947080008874131,Lasso,{'alpha': 0.005}
linear,104.41919852393924,-9155.656746399272,28149.933931672876,0.10594020401945081,0.9480610347623275,LinearRegression,{}
ridge,104.41922822141443,-9155.780959123693,28150.20522167875,0.10594016133841047,0.948060534209743,Ridge,{'alpha': 0.005}
gb,107.68548255065764,-474.88700544835115,30963.901346429022,0.12076978141673576,0.9428690312539101,GradientBoostingRegressor,"{'learning_rate': 0.01, 'max_depth': 4}"
rf,108.02102575561385,738.5292389881729,31953.41847995249,0.11690206358934839,0.94104328998841,RandomForestRegressor,"{'max_depth': 30, 'n_estimators': 1000}"
eng,480.193513435017,128474.15440280654,1751560.2482304305,0.40455814635187026,-2.2317740803707453,Calculation,
