model,class_name,mae,te,mse,mape,r2,params
gb,GradientBoostingRegressor,0.02056601174506406,-1.561055122355166,0.011313725716113504,0.1674166173910934,0.08118835306342098,"{'learning_rate': 0.005, 'max_depth': 5}"
linear,LinearRegression,0.020584271685058372,-1.8719795991451225,0.0114030447465968,0.16350723387132063,0.07393456526969255,{}
lasso,Lasso,0.022161251606594285,-1.5031194768813088,0.011692303454326888,0.18867856828974292,0.050443252477682554,{'alpha': 0.005}
ridge,Ridge,0.020602196677766745,-1.8674431675074283,0.01141075121234294,0.16373904549491183,0.07330870685117108,{'alpha': 10}
rf,RandomForestRegressor,0.020708864542316446,-1.6216369459614983,0.011175352855960968,0.16301498097387424,0.09242590634323922,"{'max_depth': 10, 'n_estimators': 1000}"
cb,CatBoostRegressor,0.02138775969916087,-1.4717798113083747,0.011547157354071455,0.18014576354078574,0.06223087494339041,"{'learning_rate': 0.01, 'depth': 8, 'l2_leaf_reg': 1}"
