model,class_name,mae,te,mse,mape,r2,params
gb,GradientBoostingRegressor,0.01664410548995617,2.60175767065644,0.0005640654040979504,0.13446587723582945,0.5114291472096526,"{'learning_rate': 0.005, 'max_depth': 6}"
linear,LinearRegression,0.016260848111341493,1.7705039040987738,0.000536675070146784,0.13261063460387926,0.535153557037861,{}
lasso,Lasso,0.014307952998036918,-1.7078228693424715,0.0003605900447487652,0.1134660474168347,0.6876713508917469,{'alpha': 0.005}
ridge,Ridge,0.013809439294001677,0.841482499461439,0.00032771054809307813,0.11498178185078994,0.7161502535219761,{'alpha': 1000}
rf,RandomForestRegressor,0.013737862535619262,1.2380766453804188,0.00034287517333951584,0.11296056020106499,0.7030152627300014,"{'max_depth': 10, 'n_estimators': 200}"
cb,CatBoostRegressor,0.013493055348451645,1.3547810043747437,0.00032943171242489705,0.11241204417227345,0.7146594499391294,"{'learning_rate': 0.01, 'depth': 10, 'l2_leaf_reg': 1}"
