model,class_name,mae,te,mse,mape,r2,params
gb,GradientBoostingRegressor,0.009446928853419806,0.12185907201421863,0.0002894058582192287,0.1061559879523475,0.6399464258736298,"{'learning_rate': 0.005, 'max_depth': 6}"
linear,LinearRegression,0.010394761943425554,-0.04196663287825643,0.00020981102430777038,0.11769678829848072,0.7389713889761607,{}
lasso,Lasso,0.011493820116693863,-0.0913287910425343,0.00026255136106579296,0.12378314999595096,0.6733564533725775,{'alpha': 0.005}
ridge,Ridge,0.009911606931004227,0.14229441296670903,0.00019512538134721012,0.11119496672234032,0.7572419874665618,{'alpha': 1000}
rf,RandomForestRegressor,0.010907772813573519,0.37488147838197483,0.0009495652741936306,0.11715813356071862,-0.18136644829322668,"{'max_depth': 50, 'n_estimators': 700}"
cb,CatBoostRegressor,0.009710069887714903,-0.0954299110488354,0.0003064906222287355,0.10714029572946777,0.6186910498332847,"{'learning_rate': 0.05, 'depth': 8, 'l2_leaf_reg': 15}"
