model,mae,te,mse,mape,r2,class_name,params
linear,111.5019497698938,-2160.5862616810327,32303.528274302007,0.1220995750721651,0.9403973083501502,LinearRegression,{}
ridge,113.22136192836277,544.6793386260126,32113.728379939836,0.1259160947756639,0.9407475049132866,Ridge,{'alpha': 1}
lasso,134.64870583624042,15961.886178884703,46823.55272751637,0.15673337537814686,0.9136066577164335,Lasso,{'alpha': 0.005}
cb,145.5300128135608,16941.71239409342,76930.42521033752,0.1559575066466457,0.8580569783780791,CatBoostRegressor,"{'learning_rate': 0.05, 'depth': 6, 'l2_leaf_reg': 7}"
gb,166.94771524474726,23673.881721314385,95198.24268799981,0.1780148321397318,0.8243513384556745,GradientBoostingRegressor,"{'learning_rate': 0.01, 'max_depth': 6}"
rf,187.87639859095427,22936.411147779407,108795.28171698435,0.20379084074242837,0.7992636725600504,RandomForestRegressor,"{'max_depth': 30, 'n_estimators': 700}"
eng,480.193513435017,128474.15440280654,1751560.2482304305,0.40455814635187026,-2.2317740803707453,Calculation,
