model,class_name,mae,te,mse,mape,r2,params
gb,GradientBoostingRegressor,0.007784407819828808,0.944645469975278,0.00011822434726076062,0.09976752584539758,0.5407836702782456,"{'learning_rate': 0.005, 'max_depth': 6}"
linear,LinearRegression,0.01035720751624366,1.5125231892344178,0.00019128807348047264,0.1396748353007811,0.2569837849939781,{}
lasso,Lasso,0.010692687262100665,1.9659681630879793,0.00017130642979462142,0.1461299391120737,0.33459806063033015,{'alpha': 0.005}
ridge,Ridge,0.00875139459180223,0.9180167915345718,0.00012641718993182966,0.11599945002298838,0.5089603849011834,{'alpha': 1000}
rf,RandomForestRegressor,0.007252002025028406,0.833197095868085,9.516603314620594e-05,0.09361130012604237,0.6303485917398302,"{'max_depth': 30, 'n_estimators': 700}"
cb,CatBoostRegressor,0.0072362129829102425,0.9236600297392789,8.677470588285125e-05,0.09581072521364108,0.6629428466175715,"{'learning_rate': 0.01, 'depth': 10, 'l2_leaf_reg': 1}"
