model,mae,te,mse,mape,r2,class_name,params
cb,89.5360962209262,-1613.166301302656,22373.097408422876,0.1023309942604224,0.9587197777665946,CatBoostRegressor,"{'learning_rate': 0.05, 'depth': 6, 'l2_leaf_reg': 7}"
linear,97.0167645521391,-2238.5481194616536,23992.522112685834,0.104162825539209,0.9557318047353291,LinearRegression,{}
ridge,97.10541702261064,-2279.5579797113587,24122.856899127935,0.10407148547519335,0.9554913262333651,Ridge,{'alpha': 0.1}
lasso,98.05312339724793,-1719.3798682756378,25047.388272751665,0.10551108005709219,0.9537854890902892,Lasso,{'alpha': 0.005}
rf,103.63528368591044,2863.2311812491994,31250.370462136074,0.11492501917848143,0.9423404719514802,RandomForestRegressor,"{'max_depth': 30, 'n_estimators': 1000}"
gb,105.07213594614977,-887.0229523140625,30444.897692264112,0.12798345686409537,0.9438266360858549,GradientBoostingRegressor,"{'learning_rate': 0.05, 'max_depth': 3}"
eng,480.193513435017,128474.15440280654,1751560.2482304305,0.40455814635187026,-2.2317740803707453,Calculation,
