model,class_name,mae,te,mse,mape,r2,params
gb,GradientBoostingRegressor,0.021904947830559105,-1.3815340104075675,0.011419531957194369,0.18572499917563934,0.07259560394937625,"{'learning_rate': 0.005, 'max_depth': 5}"
linear,LinearRegression,0.021261266539163614,-2.1869803720145415,0.011448468993995898,0.16496053688558815,0.07024556585333075,{}
lasso,Lasso,0.022058684154042652,-1.4459326180203103,0.011629535604215157,0.1880054387667734,0.055540762633306096,{'alpha': 0.005}
ridge,Ridge,0.02126140602550051,-2.1504835008593517,0.011459918458771796,0.16537405112671735,0.06931573054962503,{'alpha': 10}
rf,RandomForestRegressor,0.021300046411784564,-1.4932844318699472,0.011327945063320693,0.17126108374564256,0.0800335697361928,"{'max_depth': 10, 'n_estimators': 1000}"
cb,CatBoostRegressor,0.021814775056538605,-1.4160289894670497,0.011228828027898602,0.1885758272145185,0.08808307427968165,"{'learning_rate': 0.05, 'depth': 6, 'l2_leaf_reg': 15}"
