model,class_name,mae,te,mse,mape,r2,params
gb,GradientBoostingRegressor,0.008962020710636096,-0.04724717247116217,0.0001774170641801734,0.10173448438325548,0.779273134061131,"{'learning_rate': 0.005, 'max_depth': 6}"
linear,LinearRegression,0.010594679779084551,-0.47116782952888947,0.00021712195219843577,0.11955929887432261,0.7298757689586135,{}
lasso,Lasso,0.011480355112919583,-0.10455758252769401,0.0002617826824242417,0.12354050935545559,0.6743127764198998,{'alpha': 0.005}
ridge,Ridge,0.010036426657223681,-0.0942530401590794,0.0002035569658618229,0.1120277424303816,0.7467521440379772,{'alpha': 1000}
rf,RandomForestRegressor,0.010217941644316317,0.12843260529933204,0.0005952218810632109,0.11327683350738177,0.2594767535331425,"{'max_depth': 10, 'n_estimators': 700}"
cb,CatBoostRegressor,0.009149112841895525,-0.11987240591268183,0.0001817253924382391,0.10379632239577634,0.7739130871105571,"{'learning_rate': 0.01, 'depth': 8, 'l2_leaf_reg': 1}"
