model,mae,te,mse,mape,r2,class_name,params
cb,128.20977196067125,-3572.819927999075,39867.518381240945,0.11633790365229753,0.9298517488814634,CatBoostRegressor,"{'learning_rate': 0.05, 'depth': 6, 'l2_leaf_reg': 7}"
gb,134.26983835559798,-4048.1138702425346,40331.49620792878,0.11973979875584963,0.9290353641547119,GradientBoostingRegressor,"{'learning_rate': 0.05, 'max_depth': 3}"
rf,138.68787568992454,-748.1242271537408,46356.3058367389,0.11960664333698118,0.9184345072179527,RandomForestRegressor,"{'max_depth': 30, 'n_estimators': 1000}"
ridge,140.10968739637212,4137.963002226723,46236.21470579203,0.12696407971681142,0.9186458116370092,Ridge,{'alpha': 0.005}
linear,140.10983849119563,4138.210761117609,46236.42568943285,0.12696407479058303,0.9186454404041354,LinearRegression,{}
lasso,141.21549520396292,3288.9987462344507,46708.71751153202,0.1271925506107977,0.9178144269204009,Lasso,{'alpha': 0.005}
eng,501.8676891331509,103612.6042334548,1339585.4509771145,0.37663947265286646,-1.3570460471423935,Calculation,
