model,mae,te,mse,mape,r2,class_name,params
linear,171.14441738588036,-9616.727669818945,69068.87725935181,0.11024553004947377,0.9540042436459302,LinearRegression,{}
ridge,173.31118862796032,-11449.071500623999,72305.72700699358,0.11047496455492711,0.9518486946019198,Ridge,{'alpha': 10}
lasso,182.33143920302564,-19985.67015314175,83536.19216597409,0.11138953568015461,0.9443698740434837,Lasso,{'alpha': 0.005}
gb,202.4697632669343,1751.5777611790354,103134.22944462363,0.12634338120832503,0.9313187490874213,GradientBoostingRegressor,"{'learning_rate': 0.05, 'max_depth': 3}"
cb,208.22499248358878,358.57987908056566,151897.20049864508,0.12457157761258335,0.8988455162117899,CatBoostRegressor,"{'learning_rate': 0.05, 'depth': 6, 'l2_leaf_reg': 1}"
rf,211.7137489730995,-17497.553108714535,173171.81012853468,0.12384609108587084,0.8846778939788419,RandomForestRegressor,"{'max_depth': 10, 'n_estimators': 1000}"
eng,310.819081961299,-36484.38547335662,205986.92553401043,0.19245713276919676,0.862824982612506,Calculation,
