model,mae,te,mse,mape,r2,class_name,params
cb,146.06115837278568,-15319.63355384339,69549.05423721939,0.17397558830565155,0.8607074564288696,CatBoostRegressor,"{'learning_rate': 0.05, 'depth': 6, 'l2_leaf_reg': 1}"
linear,146.282418569551,-14184.381825308757,63286.308681693714,0.16223709561185776,0.873250456010036,LinearRegression,{}
ridge,146.31289602326595,-14310.35462733615,63432.527908681295,0.1622709231623659,0.8729576087776835,Ridge,{'alpha': 0.1}
rf,157.74097297312494,-21145.356674586732,76254.12043318262,0.1764056858905563,0.8472785789913284,RandomForestRegressor,"{'max_depth': 30, 'n_estimators': 1000}"
gb,162.13703357505923,-22138.102176907203,81123.4283296052,0.18546475346534616,0.8375263502980341,GradientBoostingRegressor,"{'learning_rate': 0.01, 'max_depth': 6}"
lasso,166.33160483782078,-24810.708956923452,85229.82771360608,0.1703594613267528,0.8293020714578726,Lasso,{'alpha': 0.005}
eng,228.79890479430762,-21900.043939777384,135541.25632828352,0.26768285455444246,0.728538560878236,Calculation,
