model,class_name,mae,te,mse,mape,r2,params
gb,GradientBoostingRegressor,0.0093225833308138,0.6382592984597878,0.0001780805860574155,0.1181911873978387,0.3082853488409336,"{'learning_rate': 0.005, 'max_depth': 4}"
linear,LinearRegression,0.010170358897267513,-0.6117455747913649,0.00016543941308149775,0.1310412060457868,0.357387189467509,{}
lasso,Lasso,0.009816344097441707,1.5369931477440777,0.00015090295130423012,0.13249007102457103,0.4138508602693778,{'alpha': 0.005}
ridge,Ridge,0.009616544199798535,-0.5424987290727585,0.00014911564056799674,0.12366660503368983,0.42079327353180895,{'alpha': 100}
rf,RandomForestRegressor,0.008488396849983502,0.6812000945257549,0.00016335744911975879,0.10954871551566636,0.3654741180171247,"{'max_depth': 10, 'n_estimators': 200}"
cb,CatBoostRegressor,0.00811251237048728,0.5109389691204795,0.00011156570734222866,0.10376854937214107,0.5666476843766504,"{'learning_rate': 0.01, 'depth': 8, 'l2_leaf_reg': 1}"
