model,mae,te,mse,mape,r2,class_name,params
cb,126.44824468870225,-1167.1220037971912,48886.51995369557,0.15954705518397555,0.9020902902940277,CatBoostRegressor,"{'learning_rate': 0.05, 'depth': 6, 'l2_leaf_reg': 7}"
gb,127.50032862854366,-866.5623475296488,44352.68581577454,0.15882896633375593,0.9111706336017398,GradientBoostingRegressor,"{'learning_rate': 0.05, 'max_depth': 3}"
linear,129.92006509111923,-2868.2898361348407,54064.811223821904,0.1591248393146772,0.8917192310426989,LinearRegression,{}
ridge,129.9202346283098,-2868.432829406959,54065.15136695794,0.15912502356208658,0.8917185498055042,Ridge,{'alpha': 0.005}
lasso,130.7436011387902,-3469.316049574645,54400.96706475402,0.160357128306615,0.8910459795853891,Lasso,{'alpha': 0.005}
rf,134.13999339877108,1053.1217950074242,45353.52977911892,0.17476721391494188,0.9091661476615494,RandomForestRegressor,"{'max_depth': 10, 'n_estimators': 700}"
eng,228.79890479430762,-21900.043939777384,135541.25632828352,0.26768285455444246,0.728538560878236,Calculation,
