model,mae,te,mse,mape,r2,class_name,params
ridge,158.14414243609704,1453.9179631314128,57002.69441719766,0.13874435002407334,0.8997018253262464,Ridge,{'alpha': 0.1}
linear,158.16903068650586,1236.7778593494577,57038.922461784685,0.13860205690886993,0.8996380808527399,LinearRegression,{}
gb,161.4085604414991,10898.993790056196,64831.36599186791,0.14093245457969814,0.8859270120987716,GradientBoostingRegressor,"{'learning_rate': 0.05, 'max_depth': 4}"
cb,166.44757784567122,13132.84506899578,75876.0051560759,0.14155270258942462,0.8664935947940957,CatBoostRegressor,"{'learning_rate': 0.05, 'depth': 6, 'l2_leaf_reg': 1}"
lasso,180.12185927123826,15323.111569844847,71700.6704996878,0.16550363460945164,0.8738402377724572,Lasso,{'alpha': 0.005}
rf,220.48171418412497,24000.126214447224,129438.84691848584,0.1823146054532991,0.7722479575652702,RandomForestRegressor,"{'max_depth': 30, 'n_estimators': 1000}"
eng,501.8676891331509,103612.6042334548,1339585.4509771145,0.37663947265286646,-1.3570460471423935,Calculation,
