model,class_name,mae,te,mse,mape,r2,params
gb,GradientBoostingRegressor,0.010082325283370943,0.1392414297807103,0.0002301016410435024,0.11248915514132156,0.7137275700642626,"{'learning_rate': 0.005, 'max_depth': 5}"
linear,LinearRegression,0.011575970498827741,0.3198763574425832,0.00025306734324966827,0.12993203095213113,0.6851556426937112,{}
lasso,Lasso,0.012620899742640038,0.3692060586775212,0.00031035236566964155,0.13518361845720145,0.6138866048340961,{'alpha': 0.005}
ridge,Ridge,0.011327543936837277,0.2629390517917221,0.0002489850927038378,0.12676812873405405,0.6902344234362634,{'alpha': 100}
rf,RandomForestRegressor,0.011670596501384753,0.4745157033434958,0.0007346614397239299,0.12662630513627782,0.08599819377170193,"{'max_depth': 10, 'n_estimators': 200}"
cb,CatBoostRegressor,0.010077726555171338,0.07968819776492511,0.00020802569511330134,0.11338420189863511,0.7411925401353532,"{'learning_rate': 0.01, 'depth': 8, 'l2_leaf_reg': 1}"
